timestamp,scenario,id,name,lat,lng,zone,slope_deg,altitude_m,rainfall_mm_hr,river_level_m,soil_saturation,historical_incident_density,population_exposure,registered_population,tourist_population,elderly_fraction,children_fraction
2025-07-15T06:00:00,normal,upstream_01,Glacier View Station,33.45,75.6,upstream,38,3200,2.72,0.68,0.0311,2.1,0.05,200,50,0.08,0.15
2025-07-15T06:00:00,normal,upstream_02,Pine Ridge Outpost,33.43,75.63,upstream,35,3050,2.53,0.67,0.0279,3.0,0.09,350,100,0.1,0.18
2025-07-15T06:00:00,normal,upstream_03,Eagle Cliff Village,33.41,75.58,upstream,42,3400,4.53,0.7,0.0,4.5,0.03,120,30,0.12,0.2
2025-07-15T06:00:00,normal,upstream_04,Snowmelt Creek Base,33.44,75.65,upstream,30,2900,2.07,0.58,0.0469,1.8,0.072,280,80,0.09,0.16
2025-07-15T06:00:00,normal,midvalley_01,Valley Temple Town,33.38,75.68,midvalley,22,2400,0,0.47,0.0555,5.2,0.46,1800,500,0.12,0.22
2025-07-15T06:00:00,normal,midvalley_02,Bridge Market Colony,33.36,75.71,midvalley,18,2200,0.47,0.47,0.1177,6.1,0.56,2500,300,0.14,0.2
2025-07-15T06:00:00,normal,midvalley_03,River Bend Settlement,33.37,75.66,midvalley,25,2300,0,0.49,0.1043,7.3,0.22,900,200,0.11,0.19
2025-07-15T06:00:00,normal,midvalley_04,Pilgrim Rest Camp,33.35,75.73,midvalley,15,2100,2.63,0.54,0.1044,3.8,0.52,600,2000,0.06,0.1
2025-07-15T06:00:00,normal,downstream_01,Riverside Colony,33.31,75.77,downstream,10,1800,1.97,0.57,0.1329,8.0,0.92,4200,400,0.15,0.25
2025-07-15T06:00:00,normal,downstream_02,Lower Falls Township,33.3,75.8,downstream,8,1700,0.55,0.48,0.1558,6.5,1.15,5500,250,0.16,0.24
2025-07-15T06:00:00,normal,downstream_03,Delta Market Village,33.29,75.75,downstream,12,1850,5.45,0.59,0.1561,5.0,0.63,3000,150,0.13,0.21
2025-07-15T06:00:00,normal,downstream_04,Flood Plain Hamlet,33.28,75.82,downstream,5,1600,3.39,0.59,0.1608,9.2,0.46,2200,100,0.18,0.23
2025-07-15T06:15:00,normal,upstream_01,Glacier View Station,33.45,75.6,upstream,38,3200,0,0.54,0.0139,2.1,0.05,200,50,0.08,0.15
2025-07-15T06:15:00,normal,upstream_02,Pine Ridge Outpost,33.43,75.63,upstream,35,3050,0.39,0.5,0.0239,3.0,0.09,350,100,0.1,0.18
2025-07-15T06:15:00,normal,upstream_03,Eagle Cliff Village,33.41,75.58,upstream,42,3400,0,0.48,0.0,4.5,0.03,120,30,0.12,0.2
2025-07-15T06:15:00,normal,upstream_04,Snowmelt Creek Base,33.44,75.65,upstream,30,2900,2.16,0.48,0.0634,1.8,0.072,280,80,0.09,0.16
2025-07-15T06:15:00,normal,midvalley_01,Valley Temple Town,33.38,75.68,midvalley,22,2400,0.69,0.49,0.0844,5.2,0.46,1800,500,0.12,0.22
2025-07-15T06:15:00,normal,midvalley_02,Bridge Market Colony,33.36,75.71,midvalley,18,2200,1.26,0.58,0.1344,6.1,0.56,2500,300,0.14,0.2
2025-07-15T06:15:00,normal,midvalley_03,River Bend Settlement,33.37,75.66,midvalley,25,2300,0,0.52,0.0688,7.3,0.22,900,200,0.11,0.19
2025-07-15T06:15:00,normal,midvalley_04,Pilgrim Rest Camp,33.35,75.73,midvalley,15,2100,1.99,0.54,0.1214,3.8,0.52,600,2000,0.06,0.1
2025-07-15T06:15:00,normal,downstream_01,Riverside Colony,33.31,75.77,downstream,10,1800,0,0.54,0.1261,8.0,0.92,4200,400,0.15,0.25
2025-07-15T06:15:00,normal,downstream_02,Lower Falls Township,33.3,75.8,downstream,8,1700,2.74,0.61,0.1668,6.5,1.15,5500,250,0.16,0.24
2025-07-15T06:15:00,normal,downstream_03,Delta Market Village,33.29,75.75,downstream,12,1850,0.75,0.54,0.1294,5.0,0.63,3000,150,0.13,0.21
2025-07-15T06:15:00,normal,downstream_04,Flood Plain Hamlet,33.28,75.82,downstream,5,1600,3.1,0.65,0.1836,9.2,0.46,2200,100,0.18,0.23
2025-07-15T06:30:00,normal,upstream_01,Glacier View Station,33.45,75.6,upstream,38,3200,0.9,0.52,0.0144,2.1,0.05,200,50,0.08,0.15
2025-07-15T06:30:00,normal,upstream_02,Pine Ridge Outpost,33.43,75.63,upstream,35,3050,0,0.49,0.0,3.0,0.09,350,100,0.1,0.18
2025-07-15T06:30:00,normal,upstream_03,Eagle Cliff Village,33.41,75.58,upstream,42,3400,0,0.47,0.0196,4.5,0.03,120,30,0.12,0.2
2025-07-15T06:30:00,normal,upstream_04,Snowmelt Creek Base,33.44,75.65,upstream,30,2900,0,0.55,0.04,1.8,0.072,280,80,0.09,0.16
2025-07-15T06:30:00,normal,midvalley_01,Valley Temple Town,33.38,75.68,midvalley,22,2400,0.04,0.53,0.0795,5.2,0.46,1800,500,0.12,0.22
2025-07-15T06:30:00,normal,midvalley_02,Bridge Market Colony,33.36,75.71,midvalley,18,2200,0,0.46,0.1294,6.1,0.56,2500,300,0.14,0.2
2025-07-15T06:30:00,normal,midvalley_03,River Bend Settlement,33.37,75.66,midvalley,25,2300,0,0.43,0.0672,7.3,0.22,900,200,0.11,0.19
2025-07-15T06:30:00,normal,midvalley_04,Pilgrim Rest Camp,33.35,75.73,midvalley,15,2100,0,0.5,0.1302,3.8,0.52,600,2000,0.06,0.1
2025-07-15T06:30:00,normal,downstream_01,Riverside Colony,33.31,75.77,downstream,10,1800,0,0.48,0.1217,8.0,0.92,4200,400,0.15,0.25
2025-07-15T06:30:00,normal,downstream_02,Lower Falls Township,33.3,75.8,downstream,8,1700,0,0.49,0.144,6.5,1.15,5500,250,0.16,0.24
2025-07-15T06:30:00,normal,downstream_03,Delta Market Village,33.29,75.75,downstream,12,1850,0.37,0.52,0.1788,5.0,0.63,3000,150,0.13,0.21
2025-07-15T06:30:00,normal,downstream_04,Flood Plain Hamlet,33.28,75.82,downstream,5,1600,0.08,0.41,0.1738,9.2,0.46,2200,100,0.18,0.23
2025-07-15T06:45:00,normal,upstream_01,Glacier View Station,33.45,75.6,upstream,38,3200,2.49,0.58,0.0667,2.1,0.05,200,50,0.08,0.15
2025-07-15T06:45:00,normal,upstream_02,Pine Ridge Outpost,33.43,75.63,upstream,35,3050,2.97,0.55,0.0332,3.0,0.09,350,100,0.1,0.18
2025-07-15T06:45:00,normal,upstream_03,Eagle Cliff Village,33.41,75.58,upstream,42,3400,4.65,0.72,0.019,4.5,0.03,120,30,0.12,0.2
2025-07-15T06:45:00,normal,upstream_04,Snowmelt Creek Base,33.44,75.65,upstream,30,2900,0.55,0.45,0.0797,1.8,0.072,280,80,0.09,0.16
2025-07-15T06:45:00,normal,midvalley_01,Valley Temple Town,33.38,75.68,midvalley,22,2400,3.15,0.52,0.1433,5.2,0.46,1800,500,0.12,0.22
2025-07-15T06:45:00,normal,midvalley_02,Bridge Market Colony,33.36,75.71,midvalley,18,2200,0.84,0.54,0.1145,6.1,0.56,2500,300,0.14,0.2
2025-07-15T06:45:00,normal,midvalley_03,River Bend Settlement,33.37,75.66,midvalley,25,2300,0,0.52,0.0764,7.3,0.22,900,200,0.11,0.19
2025-07-15T06:45:00,normal,midvalley_04,Pilgrim Rest Camp,33.35,75.73,midvalley,15,2100,2.92,0.64,0.1154,3.8,0.52,600,2000,0.06,0.1
2025-07-15T06:45:00,normal,downstream_01,Riverside Colony,33.31,75.77,downstream,10,1800,0,0.54,0.1436,8.0,0.92,4200,400,0.15,0.25
2025-07-15T06:45:00,normal,downstream_02,Lower Falls Township,33.3,75.8,downstream,8,1700,0,0.57,0.1645,6.5,1.15,5500,250,0.16,0.24
2025-07-15T06:45:00,normal,downstream_03,Delta Market Village,33.29,75.75,downstream,12,1850,0,0.51,0.1437,5.0,0.63,3000,150,0.13,0.21
2025-07-15T06:45:00,normal,downstream_04,Flood Plain Hamlet,33.28,75.82,downstream,5,1600,2.95,0.5,0.1591,9.2,0.46,2200,100,0.18,0.23
2025-07-15T07:00:00,normal,upstream_01,Glacier View Station,33.45,75.6,upstream,38,3200,3.62,0.65,0.0259,2.1,0.05,200,50,0.08,0.15
2025-07-15T07:00:00,normal,upstream_02,Pine Ridge Outpost,33.43,75.63,upstream,35,3050,1.67,0.57,0.0346,3.0,0.09,350,100,0.1,0.18
2025-07-15T07:00:00,normal,upstream_03,Eagle Cliff Village,33.41,75.58,upstream,42,3400,1.6,0.59,0.0321,4.5,0.03,120,30,0.12,0.2
2025-07-15T07:00:00,normal,upstream_04,Snowmelt Creek Base,33.44,75.65,upstream,30,2900,0.64,0.47,0.0651,1.8,0.072,280,80,0.09,0.16
2025-07-15T07:00:00,normal,midvalley_01,Valley Temple Town,33.38,75.68,midvalley,22,2400,4.1,0.46,0.1255,5.2,0.46,1800,500,0.12,0.22
2025-07-15T07:00:00,normal,midvalley_02,Bridge Market Colony,33.36,75.71,midvalley,18,2200,4.45,0.54,0.1316,6.1,0.56,2500,300,0.14,0.2
2025-07-15T07:00:00,normal,midvalley_03,River Bend Settlement,33.37,75.66,midvalley,25,2300,6.32,0.46,0.089,7.3,0.22,900,200,0.11,0.19
2025-07-15T07:00:00,normal,midvalley_04,Pilgrim Rest Camp,33.35,75.73,midvalley,15,2100,0.74,0.5,0.1109,3.8,0.52,600,2000,0.06,0.1
2025-07-15T07:00:00,normal,downstream_01,Riverside Colony,33.31,75.77,downstream,10,1800,2.45,0.6,0.1629,8.0,0.92,4200,400,0.15,0.25
2025-07-15T07:00:00,normal,downstream_02,Lower Falls Township,33.3,75.8,downstream,8,1700,1.79,0.53,0.1944,6.5,1.15,5500,250,0.16,0.24
2025-07-15T07:00:00,normal,downstream_03,Delta Market Village,33.29,75.75,downstream,12,1850,7.21,0.64,0.1741,5.0,0.63,3000,150,0.13,0.21
2025-07-15T07:00:00,normal,downstream_04,Flood Plain Hamlet,33.28,75.82,downstream,5,1600,0,0.49,0.1846,9.2,0.46,2200,100,0.18,0.23
2025-07-15T07:15:00,normal,upstream_01,Glacier View Station,33.45,75.6,upstream,38,3200,4.2,0.61,0.0212,2.1,0.05,200,50,0.08,0.15
2025-07-15T07:15:00,normal,upstream_02,Pine Ridge Outpost,33.43,75.63,upstream,35,3050,0.23,0.55,0.0168,3.0,0.09,350,100,0.1,0.18
2025-07-15T07:15:00,normal,upstream_03,Eagle Cliff Village,33.41,75.58,upstream,42,3400,3.68,0.65,0.0,4.5,0.03,120,30,0.12,0.2
2025-07-15T07:15:00,normal,upstream_04,Snowmelt Creek Base,33.44,75.65,upstream,30,2900,4.03,0.64,0.0444,1.8,0.072,280,80,0.09,0.16
2025-07-15T07:15:00,normal,midvalley_01,Valley Temple Town,33.38,75.68,midvalley,22,2400,2.83,0.52,0.0756,5.2,0.46,1800,500,0.12,0.22
2025-07-15T07:15:00,normal,midvalley_02,Bridge Market Colony,33.36,75.71,midvalley,18,2200,3.84,0.55,0.1432,6.1,0.56,2500,300,0.14,0.2
2025-07-15T07:15:00,normal,midvalley_03,River Bend Settlement,33.37,75.66,midvalley,25,2300,0,0.53,0.0562,7.3,0.22,900,200,0.11,0.19
2025-07-15T07:15:00,normal,midvalley_04,Pilgrim Rest Camp,33.35,75.73,midvalley,15,2100,3.74,0.69,0.1465,3.8,0.52,600,2000,0.06,0.1
2025-07-15T07:15:00,normal,downstream_01,Riverside Colony,33.31,75.77,downstream,10,1800,3.04,0.62,0.1818,8.0,0.92,4200,400,0.15,0.25
2025-07-15T07:15:00,normal,downstream_02,Lower Falls Township,33.3,75.8,downstream,8,1700,3.2,0.61,0.1633,6.5,1.15,5500,250,0.16,0.24
2025-07-15T07:15:00,normal,downstream_03,Delta Market Village,33.29,75.75,downstream,12,1850,0.35,0.48,0.1363,5.0,0.63,3000,150,0.13,0.21
2025-07-15T07:15:00,normal,downstream_04,Flood Plain Hamlet,33.28,75.82,downstream,5,1600,2.06,0.45,0.2275,9.2,0.46,2200,100,0.18,0.23
2025-07-15T07:30:00,normal,upstream_01,Glacier View Station,33.45,75.6,upstream,38,3200,0,0.55,0.0006,2.1,0.05,200,50,0.08,0.15
2025-07-15T07:30:00,normal,upstream_02,Pine Ridge Outpost,33.43,75.63,upstream,35,3050,3.35,0.58,0.0135,3.0,0.09,350,100,0.1,0.18
2025-07-15T07:30:00,normal,upstream_03,Eagle Cliff Village,33.41,75.58,upstream,42,3400,4.58,0.69,0.0,4.5,0.03,120,30,0.12,0.2
2025-07-15T07:30:00,normal,upstream_04,Snowmelt Creek Base,33.44,75.65,upstream,30,2900,3.31,0.72,0.0469,1.8,0.072,280,80,0.09,0.16
2025-07-15T07:30:00,normal,midvalley_01,Valley Temple Town,33.38,75.68,midvalley,22,2400,3.95,0.57,0.0614,5.2,0.46,1800,500,0.12,0.22
2025-07-15T07:30:00,normal,midvalley_02,Bridge Market Colony,33.36,75.71,midvalley,18,2200,1.36,0.52,0.1311,6.1,0.56,2500,300,0.14,0.2
2025-07-15T07:30:00,normal,midvalley_03,River Bend Settlement,33.37,75.66,midvalley,25,2300,2.46,0.6,0.0925,7.3,0.22,900,200,0.11,0.19
2025-07-15T07:30:00,normal,midvalley_04,Pilgrim Rest Camp,33.35,75.73,midvalley,15,2100,0.29,0.53,0.1192,3.8,0.52,600,2000,0.06,0.1
2025-07-15T07:30:00,normal,downstream_01,Riverside Colony,33.31,75.77,downstream,10,1800,0.57,0.58,0.187,8.0,0.92,4200,400,0.15,0.25
2025-07-15T07:30:00,normal,downstream_02,Lower Falls Township,33.3,75.8,downstream,8,1700,0,0.66,0.1784,6.5,1.15,5500,250,0.16,0.24
2025-07-15T07:30:00,normal,downstream_03,Delta Market Village,33.29,75.75,downstream,12,1850,3.95,0.54,0.1214,5.0,0.63,3000,150,0.13,0.21
2025-07-15T07:30:00,normal,downstream_04,Flood Plain Hamlet,33.28,75.82,downstream,5,1600,4.41,0.58,0.1741,9.2,0.46,2200,100,0.18,0.23
2025-07-15T07:45:00,normal,upstream_01,Glacier View Station,33.45,75.6,upstream,38,3200,1.48,0.39,0.0132,2.1,0.05,200,50,0.08,0.15
2025-07-15T07:45:00,normal,upstream_02,Pine Ridge Outpost,33.43,75.63,upstream,35,3050,1.28,0.48,0.0238,3.0,0.09,350,100,0.1,0.18
2025-07-15T07:45:00,normal,upstream_03,Eagle Cliff Village,33.41,75.58,upstream,42,3400,6.59,0.73,0.0,4.5,0.03,120,30,0.12,0.2
2025-07-15T07:45:00,normal,upstream_04,Snowmelt Creek Base,33.44,75.65,upstream,30,2900,3.59,0.55,0.0896,1.8,0.072,280,80,0.09,0.16
2025-07-15T07:45:00,normal,midvalley_01,Valley Temple Town,33.38,75.68,midvalley,22,2400,5.1,0.53,0.1055,5.2,0.46,1800,500,0.12,0.22
2025-07-15T07:45:00,normal,midvalley_02,Bridge Market Colony,33.36,75.71,midvalley,18,2200,3.7,0.54,0.1251,6.1,0.56,2500,300,0.14,0.2
2025-07-15T07:45:00,normal,midvalley_03,River Bend Settlement,33.37,75.66,midvalley,25,2300,2.91,0.58,0.076,7.3,0.22,900,200,0.11,0.19
2025-07-15T07:45:00,normal,midvalley_04,Pilgrim Rest Camp,33.35,75.73,midvalley,15,2100,4.1,0.51,0.169,3.8,0.52,600,2000,0.06,0.1
2025-07-15T07:45:00,normal,downstream_01,Riverside Colony,33.31,75.77,downstream,10,1800,6.21,0.49,0.1296,8.0,0.92,4200,400,0.15,0.25
2025-07-15T07:45:00,normal,downstream_02,Lower Falls Township,33.3,75.8,downstream,8,1700,3.12,0.47,0.175,6.5,1.15,5500,250,0.16,0.24
2025-07-15T07:45:00,normal,downstream_03,Delta Market Village,33.29,75.75,downstream,12,1850,1.53,0.47,0.1347,5.0,0.63,3000,150,0.13,0.21
2025-07-15T07:45:00,normal,downstream_04,Flood Plain Hamlet,33.28,75.82,downstream,5,1600,3.64,0.47,0.1931,9.2,0.46,2200,100,0.18,0.23
2025-07-15T08:00:00,normal,upstream_01,Glacier View Station,33.45,75.6,upstream,38,3200,4.09,0.68,0.0385,2.1,0.05,200,50,0.08,0.15
2025-07-15T08:00:00,normal,upstream_02,Pine Ridge Outpost,33.43,75.63,upstream,35,3050,1.82,0.6,0.0193,3.0,0.09,350,100,0.1,0.18
2025-07-15T08:00:00,normal,upstream_03,Eagle Cliff Village,33.41,75.58,upstream,42,3400,4.7,0.69,0.0037,4.5,0.03,120,30,0.12,0.2
2025-07-15T08:00:00,normal,upstream_04,Snowmelt Creek Base,33.44,75.65,upstream,30,2900,6.03,0.73,0.0563,1.8,0.072,280,80,0.09,0.16
2025-07-15T08:00:00,normal,midvalley_01,Valley Temple Town,33.38,75.68,midvalley,22,2400,2.5,0.64,0.0931,5.2,0.46,1800,500,0.12,0.22
2025-07-15T08:00:00,normal,midvalley_02,Bridge Market Colony,33.36,75.71,midvalley,18,2200,4.55,0.64,0.1399,6.1,0.56,2500,300,0.14,0.2
2025-07-15T08:00:00,normal,midvalley_03,River Bend Settlement,33.37,75.66,midvalley,25,2300,2.94,0.57,0.0975,7.3,0.22,900,200,0.11,0.19
2025-07-15T08:00:00,normal,midvalley_04,Pilgrim Rest Camp,33.35,75.73,midvalley,15,2100,3.55,0.58,0.133,3.8,0.52,600,2000,0.06,0.1
2025-07-15T08:00:00,normal,downstream_01,Riverside Colony,33.31,75.77,downstream,10,1800,3.22,0.6,0.1433,8.0,0.92,4200,400,0.15,0.25
2025-07-15T08:00:00,normal,downstream_02,Lower Falls Township,33.3,75.8,downstream,8,1700,0.02,0.56,0.1358,6.5,1.15,5500,250,0.16,0.24
2025-07-15T08:00:00,normal,downstream_03,Delta Market Village,33.29,75.75,downstream,12,1850,3.61,0.53,0.1633,5.0,0.63,3000,150,0.13,0.21
2025-07-15T08:00:00,normal,downstream_04,Flood Plain Hamlet,33.28,75.82,downstream,5,1600,2.01,0.5,0.1631,9.2,0.46,2200,100,0.18,0.23
2025-07-15T08:15:00,normal,upstream_01,Glacier View Station,33.45,75.6,upstream,38,3200,3.54,0.59,0.0177,2.1,0.05,200,50,0.08,0.15
2025-07-15T08:15:00,normal,upstream_02,Pine Ridge Outpost,33.43,75.63,upstream,35,3050,0.94,0.51,0.0361,3.0,0.09,350,100,0.1,0.18
2025-07-15T08:15:00,normal,upstream_03,Eagle Cliff Village,33.41,75.58,upstream,42,3400,0,0.51,0.0,4.5,0.03,120,30,0.12,0.2
2025-07-15T08:15:00,normal,upstream_04,Snowmelt Creek Base,33.44,75.65,upstream,30,2900,0.57,0.53,0.0423,1.8,0.072,280,80,0.09,0.16
2025-07-15T08:15:00,normal,midvalley_01,Valley Temple Town,33.38,75.68,midvalley,22,2400,0,0.54,0.0619,5.2,0.46,1800,500,0.12,0.22
2025-07-15T08:15:00,normal,midvalley_02,Bridge Market Colony,33.36,75.71,midvalley,18,2200,0.9,0.65,0.1189,6.1,0.56,2500,300,0.14,0.2
2025-07-15T08:15:00,normal,midvalley_03,River Bend Settlement,33.37,75.66,midvalley,25,2300,3.04,0.58,0.0809,7.3,0.22,900,200,0.11,0.19
2025-07-15T08:15:00,normal,midvalley_04,Pilgrim Rest Camp,33.35,75.73,midvalley,15,2100,0,0.56,0.1246,3.8,0.52,600,2000,0.06,0.1
2025-07-15T08:15:00,normal,downstream_01,Riverside Colony,33.31,75.77,downstream,10,1800,1.57,0.57,0.1382,8.0,0.92,4200,400,0.15,0.25
2025-07-15T08:15:00,normal,downstream_02,Lower Falls Township,33.3,75.8,downstream,8,1700,3.99,0.57,0.1698,6.5,1.15,5500,250,0.16,0.24
2025-07-15T08:15:00,normal,downstream_03,Delta Market Village,33.29,75.75,downstream,12,1850,2.31,0.56,0.1389,5.0,0.63,3000,150,0.13,0.21
2025-07-15T08:15:00,normal,downstream_04,Flood Plain Hamlet,33.28,75.82,downstream,5,1600,0.95,0.51,0.1798,9.2,0.46,2200,100,0.18,0.23
2025-07-15T08:30:00,normal,upstream_01,Glacier View Station,33.45,75.6,upstream,38,3200,3.43,0.67,0.0493,2.1,0.05,200,50,0.08,0.15
2025-07-15T08:30:00,normal,upstream_02,Pine Ridge Outpost,33.43,75.63,upstream,35,3050,6.74,0.78,0.0299,3.0,0.09,350,100,0.1,0.18
2025-07-15T08:30:00,normal,upstream_03,Eagle Cliff Village,33.41,75.58,upstream,42,3400,2.8,0.57,0.0422,4.5,0.03,120,30,0.12,0.2
2025-07-15T08:30:00,normal,upstream_04,Snowmelt Creek Base,33.44,75.65,upstream,30,2900,0.75,0.42,0.0403,1.8,0.072,280,80,0.09,0.16
2025-07-15T08:30:00,normal,midvalley_01,Valley Temple Town,33.38,75.68,midvalley,22,2400,0.97,0.59,0.0777,5.2,0.46,1800,500,0.12,0.22
2025-07-15T08:30:00,normal,midvalley_02,Bridge Market Colony,33.36,75.71,midvalley,18,2200,2.71,0.63,0.1556,6.1,0.56,2500,300,0.14,0.2
2025-07-15T08:30:00,normal,midvalley_03,River Bend Settlement,33.37,75.66,midvalley,25,2300,0.87,0.61,0.0596,7.3,0.22,900,200,0.11,0.19
2025-07-15T08:30:00,normal,midvalley_04,Pilgrim Rest Camp,33.35,75.73,midvalley,15,2100,0,0.63,0.1616,3.8,0.52,600,2000,0.06,0.1
2025-07-15T08:30:00,normal,downstream_01,Riverside Colony,33.31,75.77,downstream,10,1800,0.48,0.63,0.1172,8.0,0.92,4200,400,0.15,0.25
2025-07-15T08:30:00,normal,downstream_02,Lower Falls Township,33.3,75.8,downstream,8,1700,1.19,0.48,0.1883,6.5,1.15,5500,250,0.16,0.24
2025-07-15T08:30:00,normal,downstream_03,Delta Market Village,33.29,75.75,downstream,12,1850,0.22,0.57,0.1408,5.0,0.63,3000,150,0.13,0.21
2025-07-15T08:30:00,normal,downstream_04,Flood Plain Hamlet,33.28,75.82,downstream,5,1600,0.52,0.5,0.189,9.2,0.46,2200,100,0.18,0.23
2025-07-15T08:45:00,normal,upstream_01,Glacier View Station,33.45,75.6,upstream,38,3200,2.47,0.63,0.0277,2.1,0.05,200,50,0.08,0.15
2025-07-15T08:45:00,normal,upstream_02,Pine Ridge Outpost,33.43,75.63,upstream,35,3050,0,0.56,0.0,3.0,0.09,350,100,0.1,0.18
2025-07-15T08:45:00,normal,upstream_03,Eagle Cliff Village,33.41,75.58,upstream,42,3400,2.89,0.69,0.0,4.5,0.03,120,30,0.12,0.2
2025-07-15T08:45:00,normal,upstream_04,Snowmelt Creek Base,33.44,75.65,upstream,30,2900,2.46,0.59,0.081,1.8,0.072,280,80,0.09,0.16
2025-07-15T08:45:00,normal,midvalley_01,Valley Temple Town,33.38,75.68,midvalley,22,2400,5.98,0.57,0.143,5.2,0.46,1800,500,0.12,0.22
2025-07-15T08:45:00,normal,midvalley_02,Bridge Market Colony,33.36,75.71,midvalley,18,2200,3.8,0.65,0.1343,6.1,0.56,2500,300,0.14,0.2
2025-07-15T08:45:00,normal,midvalley_03,River Bend Settlement,33.37,75.66,midvalley,25,2300,0,0.64,0.0887,7.3,0.22,900,200,0.11,0.19
2025-07-15T08:45:00,normal,midvalley_04,Pilgrim Rest Camp,33.35,75.73,midvalley,15,2100,0,0.48,0.1013,3.8,0.52,600,2000,0.06,0.1
2025-07-15T08:45:00,normal,downstream_01,Riverside Colony,33.31,75.77,downstream,10,1800,0.76,0.64,0.1666,8.0,0.92,4200,400,0.15,0.25
2025-07-15T08:45:00,normal,downstream_02,Lower Falls Township,33.3,75.8,downstream,8,1700,1.45,0.49,0.1969,6.5,1.15,5500,250,0.16,0.24
2025-07-15T08:45:00,normal,downstream_03,Delta Market Village,33.29,75.75,downstream,12,1850,0,0.59,0.1389,5.0,0.63,3000,150,0.13,0.21
2025-07-15T08:45:00,normal,downstream_04,Flood Plain Hamlet,33.28,75.82,downstream,5,1600,1.23,0.56,0.1374,9.2,0.46,2200,100,0.18,0.23
2025-07-15T09:00:00,normal,upstream_01,Glacier View Station,33.45,75.6,upstream,38,3200,2.17,0.53,0.0239,2.1,0.05,200,50,0.08,0.15
2025-07-15T09:00:00,normal,upstream_02,Pine Ridge Outpost,33.43,75.63,upstream,35,3050,0,0.5,0.0038,3.0,0.09,350,100,0.1,0.18
2025-07-15T09:00:00,normal,upstream_03,Eagle Cliff Village,33.41,75.58,upstream,42,3400,2.74,0.63,0.0,4.5,0.03,120,30,0.12,0.2
2025-07-15T09:00:00,normal,upstream_04,Snowmelt Creek Base,33.44,75.65,upstream,30,2900,0,0.49,0.0341,1.8,0.072,280,80,0.09,0.16
2025-07-15T09:00:00,normal,midvalley_01,Valley Temple Town,33.38,75.68,midvalley,22,2400,0,0.48,0.0789,5.2,0.46,1800,500,0.12,0.22
2025-07-15T09:00:00,normal,midvalley_02,Bridge Market Colony,33.36,75.71,midvalley,18,2200,4.62,0.5,0.1246,6.1,0.56,2500,300,0.14,0.2
2025-07-15T09:00:00,normal,midvalley_03,River Bend Settlement,33.37,75.66,midvalley,25,2300,1.12,0.53,0.0761,7.3,0.22,900,200,0.11,0.19
2025-07-15T09:00:00,normal,midvalley_04,Pilgrim Rest Camp,33.35,75.73,midvalley,15,2100,1.92,0.51,0.1459,3.8,0.52,600,2000,0.06,0.1
2025-07-15T09:00:00,normal,downstream_01,Riverside Colony,33.31,75.77,downstream,10,1800,0,0.45,0.1445,8.0,0.92,4200,400,0.15,0.25
2025-07-15T09:00:00,normal,downstream_02,Lower Falls Township,33.3,75.8,downstream,8,1700,0,0.65,0.1873,6.5,1.15,5500,250,0.16,0.24
2025-07-15T09:00:00,normal,downstream_03,Delta Market Village,33.29,75.75,downstream,12,1850,0,0.58,0.1515,5.0,0.63,3000,150,0.13,0.21
2025-07-15T09:00:00,normal,downstream_04,Flood Plain Hamlet,33.28,75.82,downstream,5,1600,6.64,0.55,0.2173,9.2,0.46,2200,100,0.18,0.23
2025-07-15T09:15:00,normal,upstream_01,Glacier View Station,33.45,75.6,upstream,38,3200,0,0.46,0.0141,2.1,0.05,200,50,0.08,0.15
2025-07-15T09:15:00,normal,upstream_02,Pine Ridge Outpost,33.43,75.63,upstream,35,3050,0,0.45,0.0121,3.0,0.09,350,100,0.1,0.18
2025-07-15T09:15:00,normal,upstream_03,Eagle Cliff Village,33.41,75.58,upstream,42,3400,4.63,0.68,0.0215,4.5,0.03,120,30,0.12,0.2
2025-07-15T09:15:00,normal,upstream_04,Snowmelt Creek Base,33.44,75.65,upstream,30,2900,4.21,0.6,0.0642,1.8,0.072,280,80,0.09,0.16
2025-07-15T09:15:00,normal,midvalley_01,Valley Temple Town,33.38,75.68,midvalley,22,2400,4.09,0.51,0.1131,5.2,0.46,1800,500,0.12,0.22
2025-07-15T09:15:00,normal,midvalley_02,Bridge Market Colony,33.36,75.71,midvalley,18,2200,0.66,0.49,0.0945,6.1,0.56,2500,300,0.14,0.2
2025-07-15T09:15:00,normal,midvalley_03,River Bend Settlement,33.37,75.66,midvalley,25,2300,2.9,0.49,0.1219,7.3,0.22,900,200,0.11,0.19
2025-07-15T09:15:00,normal,midvalley_04,Pilgrim Rest Camp,33.35,75.73,midvalley,15,2100,2.17,0.53,0.1185,3.8,0.52,600,2000,0.06,0.1
2025-07-15T09:15:00,normal,downstream_01,Riverside Colony,33.31,75.77,downstream,10,1800,0,0.57,0.1327,8.0,0.92,4200,400,0.15,0.25
2025-07-15T09:15:00,normal,downstream_02,Lower Falls Township,33.3,75.8,downstream,8,1700,0,0.56,0.1654,6.5,1.15,5500,250,0.16,0.24
2025-07-15T09:15:00,normal,downstream_03,Delta Market Village,33.29,75.75,downstream,12,1850,0.25,0.54,0.1226,5.0,0.63,3000,150,0.13,0.21
2025-07-15T09:15:00,normal,downstream_04,Flood Plain Hamlet,33.28,75.82,downstream,5,1600,2.24,0.51,0.1917,9.2,0.46,2200,100,0.18,0.23
2025-07-15T09:30:00,normal,upstream_01,Glacier View Station,33.45,75.6,upstream,38,3200,4.02,0.68,0.0,2.1,0.05,200,50,0.08,0.15
2025-07-15T09:30:00,normal,upstream_02,Pine Ridge Outpost,33.43,75.63,upstream,35,3050,1.19,0.5,0.04,3.0,0.09,350,100,0.1,0.18
2025-07-15T09:30:00,normal,upstream_03,Eagle Cliff Village,33.41,75.58,upstream,42,3400,0,0.5,0.0,4.5,0.03,120,30,0.12,0.2
2025-07-15T09:30:00,normal,upstream_04,Snowmelt Creek Base,33.44,75.65,upstream,30,2900,3.04,0.63,0.041,1.8,0.072,280,80,0.09,0.16
2025-07-15T09:30:00,normal,midvalley_01,Valley Temple Town,33.38,75.68,midvalley,22,2400,0,0.49,0.0887,5.2,0.46,1800,500,0.12,0.22
2025-07-15T09:30:00,normal,midvalley_02,Bridge Market Colony,33.36,75.71,midvalley,18,2200,0.8,0.51,0.1133,6.1,0.56,2500,300,0.14,0.2
2025-07-15T09:30:00,normal,midvalley_03,River Bend Settlement,33.37,75.66,midvalley,25,2300,1.33,0.53,0.0991,7.3,0.22,900,200,0.11,0.19
2025-07-15T09:30:00,normal,midvalley_04,Pilgrim Rest Camp,33.35,75.73,midvalley,15,2100,3.77,0.58,0.1137,3.8,0.52,600,2000,0.06,0.1
2025-07-15T09:30:00,normal,downstream_01,Riverside Colony,33.31,75.77,downstream,10,1800,4.35,0.53,0.1136,8.0,0.92,4200,400,0.15,0.25
2025-07-15T09:30:00,normal,downstream_02,Lower Falls Township,33.3,75.8,downstream,8,1700,2.62,0.59,0.1638,6.5,1.15,5500,250,0.16,0.24
2025-07-15T09:30:00,normal,downstream_03,Delta Market Village,33.29,75.75,downstream,12,1850,0.26,0.57,0.1425,5.0,0.63,3000,150,0.13,0.21
2025-07-15T09:30:00,normal,downstream_04,Flood Plain Hamlet,33.28,75.82,downstream,5,1600,3.81,0.58,0.1915,9.2,0.46,2200,100,0.18,0.23
2025-07-15T09:45:00,normal,upstream_01,Glacier View Station,33.45,75.6,upstream,38,3200,0.93,0.55,0.0041,2.1,0.05,200,50,0.08,0.15
2025-07-15T09:45:00,normal,upstream_02,Pine Ridge Outpost,33.43,75.63,upstream,35,3050,1.06,0.64,0.034,3.0,0.09,350,100,0.1,0.18
2025-07-15T09:45:00,normal,upstream_03,Eagle Cliff Village,33.41,75.58,upstream,42,3400,3.65,0.7,0.0,4.5,0.03,120,30,0.12,0.2
2025-07-15T09:45:00,normal,upstream_04,Snowmelt Creek Base,33.44,75.65,upstream,30,2900,1.09,0.49,0.0125,1.8,0.072,280,80,0.09,0.16
2025-07-15T09:45:00,normal,midvalley_01,Valley Temple Town,33.38,75.68,midvalley,22,2400,0,0.52,0.083,5.2,0.46,1800,500,0.12,0.22
2025-07-15T09:45:00,normal,midvalley_02,Bridge Market Colony,33.36,75.71,midvalley,18,2200,4.94,0.51,0.1314,6.1,0.56,2500,300,0.14,0.2
2025-07-15T09:45:00,normal,midvalley_03,River Bend Settlement,33.37,75.66,midvalley,25,2300,3.25,0.53,0.0405,7.3,0.22,900,200,0.11,0.19
2025-07-15T09:45:00,normal,midvalley_04,Pilgrim Rest Camp,33.35,75.73,midvalley,15,2100,3.13,0.58,0.1048,3.8,0.52,600,2000,0.06,0.1
2025-07-15T09:45:00,normal,downstream_01,Riverside Colony,33.31,75.77,downstream,10,1800,1.79,0.56,0.1471,8.0,0.92,4200,400,0.15,0.25
2025-07-15T09:45:00,normal,downstream_02,Lower Falls Township,33.3,75.8,downstream,8,1700,5.65,0.54,0.1806,6.5,1.15,5500,250,0.16,0.24
2025-07-15T09:45:00,normal,downstream_03,Delta Market Village,33.29,75.75,downstream,12,1850,0.19,0.58,0.1236,5.0,0.63,3000,150,0.13,0.21
2025-07-15T09:45:00,normal,downstream_04,Flood Plain Hamlet,33.28,75.82,downstream,5,1600,0,0.51,0.1764,9.2,0.46,2200,100,0.18,0.23
2025-07-15T10:00:00,normal,upstream_01,Glacier View Station,33.45,75.6,upstream,38,3200,3.64,0.61,0.0417,2.1,0.05,200,50,0.08,0.15
2025-07-15T10:00:00,normal,upstream_02,Pine Ridge Outpost,33.43,75.63,upstream,35,3050,2.44,0.56,0.0127,3.0,0.09,350,100,0.1,0.18
2025-07-15T10:00:00,normal,upstream_03,Eagle Cliff Village,33.41,75.58,upstream,42,3400,3.73,0.6,0.0163,4.5,0.03,120,30,0.12,0.2
2025-07-15T10:00:00,normal,upstream_04,Snowmelt Creek Base,33.44,75.65,upstream,30,2900,4.71,0.68,0.0913,1.8,0.072,280,80,0.09,0.16
2025-07-15T10:00:00,normal,midvalley_01,Valley Temple Town,33.38,75.68,midvalley,22,2400,6.23,0.47,0.0932,5.2,0.46,1800,500,0.12,0.22
2025-07-15T10:00:00,normal,midvalley_02,Bridge Market Colony,33.36,75.71,midvalley,18,2200,0,0.56,0.1399,6.1,0.56,2500,300,0.14,0.2
2025-07-15T10:00:00,normal,midvalley_03,River Bend Settlement,33.37,75.66,midvalley,25,2300,2.37,0.48,0.0877,7.3,0.22,900,200,0.11,0.19
2025-07-15T10:00:00,normal,midvalley_04,Pilgrim Rest Camp,33.35,75.73,midvalley,15,2100,7.37,0.53,0.1497,3.8,0.52,600,2000,0.06,0.1
2025-07-15T10:00:00,normal,downstream_01,Riverside Colony,33.31,75.77,downstream,10,1800,3.19,0.56,0.1692,8.0,0.92,4200,400,0.15,0.25
2025-07-15T10:00:00,normal,downstream_02,Lower Falls Township,33.3,75.8,downstream,8,1700,0.15,0.64,0.1699,6.5,1.15,5500,250,0.16,0.24
2025-07-15T10:00:00,normal,downstream_03,Delta Market Village,33.29,75.75,downstream,12,1850,4.43,0.53,0.1851,5.0,0.63,3000,150,0.13,0.21
2025-07-15T10:00:00,normal,downstream_04,Flood Plain Hamlet,33.28,75.82,downstream,5,1600,0,0.55,0.1725,9.2,0.46,2200,100,0.18,0.23
2025-07-15T10:15:00,normal,upstream_01,Glacier View Station,33.45,75.6,upstream,38,3200,0.33,0.5,0.0416,2.1,0.05,200,50,0.08,0.15
2025-07-15T10:15:00,normal,upstream_02,Pine Ridge Outpost,33.43,75.63,upstream,35,3050,2.86,0.52,0.0133,3.0,0.09,350,100,0.1,0.18
2025-07-15T10:15:00,normal,upstream_03,Eagle Cliff Village,33.41,75.58,upstream,42,3400,5.36,0.64,0.0075,4.5,0.03,120,30,0.12,0.2
2025-07-15T10:15:00,normal,upstream_04,Snowmelt Creek Base,33.44,75.65,upstream,30,2900,1.12,0.62,0.0467,1.8,0.072,280,80,0.09,0.16
2025-07-15T10:15:00,normal,midvalley_01,Valley Temple Town,33.38,75.68,midvalley,22,2400,2.58,0.55,0.0677,5.2,0.46,1800,500,0.12,0.22
2025-07-15T10:15:00,normal,midvalley_02,Bridge Market Colony,33.36,75.71,midvalley,18,2200,2.55,0.56,0.0637,6.1,0.56,2500,300,0.14,0.2
2025-07-15T10:15:00,normal,midvalley_03,River Bend Settlement,33.37,75.66,midvalley,25,2300,2.63,0.66,0.0968,7.3,0.22,900,200,0.11,0.19
2025-07-15T10:15:00,normal,midvalley_04,Pilgrim Rest Camp,33.35,75.73,midvalley,15,2100,5.35,0.5,0.1357,3.8,0.52,600,2000,0.06,0.1
2025-07-15T10:15:00,normal,downstream_01,Riverside Colony,33.31,75.77,downstream,10,1800,7.31,0.55,0.1731,8.0,0.92,4200,400,0.15,0.25
2025-07-15T10:15:00,normal,downstream_02,Lower Falls Township,33.3,75.8,downstream,8,1700,2.12,0.54,0.1703,6.5,1.15,5500,250,0.16,0.24
2025-07-15T10:15:00,normal,downstream_03,Delta Market Village,33.29,75.75,downstream,12,1850,1.02,0.55,0.1321,5.0,0.63,3000,150,0.13,0.21
2025-07-15T10:15:00,normal,downstream_04,Flood Plain Hamlet,33.28,75.82,downstream,5,1600,1.08,0.55,0.164,9.2,0.46,2200,100,0.18,0.23
2025-07-15T10:30:00,normal,upstream_01,Glacier View Station,33.45,75.6,upstream,38,3200,5.1,0.74,0.0,2.1,0.05,200,50,0.08,0.15
2025-07-15T10:30:00,normal,upstream_02,Pine Ridge Outpost,33.43,75.63,upstream,35,3050,4.59,0.65,0.0,3.0,0.09,350,100,0.1,0.18
2025-07-15T10:30:00,normal,upstream_03,Eagle Cliff Village,33.41,75.58,upstream,42,3400,1.35,0.51,0.0,4.5,0.03,120,30,0.12,0.2
2025-07-15T10:30:00,normal,upstream_04,Snowmelt Creek Base,33.44,75.65,upstream,30,2900,0,0.55,0.085,1.8,0.072,280,80,0.09,0.16
2025-07-15T10:30:00,normal,midvalley_01,Valley Temple Town,33.38,75.68,midvalley,22,2400,4.29,0.49,0.1173,5.2,0.46,1800,500,0.12,0.22
2025-07-15T10:30:00,normal,midvalley_02,Bridge Market Colony,33.36,75.71,midvalley,18,2200,0.7,0.48,0.1219,6.1,0.56,2500,300,0.14,0.2
2025-07-15T10:30:00,normal,midvalley_03,River Bend Settlement,33.37,75.66,midvalley,25,2300,3.17,0.53,0.0797,7.3,0.22,900,200,0.11,0.19
2025-07-15T10:30:00,normal,midvalley_04,Pilgrim Rest Camp,33.35,75.73,midvalley,15,2100,3.17,0.52,0.1434,3.8,0.52,600,2000,0.06,0.1
2025-07-15T10:30:00,normal,downstream_01,Riverside Colony,33.31,75.77,downstream,10,1800,3.54,0.55,0.139,8.0,0.92,4200,400,0.15,0.25
2025-07-15T10:30:00,normal,downstream_02,Lower Falls Township,33.3,75.8,downstream,8,1700,2.41,0.53,0.161,6.5,1.15,5500,250,0.16,0.24
2025-07-15T10:30:00,normal,downstream_03,Delta Market Village,33.29,75.75,downstream,12,1850,0,0.51,0.1585,5.0,0.63,3000,150,0.13,0.21
2025-07-15T10:30:00,normal,downstream_04,Flood Plain Hamlet,33.28,75.82,downstream,5,1600,0.18,0.48,0.1965,9.2,0.46,2200,100,0.18,0.23
2025-07-15T10:45:00,normal,upstream_01,Glacier View Station,33.45,75.6,upstream,38,3200,0,0.44,0.0221,2.1,0.05,200,50,0.08,0.15
2025-07-15T10:45:00,normal,upstream_02,Pine Ridge Outpost,33.43,75.63,upstream,35,3050,4.22,0.73,0.0,3.0,0.09,350,100,0.1,0.18
2025-07-15T10:45:00,normal,upstream_03,Eagle Cliff Village,33.41,75.58,upstream,42,3400,1.13,0.52,0.0,4.5,0.03,120,30,0.12,0.2
2025-07-15T10:45:00,normal,upstream_04,Snowmelt Creek Base,33.44,75.65,upstream,30,2900,1.51,0.61,0.0538,1.8,0.072,280,80,0.09,0.16
2025-07-15T10:45:00,normal,midvalley_01,Valley Temple Town,33.38,75.68,midvalley,22,2400,0.82,0.56,0.0955,5.2,0.46,1800,500,0.12,0.22
2025-07-15T10:45:00,normal,midvalley_02,Bridge Market Colony,33.36,75.71,midvalley,18,2200,0.48,0.48,0.1176,6.1,0.56,2500,300,0.14,0.2
2025-07-15T10:45:00,normal,midvalley_03,River Bend Settlement,33.37,75.66,midvalley,25,2300,0,0.59,0.0899,7.3,0.22,900,200,0.11,0.19
2025-07-15T10:45:00,normal,midvalley_04,Pilgrim Rest Camp,33.35,75.73,midvalley,15,2100,0.22,0.58,0.126,3.8,0.52,600,2000,0.06,0.1
2025-07-15T10:45:00,normal,downstream_01,Riverside Colony,33.31,75.77,downstream,10,1800,0,0.54,0.1344,8.0,0.92,4200,400,0.15,0.25
2025-07-15T10:45:00,normal,downstream_02,Lower Falls Township,33.3,75.8,downstream,8,1700,0,0.44,0.1682,6.5,1.15,5500,250,0.16,0.24
2025-07-15T10:45:00,normal,downstream_03,Delta Market Village,33.29,75.75,downstream,12,1850,2.47,0.54,0.1569,5.0,0.63,3000,150,0.13,0.21
2025-07-15T10:45:00,normal,downstream_04,Flood Plain Hamlet,33.28,75.82,downstream,5,1600,2.38,0.57,0.2154,9.2,0.46,2200,100,0.18,0.23
2025-07-15T11:00:00,normal,upstream_01,Glacier View Station,33.45,75.6,upstream,38,3200,0,0.5,0.0,2.1,0.05,200,50,0.08,0.15
2025-07-15T11:00:00,normal,upstream_02,Pine Ridge Outpost,33.43,75.63,upstream,35,3050,1.23,0.55,0.0142,3.0,0.09,350,100,0.1,0.18
2025-07-15T11:00:00,normal,upstream_03,Eagle Cliff Village,33.41,75.58,upstream,42,3400,0,0.43,0.0,4.5,0.03,120,30,0.12,0.2
2025-07-15T11:00:00,normal,upstream_04,Snowmelt Creek Base,33.44,75.65,upstream,30,2900,0,0.45,0.023,1.8,0.072,280,80,0.09,0.16
2025-07-15T11:00:00,normal,midvalley_01,Valley Temple Town,33.38,75.68,midvalley,22,2400,2.27,0.72,0.0778,5.2,0.46,1800,500,0.12,0.22
2025-07-15T11:00:00,normal,midvalley_02,Bridge Market Colony,33.36,75.71,midvalley,18,2200,1.15,0.54,0.1171,6.1,0.56,2500,300,0.14,0.2
2025-07-15T11:00:00,normal,midvalley_03,River Bend Settlement,33.37,75.66,midvalley,25,2300,1.56,0.6,0.0682,7.3,0.22,900,200,0.11,0.19
2025-07-15T11:00:00,normal,midvalley_04,Pilgrim Rest Camp,33.35,75.73,midvalley,15,2100,5.28,0.64,0.1389,3.8,0.52,600,2000,0.06,0.1
2025-07-15T11:00:00,normal,downstream_01,Riverside Colony,33.31,75.77,downstream,10,1800,0,0.64,0.1493,8.0,0.92,4200,400,0.15,0.25
2025-07-15T11:00:00,normal,downstream_02,Lower Falls Township,33.3,75.8,downstream,8,1700,0,0.58,0.1962,6.5,1.15,5500,250,0.16,0.24
2025-07-15T11:00:00,normal,downstream_03,Delta Market Village,33.29,75.75,downstream,12,1850,0,0.6,0.1526,5.0,0.63,3000,150,0.13,0.21
2025-07-15T11:00:00,normal,downstream_04,Flood Plain Hamlet,33.28,75.82,downstream,5,1600,1.36,0.51,0.1477,9.2,0.46,2200,100,0.18,0.23
2025-07-15T11:15:00,normal,upstream_01,Glacier View Station,33.45,75.6,upstream,38,3200,1.95,0.58,0.0283,2.1,0.05,200,50,0.08,0.15
2025-07-15T11:15:00,normal,upstream_02,Pine Ridge Outpost,33.43,75.63,upstream,35,3050,0,0.53,0.0326,3.0,0.09,350,100,0.1,0.18
2025-07-15T11:15:00,normal,upstream_03,Eagle Cliff Village,33.41,75.58,upstream,42,3400,3.22,0.67,0.0213,4.5,0.03,120,30,0.12,0.2
2025-07-15T11:15:00,normal,upstream_04,Snowmelt Creek Base,33.44,75.65,upstream,30,2900,3.02,0.52,0.0577,1.8,0.072,280,80,0.09,0.16
2025-07-15T11:15:00,normal,midvalley_01,Valley Temple Town,33.38,75.68,midvalley,22,2400,2.61,0.57,0.102,5.2,0.46,1800,500,0.12,0.22
2025-07-15T11:15:00,normal,midvalley_02,Bridge Market Colony,33.36,75.71,midvalley,18,2200,0,0.6,0.0884,6.1,0.56,2500,300,0.14,0.2
2025-07-15T11:15:00,normal,midvalley_03,River Bend Settlement,33.37,75.66,midvalley,25,2300,1.67,0.56,0.0937,7.3,0.22,900,200,0.11,0.19
2025-07-15T11:15:00,normal,midvalley_04,Pilgrim Rest Camp,33.35,75.73,midvalley,15,2100,1.81,0.52,0.1492,3.8,0.52,600,2000,0.06,0.1
2025-07-15T11:15:00,normal,downstream_01,Riverside Colony,33.31,75.77,downstream,10,1800,1.42,0.52,0.145,8.0,0.92,4200,400,0.15,0.25
2025-07-15T11:15:00,normal,downstream_02,Lower Falls Township,33.3,75.8,downstream,8,1700,0.61,0.51,0.1663,6.5,1.15,5500,250,0.16,0.24
2025-07-15T11:15:00,normal,downstream_03,Delta Market Village,33.29,75.75,downstream,12,1850,3.74,0.53,0.1333,5.0,0.63,3000,150,0.13,0.21
2025-07-15T11:15:00,normal,downstream_04,Flood Plain Hamlet,33.28,75.82,downstream,5,1600,0.35,0.55,0.205,9.2,0.46,2200,100,0.18,0.23
2025-07-15T11:30:00,normal,upstream_01,Glacier View Station,33.45,75.6,upstream,38,3200,0.67,0.57,0.0173,2.1,0.05,200,50,0.08,0.15
2025-07-15T11:30:00,normal,upstream_02,Pine Ridge Outpost,33.43,75.63,upstream,35,3050,3.8,0.61,0.0577,3.0,0.09,350,100,0.1,0.18
2025-07-15T11:30:00,normal,upstream_03,Eagle Cliff Village,33.41,75.58,upstream,42,3400,6.46,0.73,0.0553,4.5,0.03,120,30,0.12,0.2
2025-07-15T11:30:00,normal,upstream_04,Snowmelt Creek Base,33.44,75.65,upstream,30,2900,2.75,0.67,0.0873,1.8,0.072,280,80,0.09,0.16
2025-07-15T11:30:00,normal,midvalley_01,Valley Temple Town,33.38,75.68,midvalley,22,2400,1.99,0.5,0.0876,5.2,0.46,1800,500,0.12,0.22
2025-07-15T11:30:00,normal,midvalley_02,Bridge Market Colony,33.36,75.71,midvalley,18,2200,0.34,0.47,0.0927,6.1,0.56,2500,300,0.14,0.2
2025-07-15T11:30:00,normal,midvalley_03,River Bend Settlement,33.37,75.66,midvalley,25,2300,1.5,0.53,0.0788,7.3,0.22,900,200,0.11,0.19
2025-07-15T11:30:00,normal,midvalley_04,Pilgrim Rest Camp,33.35,75.73,midvalley,15,2100,6.13,0.56,0.1234,3.8,0.52,600,2000,0.06,0.1
2025-07-15T11:30:00,normal,downstream_01,Riverside Colony,33.31,75.77,downstream,10,1800,1.69,0.59,0.1541,8.0,0.92,4200,400,0.15,0.25
2025-07-15T11:30:00,normal,downstream_02,Lower Falls Township,33.3,75.8,downstream,8,1700,0,0.57,0.1676,6.5,1.15,5500,250,0.16,0.24
2025-07-15T11:30:00,normal,downstream_03,Delta Market Village,33.29,75.75,downstream,12,1850,3.11,0.69,0.1551,5.0,0.63,3000,150,0.13,0.21
2025-07-15T11:30:00,normal,downstream_04,Flood Plain Hamlet,33.28,75.82,downstream,5,1600,0.85,0.52,0.1669,9.2,0.46,2200,100,0.18,0.23
2025-07-15T11:45:00,normal,upstream_01,Glacier View Station,33.45,75.6,upstream,38,3200,0.46,0.59,0.0352,2.1,0.05,200,50,0.08,0.15
2025-07-15T11:45:00,normal,upstream_02,Pine Ridge Outpost,33.43,75.63,upstream,35,3050,0.59,0.54,0.0101,3.0,0.09,350,100,0.1,0.18
2025-07-15T11:45:00,normal,upstream_03,Eagle Cliff Village,33.41,75.58,upstream,42,3400,0.63,0.53,0.0045,4.5,0.03,120,30,0.12,0.2
2025-07-15T11:45:00,normal,upstream_04,Snowmelt Creek Base,33.44,75.65,upstream,30,2900,0,0.59,0.081,1.8,0.072,280,80,0.09,0.16
2025-07-15T11:45:00,normal,midvalley_01,Valley Temple Town,33.38,75.68,midvalley,22,2400,0.22,0.52,0.0829,5.2,0.46,1800,500,0.12,0.22
2025-07-15T11:45:00,normal,midvalley_02,Bridge Market Colony,33.36,75.71,midvalley,18,2200,2.11,0.6,0.1295,6.1,0.56,2500,300,0.14,0.2
2025-07-15T11:45:00,normal,midvalley_03,River Bend Settlement,33.37,75.66,midvalley,25,2300,1.09,0.44,0.0623,7.3,0.22,900,200,0.11,0.19
2025-07-15T11:45:00,normal,midvalley_04,Pilgrim Rest Camp,33.35,75.73,midvalley,15,2100,0,0.59,0.1243,3.8,0.52,600,2000,0.06,0.1
2025-07-15T11:45:00,normal,downstream_01,Riverside Colony,33.31,75.77,downstream,10,1800,0,0.57,0.1545,8.0,0.92,4200,400,0.15,0.25
2025-07-15T11:45:00,normal,downstream_02,Lower Falls Township,33.3,75.8,downstream,8,1700,3.39,0.55,0.2207,6.5,1.15,5500,250,0.16,0.24
2025-07-15T11:45:00,normal,downstream_03,Delta Market Village,33.29,75.75,downstream,12,1850,0.03,0.61,0.161,5.0,0.63,3000,150,0.13,0.21
2025-07-15T11:45:00,normal,downstream_04,Flood Plain Hamlet,33.28,75.82,downstream,5,1600,4.7,0.55,0.2008,9.2,0.46,2200,100,0.18,0.23
2025-07-15T14:00:00,heavy_rain,upstream_01,Glacier View Station,33.45,75.6,upstream,38,3200,34.34,2.09,0.4294,2.1,0.05,200,50,0.08,0.15
2025-07-15T14:00:00,heavy_rain,upstream_02,Pine Ridge Outpost,33.43,75.63,upstream,35,3050,34.26,2.09,0.4512,3.0,0.09,350,100,0.1,0.18
2025-07-15T14:00:00,heavy_rain,upstream_03,Eagle Cliff Village,33.41,75.58,upstream,42,3400,33.42,2.1,0.3869,4.5,0.03,120,30,0.12,0.2
2025-07-15T14:00:00,heavy_rain,upstream_04,Snowmelt Creek Base,33.44,75.65,upstream,30,2900,34.54,1.97,0.4373,1.8,0.072,280,80,0.09,0.16
2025-07-15T14:00:00,heavy_rain,midvalley_01,Valley Temple Town,33.38,75.68,midvalley,22,2400,25.99,1.64,0.4685,5.2,0.46,1800,500,0.12,0.22
2025-07-15T14:00:00,heavy_rain,midvalley_02,Bridge Market Colony,33.36,75.71,midvalley,18,2200,27.15,1.49,0.4924,6.1,0.56,2500,300,0.14,0.2
2025-07-15T14:00:00,heavy_rain,midvalley_03,River Bend Settlement,33.37,75.66,midvalley,25,2300,28.26,1.79,0.4727,7.3,0.22,900,200,0.11,0.19
2025-07-15T14:00:00,heavy_rain,midvalley_04,Pilgrim Rest Camp,33.35,75.73,midvalley,15,2100,26.16,1.51,0.5079,3.8,0.52,600,2000,0.06,0.1
2025-07-15T14:00:00,heavy_rain,downstream_01,Riverside Colony,33.31,75.77,downstream,10,1800,21.9,1.35,0.5138,8.0,0.92,4200,400,0.15,0.25
2025-07-15T14:00:00,heavy_rain,downstream_02,Lower Falls Township,33.3,75.8,downstream,8,1700,19.96,1.25,0.5236,6.5,1.15,5500,250,0.16,0.24
2025-07-15T14:00:00,heavy_rain,downstream_03,Delta Market Village,33.29,75.75,downstream,12,1850,19.13,1.23,0.5189,5.0,0.63,3000,150,0.13,0.21
2025-07-15T14:00:00,heavy_rain,downstream_04,Flood Plain Hamlet,33.28,75.82,downstream,5,1600,19.01,1.28,0.518,9.2,0.46,2200,100,0.18,0.23
2025-07-15T14:15:00,heavy_rain,upstream_01,Glacier View Station,33.45,75.6,upstream,38,3200,24.18,1.84,0.3901,2.1,0.05,200,50,0.08,0.15
2025-07-15T14:15:00,heavy_rain,upstream_02,Pine Ridge Outpost,33.43,75.63,upstream,35,3050,25.17,1.85,0.3894,3.0,0.09,350,100,0.1,0.18
2025-07-15T14:15:00,heavy_rain,upstream_03,Eagle Cliff Village,33.41,75.58,upstream,42,3400,22.4,1.75,0.3132,4.5,0.03,120,30,0.12,0.2
2025-07-15T14:15:00,heavy_rain,upstream_04,Snowmelt Creek Base,33.44,75.65,upstream,30,2900,24.3,1.71,0.4025,1.8,0.072,280,80,0.09,0.16
2025-07-15T14:15:00,heavy_rain,midvalley_01,Valley Temple Town,33.38,75.68,midvalley,22,2400,21.57,1.44,0.4434,5.2,0.46,1800,500,0.12,0.22
2025-07-15T14:15:00,heavy_rain,midvalley_02,Bridge Market Colony,33.36,75.71,midvalley,18,2200,22.83,1.5,0.4915,6.1,0.56,2500,300,0.14,0.2
2025-07-15T14:15:00,heavy_rain,midvalley_03,River Bend Settlement,33.37,75.66,midvalley,25,2300,24.78,1.56,0.4279,7.3,0.22,900,200,0.11,0.19
2025-07-15T14:15:00,heavy_rain,midvalley_04,Pilgrim Rest Camp,33.35,75.73,midvalley,15,2100,19.7,1.4,0.4832,3.8,0.52,600,2000,0.06,0.1
2025-07-15T14:15:00,heavy_rain,downstream_01,Riverside Colony,33.31,75.77,downstream,10,1800,14.28,1.15,0.4999,8.0,0.92,4200,400,0.15,0.25
2025-07-15T14:15:00,heavy_rain,downstream_02,Lower Falls Township,33.3,75.8,downstream,8,1700,17.65,1.34,0.5113,6.5,1.15,5500,250,0.16,0.24
2025-07-15T14:15:00,heavy_rain,downstream_03,Delta Market Village,33.29,75.75,downstream,12,1850,15.44,1.28,0.4955,5.0,0.63,3000,150,0.13,0.21
2025-07-15T14:15:00,heavy_rain,downstream_04,Flood Plain Hamlet,33.28,75.82,downstream,5,1600,15.65,1.28,0.5348,9.2,0.46,2200,100,0.18,0.23
2025-07-15T14:30:00,heavy_rain,upstream_01,Glacier View Station,33.45,75.6,upstream,38,3200,33.69,2.25,0.4093,2.1,0.05,200,50,0.08,0.15
2025-07-15T14:30:00,heavy_rain,upstream_02,Pine Ridge Outpost,33.43,75.63,upstream,35,3050,30.92,2.03,0.4538,3.0,0.09,350,100,0.1,0.18
2025-07-15T14:30:00,heavy_rain,upstream_03,Eagle Cliff Village,33.41,75.58,upstream,42,3400,29.41,2.03,0.3808,4.5,0.03,120,30,0.12,0.2
2025-07-15T14:30:00,heavy_rain,upstream_04,Snowmelt Creek Base,33.44,75.65,upstream,30,2900,33.95,2.04,0.4388,1.8,0.072,280,80,0.09,0.16
2025-07-15T14:30:00,heavy_rain,midvalley_01,Valley Temple Town,33.38,75.68,midvalley,22,2400,23.11,1.5,0.4503,5.2,0.46,1800,500,0.12,0.22
2025-07-15T14:30:00,heavy_rain,midvalley_02,Bridge Market Colony,33.36,75.71,midvalley,18,2200,23.73,1.63,0.4964,6.1,0.56,2500,300,0.14,0.2
2025-07-15T14:30:00,heavy_rain,midvalley_03,River Bend Settlement,33.37,75.66,midvalley,25,2300,27.74,1.79,0.4389,7.3,0.22,900,200,0.11,0.19
2025-07-15T14:30:00,heavy_rain,midvalley_04,Pilgrim Rest Camp,33.35,75.73,midvalley,15,2100,26.89,1.72,0.4825,3.8,0.52,600,2000,0.06,0.1
2025-07-15T14:30:00,heavy_rain,downstream_01,Riverside Colony,33.31,75.77,downstream,10,1800,20.58,1.43,0.5073,8.0,0.92,4200,400,0.15,0.25
2025-07-15T14:30:00,heavy_rain,downstream_02,Lower Falls Township,33.3,75.8,downstream,8,1700,19.24,1.37,0.4769,6.5,1.15,5500,250,0.16,0.24
2025-07-15T14:30:00,heavy_rain,downstream_03,Delta Market Village,33.29,75.75,downstream,12,1850,17.46,1.36,0.4724,5.0,0.63,3000,150,0.13,0.21
2025-07-15T14:30:00,heavy_rain,downstream_04,Flood Plain Hamlet,33.28,75.82,downstream,5,1600,22.42,1.4,0.5551,9.2,0.46,2200,100,0.18,0.23
2025-07-15T14:45:00,heavy_rain,upstream_01,Glacier View Station,33.45,75.6,upstream,38,3200,37.21,2.37,0.4401,2.1,0.05,200,50,0.08,0.15
2025-07-15T14:45:00,heavy_rain,upstream_02,Pine Ridge Outpost,33.43,75.63,upstream,35,3050,33.12,2.19,0.4383,3.0,0.09,350,100,0.1,0.18
2025-07-15T14:45:00,heavy_rain,upstream_03,Eagle Cliff Village,33.41,75.58,upstream,42,3400,36.2,2.45,0.4113,4.5,0.03,120,30,0.12,0.2
2025-07-15T14:45:00,heavy_rain,upstream_04,Snowmelt Creek Base,33.44,75.65,upstream,30,2900,33.34,2.12,0.4764,1.8,0.072,280,80,0.09,0.16
2025-07-15T14:45:00,heavy_rain,midvalley_01,Valley Temple Town,33.38,75.68,midvalley,22,2400,32.82,1.88,0.4747,5.2,0.46,1800,500,0.12,0.22
2025-07-15T14:45:00,heavy_rain,midvalley_02,Bridge Market Colony,33.36,75.71,midvalley,18,2200,29.07,1.72,0.4842,6.1,0.56,2500,300,0.14,0.2
2025-07-15T14:45:00,heavy_rain,midvalley_03,River Bend Settlement,33.37,75.66,midvalley,25,2300,28.03,1.85,0.4676,7.3,0.22,900,200,0.11,0.19
2025-07-15T14:45:00,heavy_rain,midvalley_04,Pilgrim Rest Camp,33.35,75.73,midvalley,15,2100,27.53,1.82,0.5071,3.8,0.52,600,2000,0.06,0.1
2025-07-15T14:45:00,heavy_rain,downstream_01,Riverside Colony,33.31,75.77,downstream,10,1800,23.53,1.57,0.5293,8.0,0.92,4200,400,0.15,0.25
2025-07-15T14:45:00,heavy_rain,downstream_02,Lower Falls Township,33.3,75.8,downstream,8,1700,20.31,1.42,0.5332,6.5,1.15,5500,250,0.16,0.24
2025-07-15T14:45:00,heavy_rain,downstream_03,Delta Market Village,33.29,75.75,downstream,12,1850,19.56,1.51,0.4653,5.0,0.63,3000,150,0.13,0.21
2025-07-15T14:45:00,heavy_rain,downstream_04,Flood Plain Hamlet,33.28,75.82,downstream,5,1600,21.37,1.55,0.5294,9.2,0.46,2200,100,0.18,0.23
2025-07-15T15:00:00,heavy_rain,upstream_01,Glacier View Station,33.45,75.6,upstream,38,3200,25.79,2.06,0.3919,2.1,0.05,200,50,0.08,0.15
2025-07-15T15:00:00,heavy_rain,upstream_02,Pine Ridge Outpost,33.43,75.63,upstream,35,3050,32.09,2.26,0.4121,3.0,0.09,350,100,0.1,0.18
2025-07-15T15:00:00,heavy_rain,upstream_03,Eagle Cliff Village,33.41,75.58,upstream,42,3400,28.64,2.21,0.3725,4.5,0.03,120,30,0.12,0.2
2025-07-15T15:00:00,heavy_rain,upstream_04,Snowmelt Creek Base,33.44,75.65,upstream,30,2900,30.02,2.14,0.4085,1.8,0.072,280,80,0.09,0.16
2025-07-15T15:00:00,heavy_rain,midvalley_01,Valley Temple Town,33.38,75.68,midvalley,22,2400,26.69,1.71,0.4576,5.2,0.46,1800,500,0.12,0.22
2025-07-15T15:00:00,heavy_rain,midvalley_02,Bridge Market Colony,33.36,75.71,midvalley,18,2200,24.92,1.62,0.49,6.1,0.56,2500,300,0.14,0.2
2025-07-15T15:00:00,heavy_rain,midvalley_03,River Bend Settlement,33.37,75.66,midvalley,25,2300,22.59,1.78,0.4423,7.3,0.22,900,200,0.11,0.19
2025-07-15T15:00:00,heavy_rain,midvalley_04,Pilgrim Rest Camp,33.35,75.73,midvalley,15,2100,25.02,1.66,0.4926,3.8,0.52,600,2000,0.06,0.1
2025-07-15T15:00:00,heavy_rain,downstream_01,Riverside Colony,33.31,75.77,downstream,10,1800,11.05,1.24,0.5061,8.0,0.92,4200,400,0.15,0.25
2025-07-15T15:00:00,heavy_rain,downstream_02,Lower Falls Township,33.3,75.8,downstream,8,1700,16.03,1.37,0.4857,6.5,1.15,5500,250,0.16,0.24
2025-07-15T15:00:00,heavy_rain,downstream_03,Delta Market Village,33.29,75.75,downstream,12,1850,19.07,1.56,0.4879,5.0,0.63,3000,150,0.13,0.21
2025-07-15T15:00:00,heavy_rain,downstream_04,Flood Plain Hamlet,33.28,75.82,downstream,5,1600,16.66,1.43,0.5345,9.2,0.46,2200,100,0.18,0.23
2025-07-15T15:15:00,heavy_rain,upstream_01,Glacier View Station,33.45,75.6,upstream,38,3200,31.29,2.2,0.394,2.1,0.05,200,50,0.08,0.15
2025-07-15T15:15:00,heavy_rain,upstream_02,Pine Ridge Outpost,33.43,75.63,upstream,35,3050,28.44,2.18,0.4403,3.0,0.09,350,100,0.1,0.18
2025-07-15T15:15:00,heavy_rain,upstream_03,Eagle Cliff Village,33.41,75.58,upstream,42,3400,28.6,2.22,0.3688,4.5,0.03,120,30,0.12,0.2
2025-07-15T15:15:00,heavy_rain,upstream_04,Snowmelt Creek Base,33.44,75.65,upstream,30,2900,33.45,2.26,0.458,1.8,0.072,280,80,0.09,0.16
2025-07-15T15:15:00,heavy_rain,midvalley_01,Valley Temple Town,33.38,75.68,midvalley,22,2400,26.47,1.91,0.4742,5.2,0.46,1800,500,0.12,0.22
2025-07-15T15:15:00,heavy_rain,midvalley_02,Bridge Market Colony,33.36,75.71,midvalley,18,2200,24.02,1.88,0.4806,6.1,0.56,2500,300,0.14,0.2
2025-07-15T15:15:00,heavy_rain,midvalley_03,River Bend Settlement,33.37,75.66,midvalley,25,2300,25.87,2.0,0.4536,7.3,0.22,900,200,0.11,0.19
2025-07-15T15:15:00,heavy_rain,midvalley_04,Pilgrim Rest Camp,33.35,75.73,midvalley,15,2100,24.25,1.74,0.4993,3.8,0.52,600,2000,0.06,0.1
2025-07-15T15:15:00,heavy_rain,downstream_01,Riverside Colony,33.31,75.77,downstream,10,1800,18.92,1.64,0.5137,8.0,0.92,4200,400,0.15,0.25
2025-07-15T15:15:00,heavy_rain,downstream_02,Lower Falls Township,33.3,75.8,downstream,8,1700,11.3,1.39,0.5357,6.5,1.15,5500,250,0.16,0.24
2025-07-15T15:15:00,heavy_rain,downstream_03,Delta Market Village,33.29,75.75,downstream,12,1850,19.3,1.65,0.4771,5.0,0.63,3000,150,0.13,0.21
2025-07-15T15:15:00,heavy_rain,downstream_04,Flood Plain Hamlet,33.28,75.82,downstream,5,1600,14.98,1.55,0.5075,9.2,0.46,2200,100,0.18,0.23
2025-07-15T15:30:00,heavy_rain,upstream_01,Glacier View Station,33.45,75.6,upstream,38,3200,34.44,2.49,0.4307,2.1,0.05,200,50,0.08,0.15
2025-07-15T15:30:00,heavy_rain,upstream_02,Pine Ridge Outpost,33.43,75.63,upstream,35,3050,34.31,2.53,0.4352,3.0,0.09,350,100,0.1,0.18
2025-07-15T15:30:00,heavy_rain,upstream_03,Eagle Cliff Village,33.41,75.58,upstream,42,3400,33.89,2.55,0.3957,4.5,0.03,120,30,0.12,0.2
2025-07-15T15:30:00,heavy_rain,upstream_04,Snowmelt Creek Base,33.44,75.65,upstream,30,2900,36.22,2.43,0.4824,1.8,0.072,280,80,0.09,0.16
2025-07-15T15:30:00,heavy_rain,midvalley_01,Valley Temple Town,33.38,75.68,midvalley,22,2400,26.05,1.99,0.5008,5.2,0.46,1800,500,0.12,0.22
2025-07-15T15:30:00,heavy_rain,midvalley_02,Bridge Market Colony,33.36,75.71,midvalley,18,2200,28.95,1.99,0.4818,6.1,0.56,2500,300,0.14,0.2
2025-07-15T15:30:00,heavy_rain,midvalley_03,River Bend Settlement,33.37,75.66,midvalley,25,2300,29.0,2.1,0.4684,7.3,0.22,900,200,0.11,0.19
2025-07-15T15:30:00,heavy_rain,midvalley_04,Pilgrim Rest Camp,33.35,75.73,midvalley,15,2100,31.57,1.94,0.5288,3.8,0.52,600,2000,0.06,0.1
2025-07-15T15:30:00,heavy_rain,downstream_01,Riverside Colony,33.31,75.77,downstream,10,1800,21.77,1.78,0.5391,8.0,0.92,4200,400,0.15,0.25
2025-07-15T15:30:00,heavy_rain,downstream_02,Lower Falls Township,33.3,75.8,downstream,8,1700,21.03,1.81,0.5371,6.5,1.15,5500,250,0.16,0.24
2025-07-15T15:30:00,heavy_rain,downstream_03,Delta Market Village,33.29,75.75,downstream,12,1850,22.59,1.88,0.5048,5.0,0.63,3000,150,0.13,0.21
2025-07-15T15:30:00,heavy_rain,downstream_04,Flood Plain Hamlet,33.28,75.82,downstream,5,1600,19.49,1.73,0.5338,9.2,0.46,2200,100,0.18,0.23
2025-07-15T15:45:00,heavy_rain,upstream_01,Glacier View Station,33.45,75.6,upstream,38,3200,33.48,2.44,0.3935,2.1,0.05,200,50,0.08,0.15
2025-07-15T15:45:00,heavy_rain,upstream_02,Pine Ridge Outpost,33.43,75.63,upstream,35,3050,25.99,2.11,0.3902,3.0,0.09,350,100,0.1,0.18
2025-07-15T15:45:00,heavy_rain,upstream_03,Eagle Cliff Village,33.41,75.58,upstream,42,3400,33.58,2.52,0.4109,4.5,0.03,120,30,0.12,0.2
2025-07-15T15:45:00,heavy_rain,upstream_04,Snowmelt Creek Base,33.44,75.65,upstream,30,2900,34.8,2.4,0.474,1.8,0.072,280,80,0.09,0.16
2025-07-15T15:45:00,heavy_rain,midvalley_01,Valley Temple Town,33.38,75.68,midvalley,22,2400,20.25,1.9,0.4966,5.2,0.46,1800,500,0.12,0.22
2025-07-15T15:45:00,heavy_rain,midvalley_02,Bridge Market Colony,33.36,75.71,midvalley,18,2200,21.95,2.05,0.4963,6.1,0.56,2500,300,0.14,0.2
2025-07-15T15:45:00,heavy_rain,midvalley_03,River Bend Settlement,33.37,75.66,midvalley,25,2300,28.01,2.03,0.4703,7.3,0.22,900,200,0.11,0.19
2025-07-15T15:45:00,heavy_rain,midvalley_04,Pilgrim Rest Camp,33.35,75.73,midvalley,15,2100,26.95,1.91,0.521,3.8,0.52,600,2000,0.06,0.1
2025-07-15T15:45:00,heavy_rain,downstream_01,Riverside Colony,33.31,75.77,downstream,10,1800,17.88,1.73,0.5024,8.0,0.92,4200,400,0.15,0.25
2025-07-15T15:45:00,heavy_rain,downstream_02,Lower Falls Township,33.3,75.8,downstream,8,1700,17.11,1.75,0.4775,6.5,1.15,5500,250,0.16,0.24
2025-07-15T15:45:00,heavy_rain,downstream_03,Delta Market Village,33.29,75.75,downstream,12,1850,15.69,1.8,0.465,5.0,0.63,3000,150,0.13,0.21
2025-07-15T15:45:00,heavy_rain,downstream_04,Flood Plain Hamlet,33.28,75.82,downstream,5,1600,20.46,1.65,0.5547,9.2,0.46,2200,100,0.18,0.23
2025-07-15T16:00:00,heavy_rain,upstream_01,Glacier View Station,33.45,75.6,upstream,38,3200,34.58,2.59,0.3941,2.1,0.05,200,50,0.08,0.15
2025-07-15T16:00:00,heavy_rain,upstream_02,Pine Ridge Outpost,33.43,75.63,upstream,35,3050,33.8,2.53,0.407,3.0,0.09,350,100,0.1,0.18
2025-07-15T16:00:00,heavy_rain,upstream_03,Eagle Cliff Village,33.41,75.58,upstream,42,3400,30.03,2.5,0.3681,4.5,0.03,120,30,0.12,0.2
2025-07-15T16:00:00,heavy_rain,upstream_04,Snowmelt Creek Base,33.44,75.65,upstream,30,2900,29.51,2.3,0.4473,1.8,0.072,280,80,0.09,0.16
2025-07-15T16:00:00,heavy_rain,midvalley_01,Valley Temple Town,33.38,75.68,midvalley,22,2400,28.35,2.12,0.4795,5.2,0.46,1800,500,0.12,0.22
2025-07-15T16:00:00,heavy_rain,midvalley_02,Bridge Market Colony,33.36,75.71,midvalley,18,2200,27.5,2.01,0.4839,6.1,0.56,2500,300,0.14,0.2
2025-07-15T16:00:00,heavy_rain,midvalley_03,River Bend Settlement,33.37,75.66,midvalley,25,2300,28.34,2.08,0.461,7.3,0.22,900,200,0.11,0.19
2025-07-15T16:00:00,heavy_rain,midvalley_04,Pilgrim Rest Camp,33.35,75.73,midvalley,15,2100,25.84,1.9,0.4893,3.8,0.52,600,2000,0.06,0.1
2025-07-15T16:00:00,heavy_rain,downstream_01,Riverside Colony,33.31,75.77,downstream,10,1800,22.57,1.94,0.4928,8.0,0.92,4200,400,0.15,0.25
2025-07-15T16:00:00,heavy_rain,downstream_02,Lower Falls Township,33.3,75.8,downstream,8,1700,17.64,1.94,0.5308,6.5,1.15,5500,250,0.16,0.24
2025-07-15T16:00:00,heavy_rain,downstream_03,Delta Market Village,33.29,75.75,downstream,12,1850,21.57,2.02,0.4912,5.0,0.63,3000,150,0.13,0.21
2025-07-15T16:00:00,heavy_rain,downstream_04,Flood Plain Hamlet,33.28,75.82,downstream,5,1600,17.4,1.86,0.5701,9.2,0.46,2200,100,0.18,0.23
2025-07-15T16:15:00,heavy_rain,upstream_01,Glacier View Station,33.45,75.6,upstream,38,3200,39.43,2.83,0.4366,2.1,0.05,200,50,0.08,0.15
2025-07-15T16:15:00,heavy_rain,upstream_02,Pine Ridge Outpost,33.43,75.63,upstream,35,3050,37.9,2.73,0.4396,3.0,0.09,350,100,0.1,0.18
2025-07-15T16:15:00,heavy_rain,upstream_03,Eagle Cliff Village,33.41,75.58,upstream,42,3400,40.09,2.91,0.4545,4.5,0.03,120,30,0.12,0.2
2025-07-15T16:15:00,heavy_rain,upstream_04,Snowmelt Creek Base,33.44,75.65,upstream,30,2900,35.42,2.7,0.4545,1.8,0.072,280,80,0.09,0.16
2025-07-15T16:15:00,heavy_rain,midvalley_01,Valley Temple Town,33.38,75.68,midvalley,22,2400,30.19,2.31,0.5134,5.2,0.46,1800,500,0.12,0.22
2025-07-15T16:15:00,heavy_rain,midvalley_02,Bridge Market Colony,33.36,75.71,midvalley,18,2200,30.69,2.26,0.5135,6.1,0.56,2500,300,0.14,0.2
2025-07-15T16:15:00,heavy_rain,midvalley_03,River Bend Settlement,33.37,75.66,midvalley,25,2300,31.04,2.24,0.4641,7.3,0.22,900,200,0.11,0.19
2025-07-15T16:15:00,heavy_rain,midvalley_04,Pilgrim Rest Camp,33.35,75.73,midvalley,15,2100,29.77,2.08,0.5013,3.8,0.52,600,2000,0.06,0.1
2025-07-15T16:15:00,heavy_rain,downstream_01,Riverside Colony,33.31,75.77,downstream,10,1800,22.33,2.1,0.5016,8.0,0.92,4200,400,0.15,0.25
2025-07-15T16:15:00,heavy_rain,downstream_02,Lower Falls Township,33.3,75.8,downstream,8,1700,19.15,2.1,0.5241,6.5,1.15,5500,250,0.16,0.24
2025-07-15T16:15:00,heavy_rain,downstream_03,Delta Market Village,33.29,75.75,downstream,12,1850,18.27,2.17,0.5023,5.0,0.63,3000,150,0.13,0.21
2025-07-15T16:15:00,heavy_rain,downstream_04,Flood Plain Hamlet,33.28,75.82,downstream,5,1600,19.84,2.05,0.568,9.2,0.46,2200,100,0.18,0.23
2025-07-15T16:30:00,heavy_rain,upstream_01,Glacier View Station,33.45,75.6,upstream,38,3200,35.18,2.75,0.4267,2.1,0.05,200,50,0.08,0.15
2025-07-15T16:30:00,heavy_rain,upstream_02,Pine Ridge Outpost,33.43,75.63,upstream,35,3050,36.37,2.75,0.4157,3.0,0.09,350,100,0.1,0.18
2025-07-15T16:30:00,heavy_rain,upstream_03,Eagle Cliff Village,33.41,75.58,upstream,42,3400,32.46,2.66,0.3852,4.5,0.03,120,30,0.12,0.2
2025-07-15T16:30:00,heavy_rain,upstream_04,Snowmelt Creek Base,33.44,75.65,upstream,30,2900,33.82,2.63,0.4762,1.8,0.072,280,80,0.09,0.16
2025-07-15T16:30:00,heavy_rain,midvalley_01,Valley Temple Town,33.38,75.68,midvalley,22,2400,30.62,2.19,0.46,5.2,0.46,1800,500,0.12,0.22
2025-07-15T16:30:00,heavy_rain,midvalley_02,Bridge Market Colony,33.36,75.71,midvalley,18,2200,31.83,2.28,0.5083,6.1,0.56,2500,300,0.14,0.2
2025-07-15T16:30:00,heavy_rain,midvalley_03,River Bend Settlement,33.37,75.66,midvalley,25,2300,30.19,2.22,0.4694,7.3,0.22,900,200,0.11,0.19
2025-07-15T16:30:00,heavy_rain,midvalley_04,Pilgrim Rest Camp,33.35,75.73,midvalley,15,2100,29.67,2.16,0.511,3.8,0.52,600,2000,0.06,0.1
2025-07-15T16:30:00,heavy_rain,downstream_01,Riverside Colony,33.31,75.77,downstream,10,1800,22.5,1.97,0.5018,8.0,0.92,4200,400,0.15,0.25
2025-07-15T16:30:00,heavy_rain,downstream_02,Lower Falls Township,33.3,75.8,downstream,8,1700,16.91,1.96,0.5209,6.5,1.15,5500,250,0.16,0.24
2025-07-15T16:30:00,heavy_rain,downstream_03,Delta Market Village,33.29,75.75,downstream,12,1850,16.28,2.18,0.4966,5.0,0.63,3000,150,0.13,0.21
2025-07-15T16:30:00,heavy_rain,downstream_04,Flood Plain Hamlet,33.28,75.82,downstream,5,1600,20.57,1.99,0.5535,9.2,0.46,2200,100,0.18,0.23
2025-07-15T16:45:00,heavy_rain,upstream_01,Glacier View Station,33.45,75.6,upstream,38,3200,40.09,3.01,0.4245,2.1,0.05,200,50,0.08,0.15
2025-07-15T16:45:00,heavy_rain,upstream_02,Pine Ridge Outpost,33.43,75.63,upstream,35,3050,38.9,2.95,0.4283,3.0,0.09,350,100,0.1,0.18
2025-07-15T16:45:00,heavy_rain,upstream_03,Eagle Cliff Village,33.41,75.58,upstream,42,3400,37.9,3.01,0.3886,4.5,0.03,120,30,0.12,0.2
2025-07-15T16:45:00,heavy_rain,upstream_04,Snowmelt Creek Base,33.44,75.65,upstream,30,2900,36.46,2.73,0.4599,1.8,0.072,280,80,0.09,0.16
2025-07-15T16:45:00,heavy_rain,midvalley_01,Valley Temple Town,33.38,75.68,midvalley,22,2400,34.05,2.33,0.5016,5.2,0.46,1800,500,0.12,0.22
2025-07-15T16:45:00,heavy_rain,midvalley_02,Bridge Market Colony,33.36,75.71,midvalley,18,2200,33.51,2.31,0.5383,6.1,0.56,2500,300,0.14,0.2
2025-07-15T16:45:00,heavy_rain,midvalley_03,River Bend Settlement,33.37,75.66,midvalley,25,2300,31.9,2.31,0.4445,7.3,0.22,900,200,0.11,0.19
2025-07-15T16:45:00,heavy_rain,midvalley_04,Pilgrim Rest Camp,33.35,75.73,midvalley,15,2100,31.27,2.23,0.5066,3.8,0.52,600,2000,0.06,0.1
2025-07-15T16:45:00,heavy_rain,downstream_01,Riverside Colony,33.31,75.77,downstream,10,1800,22.43,2.11,0.5279,8.0,0.92,4200,400,0.15,0.25
2025-07-15T16:45:00,heavy_rain,downstream_02,Lower Falls Township,33.3,75.8,downstream,8,1700,23.29,1.99,0.5312,6.5,1.15,5500,250,0.16,0.24
2025-07-15T16:45:00,heavy_rain,downstream_03,Delta Market Village,33.29,75.75,downstream,12,1850,20.44,2.08,0.4984,5.0,0.63,3000,150,0.13,0.21
2025-07-15T16:45:00,heavy_rain,downstream_04,Flood Plain Hamlet,33.28,75.82,downstream,5,1600,23.51,2.12,0.5762,9.2,0.46,2200,100,0.18,0.23
2025-07-15T17:00:00,heavy_rain,upstream_01,Glacier View Station,33.45,75.6,upstream,38,3200,41.6,3.1,0.4378,2.1,0.05,200,50,0.08,0.15
2025-07-15T17:00:00,heavy_rain,upstream_02,Pine Ridge Outpost,33.43,75.63,upstream,35,3050,37.4,2.89,0.4311,3.0,0.09,350,100,0.1,0.18
2025-07-15T17:00:00,heavy_rain,upstream_03,Eagle Cliff Village,33.41,75.58,upstream,42,3400,38.96,3.09,0.4101,4.5,0.03,120,30,0.12,0.2
2025-07-15T17:00:00,heavy_rain,upstream_04,Snowmelt Creek Base,33.44,75.65,upstream,30,2900,39.5,2.95,0.4923,1.8,0.072,280,80,0.09,0.16
2025-07-15T17:00:00,heavy_rain,midvalley_01,Valley Temple Town,33.38,75.68,midvalley,22,2400,29.22,2.58,0.4266,5.2,0.46,1800,500,0.12,0.22
2025-07-15T17:00:00,heavy_rain,midvalley_02,Bridge Market Colony,33.36,75.71,midvalley,18,2200,29.45,2.41,0.4939,6.1,0.56,2500,300,0.14,0.2
2025-07-15T17:00:00,heavy_rain,midvalley_03,River Bend Settlement,33.37,75.66,midvalley,25,2300,28.58,2.61,0.4716,7.3,0.22,900,200,0.11,0.19
2025-07-15T17:00:00,heavy_rain,midvalley_04,Pilgrim Rest Camp,33.35,75.73,midvalley,15,2100,31.03,2.4,0.4663,3.8,0.52,600,2000,0.06,0.1
2025-07-15T17:00:00,heavy_rain,downstream_01,Riverside Colony,33.31,75.77,downstream,10,1800,23.31,2.28,0.4904,8.0,0.92,4200,400,0.15,0.25
2025-07-15T17:00:00,heavy_rain,downstream_02,Lower Falls Township,33.3,75.8,downstream,8,1700,22.5,2.26,0.5391,6.5,1.15,5500,250,0.16,0.24
2025-07-15T17:00:00,heavy_rain,downstream_03,Delta Market Village,33.29,75.75,downstream,12,1850,20.58,2.29,0.5257,5.0,0.63,3000,150,0.13,0.21
2025-07-15T17:00:00,heavy_rain,downstream_04,Flood Plain Hamlet,33.28,75.82,downstream,5,1600,22.48,2.19,0.5238,9.2,0.46,2200,100,0.18,0.23
2025-07-15T17:15:00,heavy_rain,upstream_01,Glacier View Station,33.45,75.6,upstream,38,3200,36.64,2.93,0.4542,2.1,0.05,200,50,0.08,0.15
2025-07-15T17:15:00,heavy_rain,upstream_02,Pine Ridge Outpost,33.43,75.63,upstream,35,3050,33.76,2.84,0.4557,3.0,0.09,350,100,0.1,0.18
2025-07-15T17:15:00,heavy_rain,upstream_03,Eagle Cliff Village,33.41,75.58,upstream,42,3400,35.65,3.0,0.4177,4.5,0.03,120,30,0.12,0.2
2025-07-15T17:15:00,heavy_rain,upstream_04,Snowmelt Creek Base,33.44,75.65,upstream,30,2900,40.64,2.98,0.4855,1.8,0.072,280,80,0.09,0.16
2025-07-15T17:15:00,heavy_rain,midvalley_01,Valley Temple Town,33.38,75.68,midvalley,22,2400,35.14,2.56,0.4833,5.2,0.46,1800,500,0.12,0.22
2025-07-15T17:15:00,heavy_rain,midvalley_02,Bridge Market Colony,33.36,75.71,midvalley,18,2200,31.42,2.55,0.5303,6.1,0.56,2500,300,0.14,0.2
2025-07-15T17:15:00,heavy_rain,midvalley_03,River Bend Settlement,33.37,75.66,midvalley,25,2300,30.89,2.59,0.4526,7.3,0.22,900,200,0.11,0.19
2025-07-15T17:15:00,heavy_rain,midvalley_04,Pilgrim Rest Camp,33.35,75.73,midvalley,15,2100,29.47,2.44,0.5537,3.8,0.52,600,2000,0.06,0.1
2025-07-15T17:15:00,heavy_rain,downstream_01,Riverside Colony,33.31,75.77,downstream,10,1800,20.85,2.2,0.5162,8.0,0.92,4200,400,0.15,0.25
2025-07-15T17:15:00,heavy_rain,downstream_02,Lower Falls Township,33.3,75.8,downstream,8,1700,19.63,2.21,0.5429,6.5,1.15,5500,250,0.16,0.24
2025-07-15T17:15:00,heavy_rain,downstream_03,Delta Market Village,33.29,75.75,downstream,12,1850,19.48,2.35,0.5092,5.0,0.63,3000,150,0.13,0.21
2025-07-15T17:15:00,heavy_rain,downstream_04,Flood Plain Hamlet,33.28,75.82,downstream,5,1600,23.01,2.17,0.564,9.2,0.46,2200,100,0.18,0.23
2025-07-15T17:30:00,heavy_rain,upstream_01,Glacier View Station,33.45,75.6,upstream,38,3200,38.84,3.13,0.4201,2.1,0.05,200,50,0.08,0.15
2025-07-15T17:30:00,heavy_rain,upstream_02,Pine Ridge Outpost,33.43,75.63,upstream,35,3050,38.49,3.1,0.4516,3.0,0.09,350,100,0.1,0.18
2025-07-15T17:30:00,heavy_rain,upstream_03,Eagle Cliff Village,33.41,75.58,upstream,42,3400,40.17,3.31,0.3976,4.5,0.03,120,30,0.12,0.2
2025-07-15T17:30:00,heavy_rain,upstream_04,Snowmelt Creek Base,33.44,75.65,upstream,30,2900,35.95,2.99,0.4632,1.8,0.072,280,80,0.09,0.16
2025-07-15T17:30:00,heavy_rain,midvalley_01,Valley Temple Town,33.38,75.68,midvalley,22,2400,30.88,2.72,0.4934,5.2,0.46,1800,500,0.12,0.22
2025-07-15T17:30:00,heavy_rain,midvalley_02,Bridge Market Colony,33.36,75.71,midvalley,18,2200,29.14,2.55,0.4806,6.1,0.56,2500,300,0.14,0.2
2025-07-15T17:30:00,heavy_rain,midvalley_03,River Bend Settlement,33.37,75.66,midvalley,25,2300,25.93,2.65,0.4939,7.3,0.22,900,200,0.11,0.19
2025-07-15T17:30:00,heavy_rain,midvalley_04,Pilgrim Rest Camp,33.35,75.73,midvalley,15,2100,29.42,2.58,0.5077,3.8,0.52,600,2000,0.06,0.1
2025-07-15T17:30:00,heavy_rain,downstream_01,Riverside Colony,33.31,75.77,downstream,10,1800,22.54,2.35,0.5348,8.0,0.92,4200,400,0.15,0.25
2025-07-15T17:30:00,heavy_rain,downstream_02,Lower Falls Township,33.3,75.8,downstream,8,1700,20.57,2.34,0.5274,6.5,1.15,5500,250,0.16,0.24
2025-07-15T17:30:00,heavy_rain,downstream_03,Delta Market Village,33.29,75.75,downstream,12,1850,24.12,2.44,0.5222,5.0,0.63,3000,150,0.13,0.21
2025-07-15T17:30:00,heavy_rain,downstream_04,Flood Plain Hamlet,33.28,75.82,downstream,5,1600,22.23,2.33,0.5652,9.2,0.46,2200,100,0.18,0.23
2025-07-15T17:45:00,heavy_rain,upstream_01,Glacier View Station,33.45,75.6,upstream,38,3200,37.87,3.15,0.4106,2.1,0.05,200,50,0.08,0.15
2025-07-15T17:45:00,heavy_rain,upstream_02,Pine Ridge Outpost,33.43,75.63,upstream,35,3050,38.24,3.14,0.4645,3.0,0.09,350,100,0.1,0.18
2025-07-15T17:45:00,heavy_rain,upstream_03,Eagle Cliff Village,33.41,75.58,upstream,42,3400,37.69,3.25,0.4371,4.5,0.03,120,30,0.12,0.2
2025-07-15T17:45:00,heavy_rain,upstream_04,Snowmelt Creek Base,33.44,75.65,upstream,30,2900,42.27,3.1,0.4881,1.8,0.072,280,80,0.09,0.16
2025-07-15T17:45:00,heavy_rain,midvalley_01,Valley Temple Town,33.38,75.68,midvalley,22,2400,32.4,2.8,0.4948,5.2,0.46,1800,500,0.12,0.22
2025-07-15T17:45:00,heavy_rain,midvalley_02,Bridge Market Colony,33.36,75.71,midvalley,18,2200,32.24,2.62,0.5039,6.1,0.56,2500,300,0.14,0.2
2025-07-15T17:45:00,heavy_rain,midvalley_03,River Bend Settlement,33.37,75.66,midvalley,25,2300,30.47,2.75,0.4494,7.3,0.22,900,200,0.11,0.19
2025-07-15T17:45:00,heavy_rain,midvalley_04,Pilgrim Rest Camp,33.35,75.73,midvalley,15,2100,32.07,2.66,0.5546,3.8,0.52,600,2000,0.06,0.1
2025-07-15T17:45:00,heavy_rain,downstream_01,Riverside Colony,33.31,75.77,downstream,10,1800,19.23,2.62,0.5166,8.0,0.92,4200,400,0.15,0.25
2025-07-15T17:45:00,heavy_rain,downstream_02,Lower Falls Township,33.3,75.8,downstream,8,1700,20.4,2.53,0.5185,6.5,1.15,5500,250,0.16,0.24
2025-07-15T17:45:00,heavy_rain,downstream_03,Delta Market Village,33.29,75.75,downstream,12,1850,20.05,2.58,0.5131,5.0,0.63,3000,150,0.13,0.21
2025-07-15T17:45:00,heavy_rain,downstream_04,Flood Plain Hamlet,33.28,75.82,downstream,5,1600,22.46,2.46,0.5246,9.2,0.46,2200,100,0.18,0.23
2025-07-15T18:00:00,heavy_rain,upstream_01,Glacier View Station,33.45,75.6,upstream,38,3200,44.38,3.46,0.4777,2.1,0.05,200,50,0.08,0.15
2025-07-15T18:00:00,heavy_rain,upstream_02,Pine Ridge Outpost,33.43,75.63,upstream,35,3050,45.57,3.39,0.4804,3.0,0.09,350,100,0.1,0.18
2025-07-15T18:00:00,heavy_rain,upstream_03,Eagle Cliff Village,33.41,75.58,upstream,42,3400,41.6,3.52,0.3843,4.5,0.03,120,30,0.12,0.2
2025-07-15T18:00:00,heavy_rain,upstream_04,Snowmelt Creek Base,33.44,75.65,upstream,30,2900,44.02,3.28,0.5332,1.8,0.072,280,80,0.09,0.16
2025-07-15T18:00:00,heavy_rain,midvalley_01,Valley Temple Town,33.38,75.68,midvalley,22,2400,37.97,2.86,0.5348,5.2,0.46,1800,500,0.12,0.22
2025-07-15T18:00:00,heavy_rain,midvalley_02,Bridge Market Colony,33.36,75.71,midvalley,18,2200,41.72,2.76,0.5593,6.1,0.56,2500,300,0.14,0.2
2025-07-15T18:00:00,heavy_rain,midvalley_03,River Bend Settlement,33.37,75.66,midvalley,25,2300,38.79,2.77,0.5069,7.3,0.22,900,200,0.11,0.19
2025-07-15T18:00:00,heavy_rain,midvalley_04,Pilgrim Rest Camp,33.35,75.73,midvalley,15,2100,35.97,2.66,0.5328,3.8,0.52,600,2000,0.06,0.1
2025-07-15T18:00:00,heavy_rain,downstream_01,Riverside Colony,33.31,75.77,downstream,10,1800,25.41,2.61,0.5402,8.0,0.92,4200,400,0.15,0.25
2025-07-15T18:00:00,heavy_rain,downstream_02,Lower Falls Township,33.3,75.8,downstream,8,1700,26.5,2.48,0.569,6.5,1.15,5500,250,0.16,0.24
2025-07-15T18:00:00,heavy_rain,downstream_03,Delta Market Village,33.29,75.75,downstream,12,1850,25.93,2.5,0.5035,5.0,0.63,3000,150,0.13,0.21
2025-07-15T18:00:00,heavy_rain,downstream_04,Flood Plain Hamlet,33.28,75.82,downstream,5,1600,26.16,2.57,0.551,9.2,0.46,2200,100,0.18,0.23
2025-07-15T18:15:00,heavy_rain,upstream_01,Glacier View Station,33.45,75.6,upstream,38,3200,43.53,3.58,0.4777,2.1,0.05,200,50,0.08,0.15
2025-07-15T18:15:00,heavy_rain,upstream_02,Pine Ridge Outpost,33.43,75.63,upstream,35,3050,46.74,3.52,0.4607,3.0,0.09,350,100,0.1,0.18
2025-07-15T18:15:00,heavy_rain,upstream_03,Eagle Cliff Village,33.41,75.58,upstream,42,3400,44.83,3.74,0.4463,4.5,0.03,120,30,0.12,0.2
2025-07-15T18:15:00,heavy_rain,upstream_04,Snowmelt Creek Base,33.44,75.65,upstream,30,2900,48.66,3.47,0.4862,1.8,0.072,280,80,0.09,0.16
2025-07-15T18:15:00,heavy_rain,midvalley_01,Valley Temple Town,33.38,75.68,midvalley,22,2400,38.26,2.81,0.4694,5.2,0.46,1800,500,0.12,0.22
2025-07-15T18:15:00,heavy_rain,midvalley_02,Bridge Market Colony,33.36,75.71,midvalley,18,2200,37.68,2.67,0.5137,6.1,0.56,2500,300,0.14,0.2
2025-07-15T18:15:00,heavy_rain,midvalley_03,River Bend Settlement,33.37,75.66,midvalley,25,2300,39.01,2.78,0.4814,7.3,0.22,900,200,0.11,0.19
2025-07-15T18:15:00,heavy_rain,midvalley_04,Pilgrim Rest Camp,33.35,75.73,midvalley,15,2100,32.23,2.79,0.5212,3.8,0.52,600,2000,0.06,0.1
2025-07-15T18:15:00,heavy_rain,downstream_01,Riverside Colony,33.31,75.77,downstream,10,1800,29.91,2.66,0.5306,8.0,0.92,4200,400,0.15,0.25
2025-07-15T18:15:00,heavy_rain,downstream_02,Lower Falls Township,33.3,75.8,downstream,8,1700,27.52,2.67,0.5226,6.5,1.15,5500,250,0.16,0.24
2025-07-15T18:15:00,heavy_rain,downstream_03,Delta Market Village,33.29,75.75,downstream,12,1850,28.12,2.71,0.5489,5.0,0.63,3000,150,0.13,0.21
2025-07-15T18:15:00,heavy_rain,downstream_04,Flood Plain Hamlet,33.28,75.82,downstream,5,1600,26.18,2.58,0.536,9.2,0.46,2200,100,0.18,0.23
2025-07-15T18:30:00,heavy_rain,upstream_01,Glacier View Station,33.45,75.6,upstream,38,3200,44.01,3.56,0.4603,2.1,0.05,200,50,0.08,0.15
2025-07-15T18:30:00,heavy_rain,upstream_02,Pine Ridge Outpost,33.43,75.63,upstream,35,3050,46.26,3.62,0.4583,3.0,0.09,350,100,0.1,0.18
2025-07-15T18:30:00,heavy_rain,upstream_03,Eagle Cliff Village,33.41,75.58,upstream,42,3400,41.78,3.63,0.3668,4.5,0.03,120,30,0.12,0.2
2025-07-15T18:30:00,heavy_rain,upstream_04,Snowmelt Creek Base,33.44,75.65,upstream,30,2900,44.75,3.47,0.4786,1.8,0.072,280,80,0.09,0.16
2025-07-15T18:30:00,heavy_rain,midvalley_01,Valley Temple Town,33.38,75.68,midvalley,22,2400,37.09,2.87,0.47,5.2,0.46,1800,500,0.12,0.22
2025-07-15T18:30:00,heavy_rain,midvalley_02,Bridge Market Colony,33.36,75.71,midvalley,18,2200,37.65,2.85,0.4979,6.1,0.56,2500,300,0.14,0.2
2025-07-15T18:30:00,heavy_rain,midvalley_03,River Bend Settlement,33.37,75.66,midvalley,25,2300,33.35,2.93,0.4844,7.3,0.22,900,200,0.11,0.19
2025-07-15T18:30:00,heavy_rain,midvalley_04,Pilgrim Rest Camp,33.35,75.73,midvalley,15,2100,32.83,2.76,0.5468,3.8,0.52,600,2000,0.06,0.1
2025-07-15T18:30:00,heavy_rain,downstream_01,Riverside Colony,33.31,75.77,downstream,10,1800,23.62,2.82,0.5249,8.0,0.92,4200,400,0.15,0.25
2025-07-15T18:30:00,heavy_rain,downstream_02,Lower Falls Township,33.3,75.8,downstream,8,1700,23.21,2.75,0.5309,6.5,1.15,5500,250,0.16,0.24
2025-07-15T18:30:00,heavy_rain,downstream_03,Delta Market Village,33.29,75.75,downstream,12,1850,26.63,2.77,0.5234,5.0,0.63,3000,150,0.13,0.21
2025-07-15T18:30:00,heavy_rain,downstream_04,Flood Plain Hamlet,33.28,75.82,downstream,5,1600,23.59,2.64,0.5475,9.2,0.46,2200,100,0.18,0.23
2025-07-15T18:45:00,heavy_rain,upstream_01,Glacier View Station,33.45,75.6,upstream,38,3200,35.23,3.22,0.4338,2.1,0.05,200,50,0.08,0.15
2025-07-15T18:45:00,heavy_rain,upstream_02,Pine Ridge Outpost,33.43,75.63,upstream,35,3050,32.33,3.29,0.4344,3.0,0.09,350,100,0.1,0.18
2025-07-15T18:45:00,heavy_rain,upstream_03,Eagle Cliff Village,33.41,75.58,upstream,42,3400,34.39,3.36,0.3786,4.5,0.03,120,30,0.12,0.2
2025-07-15T18:45:00,heavy_rain,upstream_04,Snowmelt Creek Base,33.44,75.65,upstream,30,2900,37.1,3.24,0.4484,1.8,0.072,280,80,0.09,0.16
2025-07-15T18:45:00,heavy_rain,midvalley_01,Valley Temple Town,33.38,75.68,midvalley,22,2400,27.66,3.16,0.4539,5.2,0.46,1800,500,0.12,0.22
2025-07-15T18:45:00,heavy_rain,midvalley_02,Bridge Market Colony,33.36,75.71,midvalley,18,2200,31.88,3.08,0.5121,6.1,0.56,2500,300,0.14,0.2
2025-07-15T18:45:00,heavy_rain,midvalley_03,River Bend Settlement,33.37,75.66,midvalley,25,2300,28.04,3.25,0.4279,7.3,0.22,900,200,0.11,0.19
2025-07-15T18:45:00,heavy_rain,midvalley_04,Pilgrim Rest Camp,33.35,75.73,midvalley,15,2100,28.47,3.2,0.5068,3.8,0.52,600,2000,0.06,0.1
2025-07-15T18:45:00,heavy_rain,downstream_01,Riverside Colony,33.31,75.77,downstream,10,1800,20.64,2.77,0.4969,8.0,0.92,4200,400,0.15,0.25
2025-07-15T18:45:00,heavy_rain,downstream_02,Lower Falls Township,33.3,75.8,downstream,8,1700,22.34,2.69,0.5293,6.5,1.15,5500,250,0.16,0.24
2025-07-15T18:45:00,heavy_rain,downstream_03,Delta Market Village,33.29,75.75,downstream,12,1850,21.88,2.91,0.4923,5.0,0.63,3000,150,0.13,0.21
2025-07-15T18:45:00,heavy_rain,downstream_04,Flood Plain Hamlet,33.28,75.82,downstream,5,1600,22.2,2.79,0.5327,9.2,0.46,2200,100,0.18,0.23
2025-07-15T19:00:00,heavy_rain,upstream_01,Glacier View Station,33.45,75.6,upstream,38,3200,47.6,3.82,0.4625,2.1,0.05,200,50,0.08,0.15
2025-07-15T19:00:00,heavy_rain,upstream_02,Pine Ridge Outpost,33.43,75.63,upstream,35,3050,44.61,3.67,0.4794,3.0,0.09,350,100,0.1,0.18
2025-07-15T19:00:00,heavy_rain,upstream_03,Eagle Cliff Village,33.41,75.58,upstream,42,3400,45.09,3.87,0.4062,4.5,0.03,120,30,0.12,0.2
2025-07-15T19:00:00,heavy_rain,upstream_04,Snowmelt Creek Base,33.44,75.65,upstream,30,2900,50.02,3.77,0.4787,1.8,0.072,280,80,0.09,0.16
2025-07-15T19:00:00,heavy_rain,midvalley_01,Valley Temple Town,33.38,75.68,midvalley,22,2400,41.07,3.26,0.5116,5.2,0.46,1800,500,0.12,0.22
2025-07-15T19:00:00,heavy_rain,midvalley_02,Bridge Market Colony,33.36,75.71,midvalley,18,2200,36.12,3.16,0.5269,6.1,0.56,2500,300,0.14,0.2
2025-07-15T19:00:00,heavy_rain,midvalley_03,River Bend Settlement,33.37,75.66,midvalley,25,2300,40.22,3.42,0.5194,7.3,0.22,900,200,0.11,0.19
2025-07-15T19:00:00,heavy_rain,midvalley_04,Pilgrim Rest Camp,33.35,75.73,midvalley,15,2100,39.41,3.13,0.5497,3.8,0.52,600,2000,0.06,0.1
2025-07-15T19:00:00,heavy_rain,downstream_01,Riverside Colony,33.31,75.77,downstream,10,1800,26.07,2.82,0.535,8.0,0.92,4200,400,0.15,0.25
2025-07-15T19:00:00,heavy_rain,downstream_02,Lower Falls Township,33.3,75.8,downstream,8,1700,27.11,2.76,0.5677,6.5,1.15,5500,250,0.16,0.24
2025-07-15T19:00:00,heavy_rain,downstream_03,Delta Market Village,33.29,75.75,downstream,12,1850,29.05,2.86,0.5535,5.0,0.63,3000,150,0.13,0.21
2025-07-15T19:00:00,heavy_rain,downstream_04,Flood Plain Hamlet,33.28,75.82,downstream,5,1600,22.53,2.83,0.5304,9.2,0.46,2200,100,0.18,0.23
2025-07-15T19:15:00,heavy_rain,upstream_01,Glacier View Station,33.45,75.6,upstream,38,3200,44.35,3.85,0.433,2.1,0.05,200,50,0.08,0.15
2025-07-15T19:15:00,heavy_rain,upstream_02,Pine Ridge Outpost,33.43,75.63,upstream,35,3050,47.45,3.84,0.4626,3.0,0.09,350,100,0.1,0.18
2025-07-15T19:15:00,heavy_rain,upstream_03,Eagle Cliff Village,33.41,75.58,upstream,42,3400,45.57,4.01,0.4083,4.5,0.03,120,30,0.12,0.2
2025-07-15T19:15:00,heavy_rain,upstream_04,Snowmelt Creek Base,33.44,75.65,upstream,30,2900,45.71,3.77,0.5115,1.8,0.072,280,80,0.09,0.16
2025-07-15T19:15:00,heavy_rain,midvalley_01,Valley Temple Town,33.38,75.68,midvalley,22,2400,40.62,3.26,0.5032,5.2,0.46,1800,500,0.12,0.22
2025-07-15T19:15:00,heavy_rain,midvalley_02,Bridge Market Colony,33.36,75.71,midvalley,18,2200,38.58,3.2,0.5077,6.1,0.56,2500,300,0.14,0.2
2025-07-15T19:15:00,heavy_rain,midvalley_03,River Bend Settlement,33.37,75.66,midvalley,25,2300,36.27,3.27,0.5076,7.3,0.22,900,200,0.11,0.19
2025-07-15T19:15:00,heavy_rain,midvalley_04,Pilgrim Rest Camp,33.35,75.73,midvalley,15,2100,39.03,3.12,0.5478,3.8,0.52,600,2000,0.06,0.1
2025-07-15T19:15:00,heavy_rain,downstream_01,Riverside Colony,33.31,75.77,downstream,10,1800,28.21,2.97,0.5251,8.0,0.92,4200,400,0.15,0.25
2025-07-15T19:15:00,heavy_rain,downstream_02,Lower Falls Township,33.3,75.8,downstream,8,1700,24.35,2.99,0.5356,6.5,1.15,5500,250,0.16,0.24
2025-07-15T19:15:00,heavy_rain,downstream_03,Delta Market Village,33.29,75.75,downstream,12,1850,25.04,2.98,0.5016,5.0,0.63,3000,150,0.13,0.21
2025-07-15T19:15:00,heavy_rain,downstream_04,Flood Plain Hamlet,33.28,75.82,downstream,5,1600,27.4,2.88,0.5642,9.2,0.46,2200,100,0.18,0.23
2025-07-15T19:30:00,heavy_rain,upstream_01,Glacier View Station,33.45,75.6,upstream,38,3200,51.72,4.13,0.4734,2.1,0.05,200,50,0.08,0.15
2025-07-15T19:30:00,heavy_rain,upstream_02,Pine Ridge Outpost,33.43,75.63,upstream,35,3050,50.85,4.04,0.5155,3.0,0.09,350,100,0.1,0.18
2025-07-15T19:30:00,heavy_rain,upstream_03,Eagle Cliff Village,33.41,75.58,upstream,42,3400,47.55,4.07,0.4548,4.5,0.03,120,30,0.12,0.2
2025-07-15T19:30:00,heavy_rain,upstream_04,Snowmelt Creek Base,33.44,75.65,upstream,30,2900,45.16,3.71,0.5024,1.8,0.072,280,80,0.09,0.16
2025-07-15T19:30:00,heavy_rain,midvalley_01,Valley Temple Town,33.38,75.68,midvalley,22,2400,41.07,3.1,0.5199,5.2,0.46,1800,500,0.12,0.22
2025-07-15T19:30:00,heavy_rain,midvalley_02,Bridge Market Colony,33.36,75.71,midvalley,18,2200,42.67,3.06,0.5293,6.1,0.56,2500,300,0.14,0.2
2025-07-15T19:30:00,heavy_rain,midvalley_03,River Bend Settlement,33.37,75.66,midvalley,25,2300,40.73,3.16,0.512,7.3,0.22,900,200,0.11,0.19
2025-07-15T19:30:00,heavy_rain,midvalley_04,Pilgrim Rest Camp,33.35,75.73,midvalley,15,2100,39.38,2.97,0.5649,3.8,0.52,600,2000,0.06,0.1
2025-07-15T19:30:00,heavy_rain,downstream_01,Riverside Colony,33.31,75.77,downstream,10,1800,30.49,3.25,0.5488,8.0,0.92,4200,400,0.15,0.25
2025-07-15T19:30:00,heavy_rain,downstream_02,Lower Falls Township,33.3,75.8,downstream,8,1700,28.43,3.12,0.5383,6.5,1.15,5500,250,0.16,0.24
2025-07-15T19:30:00,heavy_rain,downstream_03,Delta Market Village,33.29,75.75,downstream,12,1850,28.27,3.11,0.5408,5.0,0.63,3000,150,0.13,0.21
2025-07-15T19:30:00,heavy_rain,downstream_04,Flood Plain Hamlet,33.28,75.82,downstream,5,1600,26.77,3.12,0.534,9.2,0.46,2200,100,0.18,0.23
2025-07-15T19:45:00,heavy_rain,upstream_01,Glacier View Station,33.45,75.6,upstream,38,3200,53.95,4.29,0.4685,2.1,0.05,200,50,0.08,0.15
2025-07-15T19:45:00,heavy_rain,upstream_02,Pine Ridge Outpost,33.43,75.63,upstream,35,3050,56.48,4.32,0.4759,3.0,0.09,350,100,0.1,0.18
2025-07-15T19:45:00,heavy_rain,upstream_03,Eagle Cliff Village,33.41,75.58,upstream,42,3400,56.11,4.48,0.4683,4.5,0.03,120,30,0.12,0.2
2025-07-15T19:45:00,heavy_rain,upstream_04,Snowmelt Creek Base,33.44,75.65,upstream,30,2900,56.16,4.21,0.4644,1.8,0.072,280,80,0.09,0.16
2025-07-15T19:45:00,heavy_rain,midvalley_01,Valley Temple Town,33.38,75.68,midvalley,22,2400,43.82,3.46,0.4849,5.2,0.46,1800,500,0.12,0.22
2025-07-15T19:45:00,heavy_rain,midvalley_02,Bridge Market Colony,33.36,75.71,midvalley,18,2200,47.88,3.42,0.5509,6.1,0.56,2500,300,0.14,0.2
2025-07-15T19:45:00,heavy_rain,midvalley_03,River Bend Settlement,33.37,75.66,midvalley,25,2300,48.36,3.57,0.5464,7.3,0.22,900,200,0.11,0.19
2025-07-15T19:45:00,heavy_rain,midvalley_04,Pilgrim Rest Camp,33.35,75.73,midvalley,15,2100,46.62,3.24,0.5664,3.8,0.52,600,2000,0.06,0.1
2025-07-15T19:45:00,heavy_rain,downstream_01,Riverside Colony,33.31,75.77,downstream,10,1800,31.1,3.34,0.5264,8.0,0.92,4200,400,0.15,0.25
2025-07-15T19:45:00,heavy_rain,downstream_02,Lower Falls Township,33.3,75.8,downstream,8,1700,31.24,3.22,0.5562,6.5,1.15,5500,250,0.16,0.24
2025-07-15T19:45:00,heavy_rain,downstream_03,Delta Market Village,33.29,75.75,downstream,12,1850,31.68,3.23,0.5689,5.0,0.63,3000,150,0.13,0.21
2025-07-15T19:45:00,heavy_rain,downstream_04,Flood Plain Hamlet,33.28,75.82,downstream,5,1600,31.98,3.08,0.5561,9.2,0.46,2200,100,0.18,0.23
2025-07-15T22:00:00,cloudburst,upstream_01,Glacier View Station,33.45,75.6,upstream,38,3200,25.01,2.27,0.188,2.1,0.05,200,50,0.08,0.15
2025-07-15T22:00:00,cloudburst,upstream_02,Pine Ridge Outpost,33.43,75.63,upstream,35,3050,22.28,2.1,0.2017,3.0,0.09,350,100,0.1,0.18
2025-07-15T22:00:00,cloudburst,upstream_03,Eagle Cliff Village,33.41,75.58,upstream,42,3400,26.61,2.34,0.183,4.5,0.03,120,30,0.12,0.2
2025-07-15T22:00:00,cloudburst,upstream_04,Snowmelt Creek Base,33.44,75.65,upstream,30,2900,24.47,2.21,0.2199,1.8,0.072,280,80,0.09,0.16
2025-07-15T22:00:00,cloudburst,midvalley_01,Valley Temple Town,33.38,75.68,midvalley,22,2400,23.59,2.09,0.2348,5.2,0.46,1800,500,0.12,0.22
2025-07-15T22:00:00,cloudburst,midvalley_02,Bridge Market Colony,33.36,75.71,midvalley,18,2200,20.59,1.97,0.2968,6.1,0.56,2500,300,0.14,0.2
2025-07-15T22:00:00,cloudburst,midvalley_03,River Bend Settlement,33.37,75.66,midvalley,25,2300,19.4,1.94,0.2384,7.3,0.22,900,200,0.11,0.19
2025-07-15T22:00:00,cloudburst,midvalley_04,Pilgrim Rest Camp,33.35,75.73,midvalley,15,2100,23.06,2.09,0.3062,3.8,0.52,600,2000,0.06,0.1
2025-07-15T22:00:00,cloudburst,downstream_01,Riverside Colony,33.31,75.77,downstream,10,1800,14.51,1.66,0.2909,8.0,0.92,4200,400,0.15,0.25
2025-07-15T22:00:00,cloudburst,downstream_02,Lower Falls Township,33.3,75.8,downstream,8,1700,11.03,1.65,0.273,6.5,1.15,5500,250,0.16,0.24
2025-07-15T22:00:00,cloudburst,downstream_03,Delta Market Village,33.29,75.75,downstream,12,1850,15.65,1.82,0.2669,5.0,0.63,3000,150,0.13,0.21
2025-07-15T22:00:00,cloudburst,downstream_04,Flood Plain Hamlet,33.28,75.82,downstream,5,1600,13.67,1.77,0.3305,9.2,0.46,2200,100,0.18,0.23
2025-07-15T22:15:00,cloudburst,upstream_01,Glacier View Station,33.45,75.6,upstream,38,3200,37.34,2.78,0.2341,2.1,0.05,200,50,0.08,0.15
2025-07-15T22:15:00,cloudburst,upstream_02,Pine Ridge Outpost,33.43,75.63,upstream,35,3050,36.44,2.76,0.26,3.0,0.09,350,100,0.1,0.18
2025-07-15T22:15:00,cloudburst,upstream_03,Eagle Cliff Village,33.41,75.58,upstream,42,3400,37.62,2.95,0.2343,4.5,0.03,120,30,0.12,0.2
2025-07-15T22:15:00,cloudburst,upstream_04,Snowmelt Creek Base,33.44,75.65,upstream,30,2900,36.58,2.75,0.293,1.8,0.072,280,80,0.09,0.16
2025-07-15T22:15:00,cloudburst,midvalley_01,Valley Temple Town,33.38,75.68,midvalley,22,2400,29.39,2.38,0.3363,5.2,0.46,1800,500,0.12,0.22
2025-07-15T22:15:00,cloudburst,midvalley_02,Bridge Market Colony,33.36,75.71,midvalley,18,2200,31.61,2.41,0.3489,6.1,0.56,2500,300,0.14,0.2
2025-07-15T22:15:00,cloudburst,midvalley_03,River Bend Settlement,33.37,75.66,midvalley,25,2300,33.47,2.52,0.3111,7.3,0.22,900,200,0.11,0.19
2025-07-15T22:15:00,cloudburst,midvalley_04,Pilgrim Rest Camp,33.35,75.73,midvalley,15,2100,32.29,2.38,0.3289,3.8,0.52,600,2000,0.06,0.1
2025-07-15T22:15:00,cloudburst,downstream_01,Riverside Colony,33.31,75.77,downstream,10,1800,22.03,2.04,0.3418,8.0,0.92,4200,400,0.15,0.25
2025-07-15T22:15:00,cloudburst,downstream_02,Lower Falls Township,33.3,75.8,downstream,8,1700,18.33,1.95,0.3339,6.5,1.15,5500,250,0.16,0.24
2025-07-15T22:15:00,cloudburst,downstream_03,Delta Market Village,33.29,75.75,downstream,12,1850,22.42,2.14,0.3166,5.0,0.63,3000,150,0.13,0.21
2025-07-15T22:15:00,cloudburst,downstream_04,Flood Plain Hamlet,33.28,75.82,downstream,5,1600,20.36,1.98,0.3854,9.2,0.46,2200,100,0.18,0.23
2025-07-15T22:30:00,cloudburst,upstream_01,Glacier View Station,33.45,75.6,upstream,38,3200,36.53,3.05,0.247,2.1,0.05,200,50,0.08,0.15
2025-07-15T22:30:00,cloudburst,upstream_02,Pine Ridge Outpost,33.43,75.63,upstream,35,3050,34.98,2.97,0.2678,3.0,0.09,350,100,0.1,0.18
2025-07-15T22:30:00,cloudburst,upstream_03,Eagle Cliff Village,33.41,75.58,upstream,42,3400,32.48,2.93,0.2445,4.5,0.03,120,30,0.12,0.2
2025-07-15T22:30:00,cloudburst,upstream_04,Snowmelt Creek Base,33.44,75.65,upstream,30,2900,32.71,2.79,0.3156,1.8,0.072,280,80,0.09,0.16
2025-07-15T22:30:00,cloudburst,midvalley_01,Valley Temple Town,33.38,75.68,midvalley,22,2400,23.98,2.29,0.3393,5.2,0.46,1800,500,0.12,0.22
2025-07-15T22:30:00,cloudburst,midvalley_02,Bridge Market Colony,33.36,75.71,midvalley,18,2200,29.55,2.43,0.3724,6.1,0.56,2500,300,0.14,0.2
2025-07-15T22:30:00,cloudburst,midvalley_03,River Bend Settlement,33.37,75.66,midvalley,25,2300,26.66,2.48,0.2841,7.3,0.22,900,200,0.11,0.19
2025-07-15T22:30:00,cloudburst,midvalley_04,Pilgrim Rest Camp,33.35,75.73,midvalley,15,2100,26.87,2.44,0.3724,3.8,0.52,600,2000,0.06,0.1
2025-07-15T22:30:00,cloudburst,downstream_01,Riverside Colony,33.31,75.77,downstream,10,1800,22.03,2.19,0.3561,8.0,0.92,4200,400,0.15,0.25
2025-07-15T22:30:00,cloudburst,downstream_02,Lower Falls Township,33.3,75.8,downstream,8,1700,15.87,2.08,0.3427,6.5,1.15,5500,250,0.16,0.24
2025-07-15T22:30:00,cloudburst,downstream_03,Delta Market Village,33.29,75.75,downstream,12,1850,22.47,2.2,0.334,5.0,0.63,3000,150,0.13,0.21
2025-07-15T22:30:00,cloudburst,downstream_04,Flood Plain Hamlet,33.28,75.82,downstream,5,1600,19.18,2.04,0.3894,9.2,0.46,2200,100,0.18,0.23
2025-07-15T22:45:00,cloudburst,upstream_01,Glacier View Station,33.45,75.6,upstream,38,3200,43.52,3.47,0.3164,2.1,0.05,200,50,0.08,0.15
2025-07-15T22:45:00,cloudburst,upstream_02,Pine Ridge Outpost,33.43,75.63,upstream,35,3050,44.48,3.41,0.3258,3.0,0.09,350,100,0.1,0.18
2025-07-15T22:45:00,cloudburst,upstream_03,Eagle Cliff Village,33.41,75.58,upstream,42,3400,44.29,3.53,0.2916,4.5,0.03,120,30,0.12,0.2
2025-07-15T22:45:00,cloudburst,upstream_04,Snowmelt Creek Base,33.44,75.65,upstream,30,2900,47.67,3.41,0.3803,1.8,0.072,280,80,0.09,0.16
2025-07-15T22:45:00,cloudburst,midvalley_01,Valley Temple Town,33.38,75.68,midvalley,22,2400,38.45,2.51,0.3748,5.2,0.46,1800,500,0.12,0.22
2025-07-15T22:45:00,cloudburst,midvalley_02,Bridge Market Colony,33.36,75.71,midvalley,18,2200,37.8,2.44,0.3974,6.1,0.56,2500,300,0.14,0.2
2025-07-15T22:45:00,cloudburst,midvalley_03,River Bend Settlement,33.37,75.66,midvalley,25,2300,33.92,2.42,0.3303,7.3,0.22,900,200,0.11,0.19
2025-07-15T22:45:00,cloudburst,midvalley_04,Pilgrim Rest Camp,33.35,75.73,midvalley,15,2100,37.35,2.5,0.4478,3.8,0.52,600,2000,0.06,0.1
2025-07-15T22:45:00,cloudburst,downstream_01,Riverside Colony,33.31,75.77,downstream,10,1800,27.22,2.41,0.4178,8.0,0.92,4200,400,0.15,0.25
2025-07-15T22:45:00,cloudburst,downstream_02,Lower Falls Township,33.3,75.8,downstream,8,1700,24.86,2.39,0.3949,6.5,1.15,5500,250,0.16,0.24
2025-07-15T22:45:00,cloudburst,downstream_03,Delta Market Village,33.29,75.75,downstream,12,1850,25.61,2.38,0.3835,5.0,0.63,3000,150,0.13,0.21
2025-07-15T22:45:00,cloudburst,downstream_04,Flood Plain Hamlet,33.28,75.82,downstream,5,1600,27.44,2.45,0.412,9.2,0.46,2200,100,0.18,0.23
2025-07-15T23:00:00,cloudburst,upstream_01,Glacier View Station,33.45,75.6,upstream,38,3200,58.44,4.18,0.3398,2.1,0.05,200,50,0.08,0.15
2025-07-15T23:00:00,cloudburst,upstream_02,Pine Ridge Outpost,33.43,75.63,upstream,35,3050,62.48,4.2,0.4567,3.0,0.09,350,100,0.1,0.18
2025-07-15T23:00:00,cloudburst,upstream_03,Eagle Cliff Village,33.41,75.58,upstream,42,3400,61.27,4.4,0.3696,4.5,0.03,120,30,0.12,0.2
2025-07-15T23:00:00,cloudburst,upstream_04,Snowmelt Creek Base,33.44,75.65,upstream,30,2900,65.57,4.23,0.4217,1.8,0.072,280,80,0.09,0.16
2025-07-15T23:00:00,cloudburst,midvalley_01,Valley Temple Town,33.38,75.68,midvalley,22,2400,51.17,2.98,0.4703,5.2,0.46,1800,500,0.12,0.22
2025-07-15T23:00:00,cloudburst,midvalley_02,Bridge Market Colony,33.36,75.71,midvalley,18,2200,50.85,2.93,0.4598,6.1,0.56,2500,300,0.14,0.2
2025-07-15T23:00:00,cloudburst,midvalley_03,River Bend Settlement,33.37,75.66,midvalley,25,2300,49.54,3.0,0.4411,7.3,0.22,900,200,0.11,0.19
2025-07-15T23:00:00,cloudburst,midvalley_04,Pilgrim Rest Camp,33.35,75.73,midvalley,15,2100,50.98,2.93,0.4824,3.8,0.52,600,2000,0.06,0.1
2025-07-15T23:00:00,cloudburst,downstream_01,Riverside Colony,33.31,75.77,downstream,10,1800,35.06,2.96,0.4248,8.0,0.92,4200,400,0.15,0.25
2025-07-15T23:00:00,cloudburst,downstream_02,Lower Falls Township,33.3,75.8,downstream,8,1700,33.35,2.79,0.452,6.5,1.15,5500,250,0.16,0.24
2025-07-15T23:00:00,cloudburst,downstream_03,Delta Market Village,33.29,75.75,downstream,12,1850,37.91,3.15,0.4161,5.0,0.63,3000,150,0.13,0.21
2025-07-15T23:00:00,cloudburst,downstream_04,Flood Plain Hamlet,33.28,75.82,downstream,5,1600,37.27,2.86,0.4963,9.2,0.46,2200,100,0.18,0.23
2025-07-15T23:15:00,cloudburst,upstream_01,Glacier View Station,33.45,75.6,upstream,38,3200,57.46,4.42,0.4341,2.1,0.05,200,50,0.08,0.15
2025-07-15T23:15:00,cloudburst,upstream_02,Pine Ridge Outpost,33.43,75.63,upstream,35,3050,56.6,4.28,0.4296,3.0,0.09,350,100,0.1,0.18
2025-07-15T23:15:00,cloudburst,upstream_03,Eagle Cliff Village,33.41,75.58,upstream,42,3400,56.03,4.47,0.4195,4.5,0.03,120,30,0.12,0.2
2025-07-15T23:15:00,cloudburst,upstream_04,Snowmelt Creek Base,33.44,75.65,upstream,30,2900,50.54,3.97,0.4535,1.8,0.072,280,80,0.09,0.16
2025-07-15T23:15:00,cloudburst,midvalley_01,Valley Temple Town,33.38,75.68,midvalley,22,2400,46.98,3.15,0.4619,5.2,0.46,1800,500,0.12,0.22
2025-07-15T23:15:00,cloudburst,midvalley_02,Bridge Market Colony,33.36,75.71,midvalley,18,2200,48.91,3.06,0.48,6.1,0.56,2500,300,0.14,0.2
2025-07-15T23:15:00,cloudburst,midvalley_03,River Bend Settlement,33.37,75.66,midvalley,25,2300,45.07,3.1,0.4214,7.3,0.22,900,200,0.11,0.19
2025-07-15T23:15:00,cloudburst,midvalley_04,Pilgrim Rest Camp,33.35,75.73,midvalley,15,2100,48.74,3.03,0.5291,3.8,0.52,600,2000,0.06,0.1
2025-07-15T23:15:00,cloudburst,downstream_01,Riverside Colony,33.31,75.77,downstream,10,1800,34.36,3.08,0.5022,8.0,0.92,4200,400,0.15,0.25
2025-07-15T23:15:00,cloudburst,downstream_02,Lower Falls Township,33.3,75.8,downstream,8,1700,33.78,3.1,0.5161,6.5,1.15,5500,250,0.16,0.24
2025-07-15T23:15:00,cloudburst,downstream_03,Delta Market Village,33.29,75.75,downstream,12,1850,35.29,3.18,0.4988,5.0,0.63,3000,150,0.13,0.21
2025-07-15T23:15:00,cloudburst,downstream_04,Flood Plain Hamlet,33.28,75.82,downstream,5,1600,35.05,3.01,0.5184,9.2,0.46,2200,100,0.18,0.23
2025-07-15T23:30:00,cloudburst,upstream_01,Glacier View Station,33.45,75.6,upstream,38,3200,60.25,4.76,0.4552,2.1,0.05,200,50,0.08,0.15
2025-07-15T23:30:00,cloudburst,upstream_02,Pine Ridge Outpost,33.43,75.63,upstream,35,3050,60.15,4.59,0.4773,3.0,0.09,350,100,0.1,0.18
2025-07-15T23:30:00,cloudburst,upstream_03,Eagle Cliff Village,33.41,75.58,upstream,42,3400,62.16,4.91,0.4545,4.5,0.03,120,30,0.12,0.2
2025-07-15T23:30:00,cloudburst,upstream_04,Snowmelt Creek Base,33.44,75.65,upstream,30,2900,63.05,4.57,0.5359,1.8,0.072,280,80,0.09,0.16
2025-07-15T23:30:00,cloudburst,midvalley_01,Valley Temple Town,33.38,75.68,midvalley,22,2400,49.92,3.6,0.5024,5.2,0.46,1800,500,0.12,0.22
2025-07-15T23:30:00,cloudburst,midvalley_02,Bridge Market Colony,33.36,75.71,midvalley,18,2200,53.11,3.57,0.5434,6.1,0.56,2500,300,0.14,0.2
2025-07-15T23:30:00,cloudburst,midvalley_03,River Bend Settlement,33.37,75.66,midvalley,25,2300,47.44,3.64,0.508,7.3,0.22,900,200,0.11,0.19
2025-07-15T23:30:00,cloudburst,midvalley_04,Pilgrim Rest Camp,33.35,75.73,midvalley,15,2100,51.57,3.6,0.5633,3.8,0.52,600,2000,0.06,0.1
2025-07-15T23:30:00,cloudburst,downstream_01,Riverside Colony,33.31,75.77,downstream,10,1800,33.39,3.07,0.4678,8.0,0.92,4200,400,0.15,0.25
2025-07-15T23:30:00,cloudburst,downstream_02,Lower Falls Township,33.3,75.8,downstream,8,1700,39.61,3.05,0.5816,6.5,1.15,5500,250,0.16,0.24
2025-07-15T23:30:00,cloudburst,downstream_03,Delta Market Village,33.29,75.75,downstream,12,1850,35.03,3.03,0.5392,5.0,0.63,3000,150,0.13,0.21
2025-07-15T23:30:00,cloudburst,downstream_04,Flood Plain Hamlet,33.28,75.82,downstream,5,1600,36.96,3.06,0.574,9.2,0.46,2200,100,0.18,0.23
2025-07-15T23:45:00,cloudburst,upstream_01,Glacier View Station,33.45,75.6,upstream,38,3200,89.38,6.16,0.5917,2.1,0.05,200,50,0.08,0.15
2025-07-15T23:45:00,cloudburst,upstream_02,Pine Ridge Outpost,33.43,75.63,upstream,35,3050,85.06,5.87,0.59,3.0,0.09,350,100,0.1,0.18
2025-07-15T23:45:00,cloudburst,upstream_03,Eagle Cliff Village,33.41,75.58,upstream,42,3400,87.55,6.21,0.5794,4.5,0.03,120,30,0.12,0.2
2025-07-15T23:45:00,cloudburst,upstream_04,Snowmelt Creek Base,33.44,75.65,upstream,30,2900,90.84,5.89,0.6462,1.8,0.072,280,80,0.09,0.16
2025-07-15T23:45:00,cloudburst,midvalley_01,Valley Temple Town,33.38,75.68,midvalley,22,2400,73.17,4.4,0.6363,5.2,0.46,1800,500,0.12,0.22
2025-07-15T23:45:00,cloudburst,midvalley_02,Bridge Market Colony,33.36,75.71,midvalley,18,2200,72.09,4.26,0.6368,6.1,0.56,2500,300,0.14,0.2
2025-07-15T23:45:00,cloudburst,midvalley_03,River Bend Settlement,33.37,75.66,midvalley,25,2300,71.14,4.4,0.5957,7.3,0.22,900,200,0.11,0.19
2025-07-15T23:45:00,cloudburst,midvalley_04,Pilgrim Rest Camp,33.35,75.73,midvalley,15,2100,75.58,4.22,0.6807,3.8,0.52,600,2000,0.06,0.1
2025-07-15T23:45:00,cloudburst,downstream_01,Riverside Colony,33.31,75.77,downstream,10,1800,53.38,3.66,0.6311,8.0,0.92,4200,400,0.15,0.25
2025-07-15T23:45:00,cloudburst,downstream_02,Lower Falls Township,33.3,75.8,downstream,8,1700,51.47,3.58,0.6434,6.5,1.15,5500,250,0.16,0.24
2025-07-15T23:45:00,cloudburst,downstream_03,Delta Market Village,33.29,75.75,downstream,12,1850,46.8,3.74,0.6014,5.0,0.63,3000,150,0.13,0.21
2025-07-15T23:45:00,cloudburst,downstream_04,Flood Plain Hamlet,33.28,75.82,downstream,5,1600,53.53,3.63,0.6786,9.2,0.46,2200,100,0.18,0.23
2025-07-16T00:00:00,cloudburst,upstream_01,Glacier View Station,33.45,75.6,upstream,38,3200,83.82,6.31,0.626,2.1,0.05,200,50,0.08,0.15
2025-07-16T00:00:00,cloudburst,upstream_02,Pine Ridge Outpost,33.43,75.63,upstream,35,3050,84.65,6.24,0.6799,3.0,0.09,350,100,0.1,0.18
2025-07-16T00:00:00,cloudburst,upstream_03,Eagle Cliff Village,33.41,75.58,upstream,42,3400,82.52,6.46,0.6145,4.5,0.03,120,30,0.12,0.2
2025-07-16T00:00:00,cloudburst,upstream_04,Snowmelt Creek Base,33.44,75.65,upstream,30,2900,80.53,5.9,0.6226,1.8,0.072,280,80,0.09,0.16
2025-07-16T00:00:00,cloudburst,midvalley_01,Valley Temple Town,33.38,75.68,midvalley,22,2400,67.08,4.63,0.658,5.2,0.46,1800,500,0.12,0.22
2025-07-16T00:00:00,cloudburst,midvalley_02,Bridge Market Colony,33.36,75.71,midvalley,18,2200,68.61,4.57,0.7218,6.1,0.56,2500,300,0.14,0.2
2025-07-16T00:00:00,cloudburst,midvalley_03,River Bend Settlement,33.37,75.66,midvalley,25,2300,70.12,4.64,0.6747,7.3,0.22,900,200,0.11,0.19
2025-07-16T00:00:00,cloudburst,midvalley_04,Pilgrim Rest Camp,33.35,75.73,midvalley,15,2100,71.6,4.53,0.7152,3.8,0.52,600,2000,0.06,0.1
2025-07-16T00:00:00,cloudburst,downstream_01,Riverside Colony,33.31,75.77,downstream,10,1800,46.52,3.95,0.6354,8.0,0.92,4200,400,0.15,0.25
2025-07-16T00:00:00,cloudburst,downstream_02,Lower Falls Township,33.3,75.8,downstream,8,1700,49.42,3.84,0.6671,6.5,1.15,5500,250,0.16,0.24
2025-07-16T00:00:00,cloudburst,downstream_03,Delta Market Village,33.29,75.75,downstream,12,1850,50.91,4.02,0.6459,5.0,0.63,3000,150,0.13,0.21
2025-07-16T00:00:00,cloudburst,downstream_04,Flood Plain Hamlet,33.28,75.82,downstream,5,1600,46.86,3.83,0.7053,9.2,0.46,2200,100,0.18,0.23
2025-07-16T00:15:00,cloudburst,upstream_01,Glacier View Station,33.45,75.6,upstream,38,3200,98.06,7.29,0.7398,2.1,0.05,200,50,0.08,0.15
2025-07-16T00:15:00,cloudburst,upstream_02,Pine Ridge Outpost,33.43,75.63,upstream,35,3050,97.14,7.1,0.7701,3.0,0.09,350,100,0.1,0.18
2025-07-16T00:15:00,cloudburst,upstream_03,Eagle Cliff Village,33.41,75.58,upstream,42,3400,98.69,7.36,0.705,4.5,0.03,120,30,0.12,0.2
2025-07-16T00:15:00,cloudburst,upstream_04,Snowmelt Creek Base,33.44,75.65,upstream,30,2900,98.76,7.0,0.8334,1.8,0.072,280,80,0.09,0.16
2025-07-16T00:15:00,cloudburst,midvalley_01,Valley Temple Town,33.38,75.68,midvalley,22,2400,82.58,5.21,0.7713,5.2,0.46,1800,500,0.12,0.22
2025-07-16T00:15:00,cloudburst,midvalley_02,Bridge Market Colony,33.36,75.71,midvalley,18,2200,83.72,5.17,0.7764,6.1,0.56,2500,300,0.14,0.2
2025-07-16T00:15:00,cloudburst,midvalley_03,River Bend Settlement,33.37,75.66,midvalley,25,2300,84.05,5.29,0.7804,7.3,0.22,900,200,0.11,0.19
2025-07-16T00:15:00,cloudburst,midvalley_04,Pilgrim Rest Camp,33.35,75.73,midvalley,15,2100,82.66,5.07,0.8253,3.8,0.52,600,2000,0.06,0.1
2025-07-16T00:15:00,cloudburst,downstream_01,Riverside Colony,33.31,75.77,downstream,10,1800,57.13,4.58,0.7488,8.0,0.92,4200,400,0.15,0.25
2025-07-16T00:15:00,cloudburst,downstream_02,Lower Falls Township,33.3,75.8,downstream,8,1700,60.93,4.47,0.7569,6.5,1.15,5500,250,0.16,0.24
2025-07-16T00:15:00,cloudburst,downstream_03,Delta Market Village,33.29,75.75,downstream,12,1850,58.16,4.62,0.7544,5.0,0.63,3000,150,0.13,0.21
2025-07-16T00:15:00,cloudburst,downstream_04,Flood Plain Hamlet,33.28,75.82,downstream,5,1600,58.32,4.57,0.7844,9.2,0.46,2200,100,0.18,0.23
2025-07-16T00:30:00,cloudburst,upstream_01,Glacier View Station,33.45,75.6,upstream,38,3200,96.74,7.59,0.7981,2.1,0.05,200,50,0.08,0.15
2025-07-16T00:30:00,cloudburst,upstream_02,Pine Ridge Outpost,33.43,75.63,upstream,35,3050,98.04,7.59,0.8524,3.0,0.09,350,100,0.1,0.18
2025-07-16T00:30:00,cloudburst,upstream_03,Eagle Cliff Village,33.41,75.58,upstream,42,3400,98.86,7.89,0.7614,4.5,0.03,120,30,0.12,0.2
2025-07-16T00:30:00,cloudburst,upstream_04,Snowmelt Creek Base,33.44,75.65,upstream,30,2900,97.64,7.42,0.8366,1.8,0.072,280,80,0.09,0.16
2025-07-16T00:30:00,cloudburst,midvalley_01,Valley Temple Town,33.38,75.68,midvalley,22,2400,83.11,6.31,0.8171,5.2,0.46,1800,500,0.12,0.22
2025-07-16T00:30:00,cloudburst,midvalley_02,Bridge Market Colony,33.36,75.71,midvalley,18,2200,82.99,6.25,0.8818,6.1,0.56,2500,300,0.14,0.2
2025-07-16T00:30:00,cloudburst,midvalley_03,River Bend Settlement,33.37,75.66,midvalley,25,2300,79.97,6.33,0.7987,7.3,0.22,900,200,0.11,0.19
2025-07-16T00:30:00,cloudburst,midvalley_04,Pilgrim Rest Camp,33.35,75.73,midvalley,15,2100,81.53,6.12,0.8789,3.8,0.52,600,2000,0.06,0.1
2025-07-16T00:30:00,cloudburst,downstream_01,Riverside Colony,33.31,75.77,downstream,10,1800,57.24,5.34,0.8153,8.0,0.92,4200,400,0.15,0.25
2025-07-16T00:30:00,cloudburst,downstream_02,Lower Falls Township,33.3,75.8,downstream,8,1700,55.73,5.2,0.869,6.5,1.15,5500,250,0.16,0.24
2025-07-16T00:30:00,cloudburst,downstream_03,Delta Market Village,33.29,75.75,downstream,12,1850,57.77,5.37,0.8538,5.0,0.63,3000,150,0.13,0.21
2025-07-16T00:30:00,cloudburst,downstream_04,Flood Plain Hamlet,33.28,75.82,downstream,5,1600,57.02,5.21,0.8389,9.2,0.46,2200,100,0.18,0.23
2025-07-16T00:45:00,cloudburst,upstream_01,Glacier View Station,33.45,75.6,upstream,38,3200,111.81,8.15,0.8761,2.1,0.05,200,50,0.08,0.15
2025-07-16T00:45:00,cloudburst,upstream_02,Pine Ridge Outpost,33.43,75.63,upstream,35,3050,115.7,8.24,0.8635,3.0,0.09,350,100,0.1,0.18
2025-07-16T00:45:00,cloudburst,upstream_03,Eagle Cliff Village,33.41,75.58,upstream,42,3400,113.04,8.57,0.8384,4.5,0.03,120,30,0.12,0.2
2025-07-16T00:45:00,cloudburst,upstream_04,Snowmelt Creek Base,33.44,75.65,upstream,30,2900,113.51,7.85,0.8943,1.8,0.072,280,80,0.09,0.16
2025-07-16T00:45:00,cloudburst,midvalley_01,Valley Temple Town,33.38,75.68,midvalley,22,2400,97.72,6.14,0.8835,5.2,0.46,1800,500,0.12,0.22
2025-07-16T00:45:00,cloudburst,midvalley_02,Bridge Market Colony,33.36,75.71,midvalley,18,2200,97.84,6.04,0.9396,6.1,0.56,2500,300,0.14,0.2
2025-07-16T00:45:00,cloudburst,midvalley_03,River Bend Settlement,33.37,75.66,midvalley,25,2300,98.3,6.21,0.844,7.3,0.22,900,200,0.11,0.19
2025-07-16T00:45:00,cloudburst,midvalley_04,Pilgrim Rest Camp,33.35,75.73,midvalley,15,2100,97.81,5.97,0.9481,3.8,0.52,600,2000,0.06,0.1
2025-07-16T00:45:00,cloudburst,downstream_01,Riverside Colony,33.31,75.77,downstream,10,1800,67.18,5.19,0.8515,8.0,0.92,4200,400,0.15,0.25
2025-07-16T00:45:00,cloudburst,downstream_02,Lower Falls Township,33.3,75.8,downstream,8,1700,69.01,5.18,0.8847,6.5,1.15,5500,250,0.16,0.24
2025-07-16T00:45:00,cloudburst,downstream_03,Delta Market Village,33.29,75.75,downstream,12,1850,66.86,5.27,0.8459,5.0,0.63,3000,150,0.13,0.21
2025-07-16T00:45:00,cloudburst,downstream_04,Flood Plain Hamlet,33.28,75.82,downstream,5,1600,67.67,5.13,0.92,9.2,0.46,2200,100,0.18,0.23
2025-07-16T01:00:00,cloudburst,upstream_01,Glacier View Station,33.45,75.6,upstream,38,3200,104.55,7.95,0.8385,2.1,0.05,200,50,0.08,0.15
2025-07-16T01:00:00,cloudburst,upstream_02,Pine Ridge Outpost,33.43,75.63,upstream,35,3050,104.55,7.89,0.8651,3.0,0.09,350,100,0.1,0.18
2025-07-16T01:00:00,cloudburst,upstream_03,Eagle Cliff Village,33.41,75.58,upstream,42,3400,104.65,8.2,0.7666,4.5,0.03,120,30,0.12,0.2
2025-07-16T01:00:00,cloudburst,upstream_04,Snowmelt Creek Base,33.44,75.65,upstream,30,2900,104.48,7.48,0.8793,1.8,0.072,280,80,0.09,0.16
2025-07-16T01:00:00,cloudburst,midvalley_01,Valley Temple Town,33.38,75.68,midvalley,22,2400,89.99,6.6,0.8358,5.2,0.46,1800,500,0.12,0.22
2025-07-16T01:00:00,cloudburst,midvalley_02,Bridge Market Colony,33.36,75.71,midvalley,18,2200,88.24,6.39,0.8556,6.1,0.56,2500,300,0.14,0.2
2025-07-16T01:00:00,cloudburst,midvalley_03,River Bend Settlement,33.37,75.66,midvalley,25,2300,89.58,6.7,0.8459,7.3,0.22,900,200,0.11,0.19
2025-07-16T01:00:00,cloudburst,midvalley_04,Pilgrim Rest Camp,33.35,75.73,midvalley,15,2100,92.16,6.38,0.8702,3.8,0.52,600,2000,0.06,0.1
2025-07-16T01:00:00,cloudburst,downstream_01,Riverside Colony,33.31,75.77,downstream,10,1800,61.95,5.29,0.8179,8.0,0.92,4200,400,0.15,0.25
2025-07-16T01:00:00,cloudburst,downstream_02,Lower Falls Township,33.3,75.8,downstream,8,1700,61.37,5.31,0.8625,6.5,1.15,5500,250,0.16,0.24
2025-07-16T01:00:00,cloudburst,downstream_03,Delta Market Village,33.29,75.75,downstream,12,1850,64.77,5.4,0.8053,5.0,0.63,3000,150,0.13,0.21
2025-07-16T01:00:00,cloudburst,downstream_04,Flood Plain Hamlet,33.28,75.82,downstream,5,1600,59.24,5.29,0.86,9.2,0.46,2200,100,0.18,0.23
2025-07-16T01:15:00,cloudburst,upstream_01,Glacier View Station,33.45,75.6,upstream,38,3200,100.27,7.82,0.8148,2.1,0.05,200,50,0.08,0.15
2025-07-16T01:15:00,cloudburst,upstream_02,Pine Ridge Outpost,33.43,75.63,upstream,35,3050,106.28,7.83,0.8686,3.0,0.09,350,100,0.1,0.18
2025-07-16T01:15:00,cloudburst,upstream_03,Eagle Cliff Village,33.41,75.58,upstream,42,3400,106.84,8.14,0.8344,4.5,0.03,120,30,0.12,0.2
2025-07-16T01:15:00,cloudburst,upstream_04,Snowmelt Creek Base,33.44,75.65,upstream,30,2900,106.11,7.63,0.8583,1.8,0.072,280,80,0.09,0.16
2025-07-16T01:15:00,cloudburst,midvalley_01,Valley Temple Town,33.38,75.68,midvalley,22,2400,88.59,6.51,0.846,5.2,0.46,1800,500,0.12,0.22
2025-07-16T01:15:00,cloudburst,midvalley_02,Bridge Market Colony,33.36,75.71,midvalley,18,2200,87.96,6.34,0.8521,6.1,0.56,2500,300,0.14,0.2
2025-07-16T01:15:00,cloudburst,midvalley_03,River Bend Settlement,33.37,75.66,midvalley,25,2300,89.25,6.68,0.8198,7.3,0.22,900,200,0.11,0.19
2025-07-16T01:15:00,cloudburst,midvalley_04,Pilgrim Rest Camp,33.35,75.73,midvalley,15,2100,88.82,6.25,0.8569,3.8,0.52,600,2000,0.06,0.1
2025-07-16T01:15:00,cloudburst,downstream_01,Riverside Colony,33.31,75.77,downstream,10,1800,63.92,5.88,0.8221,8.0,0.92,4200,400,0.15,0.25
2025-07-16T01:15:00,cloudburst,downstream_02,Lower Falls Township,33.3,75.8,downstream,8,1700,62.45,5.83,0.863,6.5,1.15,5500,250,0.16,0.24
2025-07-16T01:15:00,cloudburst,downstream_03,Delta Market Village,33.29,75.75,downstream,12,1850,60.33,6.06,0.8494,5.0,0.63,3000,150,0.13,0.21
2025-07-16T01:15:00,cloudburst,downstream_04,Flood Plain Hamlet,33.28,75.82,downstream,5,1600,63.49,5.7,0.8672,9.2,0.46,2200,100,0.18,0.23
2025-07-16T01:30:00,cloudburst,upstream_01,Glacier View Station,33.45,75.6,upstream,38,3200,104.06,8.01,0.8306,2.1,0.05,200,50,0.08,0.15
2025-07-16T01:30:00,cloudburst,upstream_02,Pine Ridge Outpost,33.43,75.63,upstream,35,3050,104.32,7.86,0.8079,3.0,0.09,350,100,0.1,0.18
2025-07-16T01:30:00,cloudburst,upstream_03,Eagle Cliff Village,33.41,75.58,upstream,42,3400,101.02,8.02,0.7854,4.5,0.03,120,30,0.12,0.2
2025-07-16T01:30:00,cloudburst,upstream_04,Snowmelt Creek Base,33.44,75.65,upstream,30,2900,107.01,7.7,0.9332,1.8,0.072,280,80,0.09,0.16
2025-07-16T01:30:00,cloudburst,midvalley_01,Valley Temple Town,33.38,75.68,midvalley,22,2400,85.48,7.03,0.8571,5.2,0.46,1800,500,0.12,0.22
2025-07-16T01:30:00,cloudburst,midvalley_02,Bridge Market Colony,33.36,75.71,midvalley,18,2200,85.21,6.82,0.9015,6.1,0.56,2500,300,0.14,0.2
2025-07-16T01:30:00,cloudburst,midvalley_03,River Bend Settlement,33.37,75.66,midvalley,25,2300,86.84,7.13,0.8488,7.3,0.22,900,200,0.11,0.19
2025-07-16T01:30:00,cloudburst,midvalley_04,Pilgrim Rest Camp,33.35,75.73,midvalley,15,2100,87.53,6.66,0.8752,3.8,0.52,600,2000,0.06,0.1
2025-07-16T01:30:00,cloudburst,downstream_01,Riverside Colony,33.31,75.77,downstream,10,1800,57.89,5.84,0.8325,8.0,0.92,4200,400,0.15,0.25
2025-07-16T01:30:00,cloudburst,downstream_02,Lower Falls Township,33.3,75.8,downstream,8,1700,61.01,5.74,0.8765,6.5,1.15,5500,250,0.16,0.24
2025-07-16T01:30:00,cloudburst,downstream_03,Delta Market Village,33.29,75.75,downstream,12,1850,61.43,5.84,0.8025,5.0,0.63,3000,150,0.13,0.21
2025-07-16T01:30:00,cloudburst,downstream_04,Flood Plain Hamlet,33.28,75.82,downstream,5,1600,61.48,5.63,0.8764,9.2,0.46,2200,100,0.18,0.23
2025-07-16T01:45:00,cloudburst,upstream_01,Glacier View Station,33.45,75.6,upstream,38,3200,104.53,8.0,0.8165,2.1,0.05,200,50,0.08,0.15
2025-07-16T01:45:00,cloudburst,upstream_02,Pine Ridge Outpost,33.43,75.63,upstream,35,3050,108.72,7.97,0.8612,3.0,0.09,350,100,0.1,0.18
2025-07-16T01:45:00,cloudburst,upstream_03,Eagle Cliff Village,33.41,75.58,upstream,42,3400,107.58,8.29,0.7995,4.5,0.03,120,30,0.12,0.2
2025-07-16T01:45:00,cloudburst,upstream_04,Snowmelt Creek Base,33.44,75.65,upstream,30,2900,108.41,7.69,0.8851,1.8,0.072,280,80,0.09,0.16
2025-07-16T01:45:00,cloudburst,midvalley_01,Valley Temple Town,33.38,75.68,midvalley,22,2400,85.34,6.7,0.8679,5.2,0.46,1800,500,0.12,0.22
2025-07-16T01:45:00,cloudburst,midvalley_02,Bridge Market Colony,33.36,75.71,midvalley,18,2200,87.92,6.55,0.8876,6.1,0.56,2500,300,0.14,0.2
2025-07-16T01:45:00,cloudburst,midvalley_03,River Bend Settlement,33.37,75.66,midvalley,25,2300,91.76,6.88,0.8626,7.3,0.22,900,200,0.11,0.19
2025-07-16T01:45:00,cloudburst,midvalley_04,Pilgrim Rest Camp,33.35,75.73,midvalley,15,2100,86.91,6.47,0.91,3.8,0.52,600,2000,0.06,0.1
2025-07-16T01:45:00,cloudburst,downstream_01,Riverside Colony,33.31,75.77,downstream,10,1800,62.01,6.03,0.8389,8.0,0.92,4200,400,0.15,0.25
2025-07-16T01:45:00,cloudburst,downstream_02,Lower Falls Township,33.3,75.8,downstream,8,1700,63.57,5.98,0.8301,6.5,1.15,5500,250,0.16,0.24
2025-07-16T01:45:00,cloudburst,downstream_03,Delta Market Village,33.29,75.75,downstream,12,1850,59.7,6.16,0.8414,5.0,0.63,3000,150,0.13,0.21
2025-07-16T01:45:00,cloudburst,downstream_04,Flood Plain Hamlet,33.28,75.82,downstream,5,1600,65.82,5.85,0.8617,9.2,0.46,2200,100,0.18,0.23
2025-07-16T02:00:00,cloudburst,upstream_01,Glacier View Station,33.45,75.6,upstream,38,3200,103.77,7.9,0.8182,2.1,0.05,200,50,0.08,0.15
2025-07-16T02:00:00,cloudburst,upstream_02,Pine Ridge Outpost,33.43,75.63,upstream,35,3050,101.62,7.77,0.8399,3.0,0.09,350,100,0.1,0.18
2025-07-16T02:00:00,cloudburst,upstream_03,Eagle Cliff Village,33.41,75.58,upstream,42,3400,104.2,8.06,0.7954,4.5,0.03,120,30,0.12,0.2
2025-07-16T02:00:00,cloudburst,upstream_04,Snowmelt Creek Base,33.44,75.65,upstream,30,2900,100.47,7.4,0.8566,1.8,0.072,280,80,0.09,0.16
2025-07-16T02:00:00,cloudburst,midvalley_01,Valley Temple Town,33.38,75.68,midvalley,22,2400,82.5,6.71,0.8444,5.2,0.46,1800,500,0.12,0.22
2025-07-16T02:00:00,cloudburst,midvalley_02,Bridge Market Colony,33.36,75.71,midvalley,18,2200,84.48,6.55,0.8483,6.1,0.56,2500,300,0.14,0.2
2025-07-16T02:00:00,cloudburst,midvalley_03,River Bend Settlement,33.37,75.66,midvalley,25,2300,82.57,6.89,0.8405,7.3,0.22,900,200,0.11,0.19
2025-07-16T02:00:00,cloudburst,midvalley_04,Pilgrim Rest Camp,33.35,75.73,midvalley,15,2100,80.73,6.37,0.8486,3.8,0.52,600,2000,0.06,0.1
2025-07-16T02:00:00,cloudburst,downstream_01,Riverside Colony,33.31,75.77,downstream,10,1800,57.79,6.03,0.8217,8.0,0.92,4200,400,0.15,0.25
2025-07-16T02:00:00,cloudburst,downstream_02,Lower Falls Township,33.3,75.8,downstream,8,1700,57.25,6.04,0.8117,6.5,1.15,5500,250,0.16,0.24
2025-07-16T02:00:00,cloudburst,downstream_03,Delta Market Village,33.29,75.75,downstream,12,1850,59.23,6.19,0.8033,5.0,0.63,3000,150,0.13,0.21
2025-07-16T02:00:00,cloudburst,downstream_04,Flood Plain Hamlet,33.28,75.82,downstream,5,1600,58.0,6.01,0.8436,9.2,0.46,2200,100,0.18,0.23
2025-07-16T02:15:00,cloudburst,upstream_01,Glacier View Station,33.45,75.6,upstream,38,3200,113.44,8.33,0.8669,2.1,0.05,200,50,0.08,0.15
2025-07-16T02:15:00,cloudburst,upstream_02,Pine Ridge Outpost,33.43,75.63,upstream,35,3050,113.75,8.22,0.8826,3.0,0.09,350,100,0.1,0.18
2025-07-16T02:15:00,cloudburst,upstream_03,Eagle Cliff Village,33.41,75.58,upstream,42,3400,113.8,8.55,0.813,4.5,0.03,120,30,0.12,0.2
2025-07-16T02:15:00,cloudburst,upstream_04,Snowmelt Creek Base,33.44,75.65,upstream,30,2900,116.59,8.0,0.9108,1.8,0.072,280,80,0.09,0.16
2025-07-16T02:15:00,cloudburst,midvalley_01,Valley Temple Town,33.38,75.68,midvalley,22,2400,97.48,6.71,0.8559,5.2,0.46,1800,500,0.12,0.22
2025-07-16T02:15:00,cloudburst,midvalley_02,Bridge Market Colony,33.36,75.71,midvalley,18,2200,99.04,6.5,0.9025,6.1,0.56,2500,300,0.14,0.2
2025-07-16T02:15:00,cloudburst,midvalley_03,River Bend Settlement,33.37,75.66,midvalley,25,2300,93.64,6.8,0.8662,7.3,0.22,900,200,0.11,0.19
2025-07-16T02:15:00,cloudburst,midvalley_04,Pilgrim Rest Camp,33.35,75.73,midvalley,15,2100,96.58,6.37,0.9372,3.8,0.52,600,2000,0.06,0.1
2025-07-16T02:15:00,cloudburst,downstream_01,Riverside Colony,33.31,75.77,downstream,10,1800,68.82,6.47,0.8361,8.0,0.92,4200,400,0.15,0.25
2025-07-16T02:15:00,cloudburst,downstream_02,Lower Falls Township,33.3,75.8,downstream,8,1700,67.34,6.36,0.8665,6.5,1.15,5500,250,0.16,0.24
2025-07-16T02:15:00,cloudburst,downstream_03,Delta Market Village,33.29,75.75,downstream,12,1850,67.43,6.53,0.8588,5.0,0.63,3000,150,0.13,0.21
2025-07-16T02:15:00,cloudburst,downstream_04,Flood Plain Hamlet,33.28,75.82,downstream,5,1600,64.48,6.32,0.9034,9.2,0.46,2200,100,0.18,0.23
2025-07-16T02:30:00,cloudburst,upstream_01,Glacier View Station,33.45,75.6,upstream,38,3200,101.63,7.86,0.8048,2.1,0.05,200,50,0.08,0.15
2025-07-16T02:30:00,cloudburst,upstream_02,Pine Ridge Outpost,33.43,75.63,upstream,35,3050,100.83,7.65,0.8228,3.0,0.09,350,100,0.1,0.18
2025-07-16T02:30:00,cloudburst,upstream_03,Eagle Cliff Village,33.41,75.58,upstream,42,3400,98.87,7.88,0.7683,4.5,0.03,120,30,0.12,0.2
2025-07-16T02:30:00,cloudburst,upstream_04,Snowmelt Creek Base,33.44,75.65,upstream,30,2900,100.11,7.47,0.836,1.8,0.072,280,80,0.09,0.16
2025-07-16T02:30:00,cloudburst,midvalley_01,Valley Temple Town,33.38,75.68,midvalley,22,2400,86.51,6.78,0.8379,5.2,0.46,1800,500,0.12,0.22
2025-07-16T02:30:00,cloudburst,midvalley_02,Bridge Market Colony,33.36,75.71,midvalley,18,2200,84.54,6.61,0.8731,6.1,0.56,2500,300,0.14,0.2
2025-07-16T02:30:00,cloudburst,midvalley_03,River Bend Settlement,33.37,75.66,midvalley,25,2300,85.02,6.83,0.8397,7.3,0.22,900,200,0.11,0.19
2025-07-16T02:30:00,cloudburst,midvalley_04,Pilgrim Rest Camp,33.35,75.73,midvalley,15,2100,85.28,6.45,0.8986,3.8,0.52,600,2000,0.06,0.1
2025-07-16T02:30:00,cloudburst,downstream_01,Riverside Colony,33.31,75.77,downstream,10,1800,58.55,6.25,0.8393,8.0,0.92,4200,400,0.15,0.25
2025-07-16T02:30:00,cloudburst,downstream_02,Lower Falls Township,33.3,75.8,downstream,8,1700,60.62,6.14,0.8891,6.5,1.15,5500,250,0.16,0.24
2025-07-16T02:30:00,cloudburst,downstream_03,Delta Market Village,33.29,75.75,downstream,12,1850,55.71,6.37,0.8132,5.0,0.63,3000,150,0.13,0.21
2025-07-16T02:30:00,cloudburst,downstream_04,Flood Plain Hamlet,33.28,75.82,downstream,5,1600,58.02,5.99,0.8781,9.2,0.46,2200,100,0.18,0.23
2025-07-16T02:45:00,cloudburst,upstream_01,Glacier View Station,33.45,75.6,upstream,38,3200,110.95,8.29,0.8772,2.1,0.05,200,50,0.08,0.15
2025-07-16T02:45:00,cloudburst,upstream_02,Pine Ridge Outpost,33.43,75.63,upstream,35,3050,110.62,8.08,0.8459,3.0,0.09,350,100,0.1,0.18
2025-07-16T02:45:00,cloudburst,upstream_03,Eagle Cliff Village,33.41,75.58,upstream,42,3400,111.38,8.41,0.8232,4.5,0.03,120,30,0.12,0.2
2025-07-16T02:45:00,cloudburst,upstream_04,Snowmelt Creek Base,33.44,75.65,upstream,30,2900,108.32,7.68,0.8747,1.8,0.072,280,80,0.09,0.16
2025-07-16T02:45:00,cloudburst,midvalley_01,Valley Temple Town,33.38,75.68,midvalley,22,2400,92.48,6.55,0.8963,5.2,0.46,1800,500,0.12,0.22
2025-07-16T02:45:00,cloudburst,midvalley_02,Bridge Market Colony,33.36,75.71,midvalley,18,2200,95.09,6.45,0.8897,6.1,0.56,2500,300,0.14,0.2
2025-07-16T02:45:00,cloudburst,midvalley_03,River Bend Settlement,33.37,75.66,midvalley,25,2300,95.05,6.75,0.8669,7.3,0.22,900,200,0.11,0.19
2025-07-16T02:45:00,cloudburst,midvalley_04,Pilgrim Rest Camp,33.35,75.73,midvalley,15,2100,95.4,6.32,0.9046,3.8,0.52,600,2000,0.06,0.1
2025-07-16T02:45:00,cloudburst,downstream_01,Riverside Colony,33.31,75.77,downstream,10,1800,63.25,6.4,0.8233,8.0,0.92,4200,400,0.15,0.25
2025-07-16T02:45:00,cloudburst,downstream_02,Lower Falls Township,33.3,75.8,downstream,8,1700,67.91,6.1,0.8367,6.5,1.15,5500,250,0.16,0.24
2025-07-16T02:45:00,cloudburst,downstream_03,Delta Market Village,33.29,75.75,downstream,12,1850,66.39,6.35,0.8501,5.0,0.63,3000,150,0.13,0.21
2025-07-16T02:45:00,cloudburst,downstream_04,Flood Plain Hamlet,33.28,75.82,downstream,5,1600,64.92,6.07,0.8672,9.2,0.46,2200,100,0.18,0.23
2025-07-16T03:00:00,cloudburst,upstream_01,Glacier View Station,33.45,75.6,upstream,38,3200,104.08,7.9,0.8176,2.1,0.05,200,50,0.08,0.15
2025-07-16T03:00:00,cloudburst,upstream_02,Pine Ridge Outpost,33.43,75.63,upstream,35,3050,108.87,7.99,0.9113,3.0,0.09,350,100,0.1,0.18
2025-07-16T03:00:00,cloudburst,upstream_03,Eagle Cliff Village,33.41,75.58,upstream,42,3400,107.89,8.3,0.8321,4.5,0.03,120,30,0.12,0.2
2025-07-16T03:00:00,cloudburst,upstream_04,Snowmelt Creek Base,33.44,75.65,upstream,30,2900,109.36,7.85,0.8902,1.8,0.072,280,80,0.09,0.16
2025-07-16T03:00:00,cloudburst,midvalley_01,Valley Temple Town,33.38,75.68,midvalley,22,2400,88.17,6.93,0.864,5.2,0.46,1800,500,0.12,0.22
2025-07-16T03:00:00,cloudburst,midvalley_02,Bridge Market Colony,33.36,75.71,midvalley,18,2200,91.54,6.79,0.8662,6.1,0.56,2500,300,0.14,0.2
2025-07-16T03:00:00,cloudburst,midvalley_03,River Bend Settlement,33.37,75.66,midvalley,25,2300,89.84,7.15,0.864,7.3,0.22,900,200,0.11,0.19
2025-07-16T03:00:00,cloudburst,midvalley_04,Pilgrim Rest Camp,33.35,75.73,midvalley,15,2100,87.94,6.64,0.8899,3.8,0.52,600,2000,0.06,0.1
2025-07-16T03:00:00,cloudburst,downstream_01,Riverside Colony,33.31,75.77,downstream,10,1800,60.78,6.18,0.828,8.0,0.92,4200,400,0.15,0.25
2025-07-16T03:00:00,cloudburst,downstream_02,Lower Falls Township,33.3,75.8,downstream,8,1700,68.15,6.05,0.8731,6.5,1.15,5500,250,0.16,0.24
2025-07-16T03:00:00,cloudburst,downstream_03,Delta Market Village,33.29,75.75,downstream,12,1850,62.17,6.38,0.8469,5.0,0.63,3000,150,0.13,0.21
2025-07-16T03:00:00,cloudburst,downstream_04,Flood Plain Hamlet,33.28,75.82,downstream,5,1600,60.13,6.1,0.8178,9.2,0.46,2200,100,0.18,0.23
2025-07-16T03:15:00,cloudburst,upstream_01,Glacier View Station,33.45,75.6,upstream,38,3200,108.6,7.97,0.8465,2.1,0.05,200,50,0.08,0.15
2025-07-16T03:15:00,cloudburst,upstream_02,Pine Ridge Outpost,33.43,75.63,upstream,35,3050,110.34,8.07,0.8626,3.0,0.09,350,100,0.1,0.18
2025-07-16T03:15:00,cloudburst,upstream_03,Eagle Cliff Village,33.41,75.58,upstream,42,3400,108.31,8.24,0.8166,4.5,0.03,120,30,0.12,0.2
2025-07-16T03:15:00,cloudburst,upstream_04,Snowmelt Creek Base,33.44,75.65,upstream,30,2900,110.85,7.77,0.8646,1.8,0.072,280,80,0.09,0.16
2025-07-16T03:15:00,cloudburst,midvalley_01,Valley Temple Town,33.38,75.68,midvalley,22,2400,89.96,6.63,0.8729,5.2,0.46,1800,500,0.12,0.22
2025-07-16T03:15:00,cloudburst,midvalley_02,Bridge Market Colony,33.36,75.71,midvalley,18,2200,91.48,6.37,0.8852,6.1,0.56,2500,300,0.14,0.2
2025-07-16T03:15:00,cloudburst,midvalley_03,River Bend Settlement,33.37,75.66,midvalley,25,2300,91.35,6.83,0.848,7.3,0.22,900,200,0.11,0.19
2025-07-16T03:15:00,cloudburst,midvalley_04,Pilgrim Rest Camp,33.35,75.73,midvalley,15,2100,89.72,6.38,0.9235,3.8,0.52,600,2000,0.06,0.1
2025-07-16T03:15:00,cloudburst,downstream_01,Riverside Colony,33.31,75.77,downstream,10,1800,64.92,6.31,0.8799,8.0,0.92,4200,400,0.15,0.25
2025-07-16T03:15:00,cloudburst,downstream_02,Lower Falls Township,33.3,75.8,downstream,8,1700,65.14,6.27,0.8544,6.5,1.15,5500,250,0.16,0.24
2025-07-16T03:15:00,cloudburst,downstream_03,Delta Market Village,33.29,75.75,downstream,12,1850,66.56,6.3,0.8272,5.0,0.63,3000,150,0.13,0.21
2025-07-16T03:15:00,cloudburst,downstream_04,Flood Plain Hamlet,33.28,75.82,downstream,5,1600,63.96,6.09,0.8509,9.2,0.46,2200,100,0.18,0.23
2025-07-16T03:30:00,cloudburst,upstream_01,Glacier View Station,33.45,75.6,upstream,38,3200,114.51,8.33,0.8527,2.1,0.05,200,50,0.08,0.15
2025-07-16T03:30:00,cloudburst,upstream_02,Pine Ridge Outpost,33.43,75.63,upstream,35,3050,117.12,8.23,0.8314,3.0,0.09,350,100,0.1,0.18
2025-07-16T03:30:00,cloudburst,upstream_03,Eagle Cliff Village,33.41,75.58,upstream,42,3400,115.85,8.55,0.8615,4.5,0.03,120,30,0.12,0.2
2025-07-16T03:30:00,cloudburst,upstream_04,Snowmelt Creek Base,33.44,75.65,upstream,30,2900,111.67,7.79,0.8974,1.8,0.072,280,80,0.09,0.16
2025-07-16T03:30:00,cloudburst,midvalley_01,Valley Temple Town,33.38,75.68,midvalley,22,2400,93.81,6.87,0.8589,5.2,0.46,1800,500,0.12,0.22
2025-07-16T03:30:00,cloudburst,midvalley_02,Bridge Market Colony,33.36,75.71,midvalley,18,2200,94.98,6.76,0.8508,6.1,0.56,2500,300,0.14,0.2
2025-07-16T03:30:00,cloudburst,midvalley_03,River Bend Settlement,33.37,75.66,midvalley,25,2300,98.74,6.95,0.8842,7.3,0.22,900,200,0.11,0.19
2025-07-16T03:30:00,cloudburst,midvalley_04,Pilgrim Rest Camp,33.35,75.73,midvalley,15,2100,95.78,6.62,0.9122,3.8,0.52,600,2000,0.06,0.1
2025-07-16T03:30:00,cloudburst,downstream_01,Riverside Colony,33.31,75.77,downstream,10,1800,68.67,6.17,0.8413,8.0,0.92,4200,400,0.15,0.25
2025-07-16T03:30:00,cloudburst,downstream_02,Lower Falls Township,33.3,75.8,downstream,8,1700,68.25,6.12,0.8939,6.5,1.15,5500,250,0.16,0.24
2025-07-16T03:30:00,cloudburst,downstream_03,Delta Market Village,33.29,75.75,downstream,12,1850,68.91,6.31,0.8484,5.0,0.63,3000,150,0.13,0.21
2025-07-16T03:30:00,cloudburst,downstream_04,Flood Plain Hamlet,33.28,75.82,downstream,5,1600,68.15,6.05,0.8622,9.2,0.46,2200,100,0.18,0.23
2025-07-16T03:45:00,cloudburst,upstream_01,Glacier View Station,33.45,75.6,upstream,38,3200,111.3,8.22,0.8343,2.1,0.05,200,50,0.08,0.15
2025-07-16T03:45:00,cloudburst,upstream_02,Pine Ridge Outpost,33.43,75.63,upstream,35,3050,113.11,8.14,0.8683,3.0,0.09,350,100,0.1,0.18
2025-07-16T03:45:00,cloudburst,upstream_03,Eagle Cliff Village,33.41,75.58,upstream,42,3400,115.59,8.58,0.8582,4.5,0.03,120,30,0.12,0.2
2025-07-16T03:45:00,cloudburst,upstream_04,Snowmelt Creek Base,33.44,75.65,upstream,30,2900,114.07,7.92,0.8716,1.8,0.072,280,80,0.09,0.16
2025-07-16T03:45:00,cloudburst,midvalley_01,Valley Temple Town,33.38,75.68,midvalley,22,2400,97.11,6.75,0.877,5.2,0.46,1800,500,0.12,0.22
2025-07-16T03:45:00,cloudburst,midvalley_02,Bridge Market Colony,33.36,75.71,midvalley,18,2200,92.19,6.59,0.8648,6.1,0.56,2500,300,0.14,0.2
2025-07-16T03:45:00,cloudburst,midvalley_03,River Bend Settlement,33.37,75.66,midvalley,25,2300,92.75,6.91,0.8251,7.3,0.22,900,200,0.11,0.19
2025-07-16T03:45:00,cloudburst,midvalley_04,Pilgrim Rest Camp,33.35,75.73,midvalley,15,2100,95.29,6.59,0.8927,3.8,0.52,600,2000,0.06,0.1
2025-07-16T03:45:00,cloudburst,downstream_01,Riverside Colony,33.31,75.77,downstream,10,1800,66.46,6.43,0.87,8.0,0.92,4200,400,0.15,0.25
2025-07-16T03:45:00,cloudburst,downstream_02,Lower Falls Township,33.3,75.8,downstream,8,1700,67.15,6.42,0.8396,6.5,1.15,5500,250,0.16,0.24
2025-07-16T03:45:00,cloudburst,downstream_03,Delta Market Village,33.29,75.75,downstream,12,1850,65.79,6.49,0.8484,5.0,0.63,3000,150,0.13,0.21
2025-07-16T03:45:00,cloudburst,downstream_04,Flood Plain Hamlet,33.28,75.82,downstream,5,1600,63.65,6.2,0.8779,9.2,0.46,2200,100,0.18,0.23
2025-07-16T06:00:00,saturated_soil,upstream_01,Glacier View Station,33.45,75.6,upstream,38,3200,16.93,1.76,0.5778,2.1,0.05,200,50,0.08,0.15
2025-07-16T06:00:00,saturated_soil,upstream_02,Pine Ridge Outpost,33.43,75.63,upstream,35,3050,20.77,1.9,0.5998,3.0,0.09,350,100,0.1,0.18
2025-07-16T06:00:00,saturated_soil,upstream_03,Eagle Cliff Village,33.41,75.58,upstream,42,3400,20.83,1.98,0.5577,4.5,0.03,120,30,0.12,0.2
2025-07-16T06:00:00,saturated_soil,upstream_04,Snowmelt Creek Base,33.44,75.65,upstream,30,2900,17.65,1.81,0.5637,1.8,0.072,280,80,0.09,0.16
2025-07-16T06:00:00,saturated_soil,midvalley_01,Valley Temple Town,33.38,75.68,midvalley,22,2400,13.26,1.58,0.6317,5.2,0.46,1800,500,0.12,0.22
2025-07-16T06:00:00,saturated_soil,midvalley_02,Bridge Market Colony,33.36,75.71,midvalley,18,2200,17.75,1.68,0.6572,6.1,0.56,2500,300,0.14,0.2
2025-07-16T06:00:00,saturated_soil,midvalley_03,River Bend Settlement,33.37,75.66,midvalley,25,2300,17.85,1.77,0.6353,7.3,0.22,900,200,0.11,0.19
2025-07-16T06:00:00,saturated_soil,midvalley_04,Pilgrim Rest Camp,33.35,75.73,midvalley,15,2100,17.33,1.7,0.6463,3.8,0.52,600,2000,0.06,0.1
2025-07-16T06:00:00,saturated_soil,downstream_01,Riverside Colony,33.31,75.77,downstream,10,1800,12.7,1.5,0.6678,8.0,0.92,4200,400,0.15,0.25
2025-07-16T06:00:00,saturated_soil,downstream_02,Lower Falls Township,33.3,75.8,downstream,8,1700,11.39,1.49,0.6915,6.5,1.15,5500,250,0.16,0.24
2025-07-16T06:00:00,saturated_soil,downstream_03,Delta Market Village,33.29,75.75,downstream,12,1850,14.34,1.5,0.7046,5.0,0.63,3000,150,0.13,0.21
2025-07-16T06:00:00,saturated_soil,downstream_04,Flood Plain Hamlet,33.28,75.82,downstream,5,1600,12.72,1.5,0.7397,9.2,0.46,2200,100,0.18,0.23
2025-07-16T06:15:00,saturated_soil,upstream_01,Glacier View Station,33.45,75.6,upstream,38,3200,25.95,2.17,0.6083,2.1,0.05,200,50,0.08,0.15
2025-07-16T06:15:00,saturated_soil,upstream_02,Pine Ridge Outpost,33.43,75.63,upstream,35,3050,24.02,2.06,0.6,3.0,0.09,350,100,0.1,0.18
2025-07-16T06:15:00,saturated_soil,upstream_03,Eagle Cliff Village,33.41,75.58,upstream,42,3400,21.22,1.98,0.5849,4.5,0.03,120,30,0.12,0.2
2025-07-16T06:15:00,saturated_soil,upstream_04,Snowmelt Creek Base,33.44,75.65,upstream,30,2900,24.99,1.96,0.635,1.8,0.072,280,80,0.09,0.16
2025-07-16T06:15:00,saturated_soil,midvalley_01,Valley Temple Town,33.38,75.68,midvalley,22,2400,19.01,1.8,0.605,5.2,0.46,1800,500,0.12,0.22
2025-07-16T06:15:00,saturated_soil,midvalley_02,Bridge Market Colony,33.36,75.71,midvalley,18,2200,20.04,1.77,0.6583,6.1,0.56,2500,300,0.14,0.2
2025-07-16T06:15:00,saturated_soil,midvalley_03,River Bend Settlement,33.37,75.66,midvalley,25,2300,22.18,1.84,0.6314,7.3,0.22,900,200,0.11,0.19
2025-07-16T06:15:00,saturated_soil,midvalley_04,Pilgrim Rest Camp,33.35,75.73,midvalley,15,2100,21.24,1.77,0.728,3.8,0.52,600,2000,0.06,0.1
2025-07-16T06:15:00,saturated_soil,downstream_01,Riverside Colony,33.31,75.77,downstream,10,1800,14.81,1.52,0.7213,8.0,0.92,4200,400,0.15,0.25
2025-07-16T06:15:00,saturated_soil,downstream_02,Lower Falls Township,33.3,75.8,downstream,8,1700,11.82,1.56,0.7201,6.5,1.15,5500,250,0.16,0.24
2025-07-16T06:15:00,saturated_soil,downstream_03,Delta Market Village,33.29,75.75,downstream,12,1850,13.92,1.65,0.6642,5.0,0.63,3000,150,0.13,0.21
2025-07-16T06:15:00,saturated_soil,downstream_04,Flood Plain Hamlet,33.28,75.82,downstream,5,1600,11.73,1.48,0.7035,9.2,0.46,2200,100,0.18,0.23
2025-07-16T06:30:00,saturated_soil,upstream_01,Glacier View Station,33.45,75.6,upstream,38,3200,25.3,2.16,0.5942,2.1,0.05,200,50,0.08,0.15
2025-07-16T06:30:00,saturated_soil,upstream_02,Pine Ridge Outpost,33.43,75.63,upstream,35,3050,23.68,1.92,0.6072,3.0,0.09,350,100,0.1,0.18
2025-07-16T06:30:00,saturated_soil,upstream_03,Eagle Cliff Village,33.41,75.58,upstream,42,3400,23.0,2.03,0.5638,4.5,0.03,120,30,0.12,0.2
2025-07-16T06:30:00,saturated_soil,upstream_04,Snowmelt Creek Base,33.44,75.65,upstream,30,2900,24.37,2.1,0.619,1.8,0.072,280,80,0.09,0.16
2025-07-16T06:30:00,saturated_soil,midvalley_01,Valley Temple Town,33.38,75.68,midvalley,22,2400,22.81,1.87,0.6491,5.2,0.46,1800,500,0.12,0.22
2025-07-16T06:30:00,saturated_soil,midvalley_02,Bridge Market Colony,33.36,75.71,midvalley,18,2200,19.51,1.76,0.6595,6.1,0.56,2500,300,0.14,0.2
2025-07-16T06:30:00,saturated_soil,midvalley_03,River Bend Settlement,33.37,75.66,midvalley,25,2300,18.15,1.8,0.6068,7.3,0.22,900,200,0.11,0.19
2025-07-16T06:30:00,saturated_soil,midvalley_04,Pilgrim Rest Camp,33.35,75.73,midvalley,15,2100,20.92,1.8,0.6717,3.8,0.52,600,2000,0.06,0.1
2025-07-16T06:30:00,saturated_soil,downstream_01,Riverside Colony,33.31,75.77,downstream,10,1800,12.5,1.55,0.6926,8.0,0.92,4200,400,0.15,0.25
2025-07-16T06:30:00,saturated_soil,downstream_02,Lower Falls Township,33.3,75.8,downstream,8,1700,13.7,1.5,0.7102,6.5,1.15,5500,250,0.16,0.24
2025-07-16T06:30:00,saturated_soil,downstream_03,Delta Market Village,33.29,75.75,downstream,12,1850,13.37,1.5,0.676,5.0,0.63,3000,150,0.13,0.21
2025-07-16T06:30:00,saturated_soil,downstream_04,Flood Plain Hamlet,33.28,75.82,downstream,5,1600,13.41,1.47,0.6843,9.2,0.46,2200,100,0.18,0.23
2025-07-16T06:45:00,saturated_soil,upstream_01,Glacier View Station,33.45,75.6,upstream,38,3200,16.46,1.8,0.5546,2.1,0.05,200,50,0.08,0.15
2025-07-16T06:45:00,saturated_soil,upstream_02,Pine Ridge Outpost,33.43,75.63,upstream,35,3050,17.93,1.81,0.5963,3.0,0.09,350,100,0.1,0.18
2025-07-16T06:45:00,saturated_soil,upstream_03,Eagle Cliff Village,33.41,75.58,upstream,42,3400,14.57,1.74,0.5129,4.5,0.03,120,30,0.12,0.2
2025-07-16T06:45:00,saturated_soil,upstream_04,Snowmelt Creek Base,33.44,75.65,upstream,30,2900,16.27,1.68,0.5834,1.8,0.072,280,80,0.09,0.16
2025-07-16T06:45:00,saturated_soil,midvalley_01,Valley Temple Town,33.38,75.68,midvalley,22,2400,13.23,1.72,0.6333,5.2,0.46,1800,500,0.12,0.22
2025-07-16T06:45:00,saturated_soil,midvalley_02,Bridge Market Colony,33.36,75.71,midvalley,18,2200,13.03,1.61,0.6408,6.1,0.56,2500,300,0.14,0.2
2025-07-16T06:45:00,saturated_soil,midvalley_03,River Bend Settlement,33.37,75.66,midvalley,25,2300,14.08,1.74,0.6003,7.3,0.22,900,200,0.11,0.19
2025-07-16T06:45:00,saturated_soil,midvalley_04,Pilgrim Rest Camp,33.35,75.73,midvalley,15,2100,10.57,1.65,0.6495,3.8,0.52,600,2000,0.06,0.1
2025-07-16T06:45:00,saturated_soil,downstream_01,Riverside Colony,33.31,75.77,downstream,10,1800,10.27,1.47,0.7347,8.0,0.92,4200,400,0.15,0.25
2025-07-16T06:45:00,saturated_soil,downstream_02,Lower Falls Township,33.3,75.8,downstream,8,1700,7.89,1.3,0.6818,6.5,1.15,5500,250,0.16,0.24
2025-07-16T06:45:00,saturated_soil,downstream_03,Delta Market Village,33.29,75.75,downstream,12,1850,9.74,1.49,0.6526,5.0,0.63,3000,150,0.13,0.21
2025-07-16T06:45:00,saturated_soil,downstream_04,Flood Plain Hamlet,33.28,75.82,downstream,5,1600,8.8,1.36,0.6991,9.2,0.46,2200,100,0.18,0.23
2025-07-16T07:00:00,saturated_soil,upstream_01,Glacier View Station,33.45,75.6,upstream,38,3200,23.62,2.11,0.6175,2.1,0.05,200,50,0.08,0.15
2025-07-16T07:00:00,saturated_soil,upstream_02,Pine Ridge Outpost,33.43,75.63,upstream,35,3050,25.22,2.12,0.608,3.0,0.09,350,100,0.1,0.18
2025-07-16T07:00:00,saturated_soil,upstream_03,Eagle Cliff Village,33.41,75.58,upstream,42,3400,20.4,2.03,0.5456,4.5,0.03,120,30,0.12,0.2
2025-07-16T07:00:00,saturated_soil,upstream_04,Snowmelt Creek Base,33.44,75.65,upstream,30,2900,24.16,2.0,0.5944,1.8,0.072,280,80,0.09,0.16
2025-07-16T07:00:00,saturated_soil,midvalley_01,Valley Temple Town,33.38,75.68,midvalley,22,2400,23.62,1.74,0.6858,5.2,0.46,1800,500,0.12,0.22
2025-07-16T07:00:00,saturated_soil,midvalley_02,Bridge Market Colony,33.36,75.71,midvalley,18,2200,22.12,1.63,0.669,6.1,0.56,2500,300,0.14,0.2
2025-07-16T07:00:00,saturated_soil,midvalley_03,River Bend Settlement,33.37,75.66,midvalley,25,2300,18.37,1.75,0.6614,7.3,0.22,900,200,0.11,0.19
2025-07-16T07:00:00,saturated_soil,midvalley_04,Pilgrim Rest Camp,33.35,75.73,midvalley,15,2100,19.73,1.78,0.6782,3.8,0.52,600,2000,0.06,0.1
2025-07-16T07:00:00,saturated_soil,downstream_01,Riverside Colony,33.31,75.77,downstream,10,1800,17.4,1.62,0.7466,8.0,0.92,4200,400,0.15,0.25
2025-07-16T07:00:00,saturated_soil,downstream_02,Lower Falls Township,33.3,75.8,downstream,8,1700,14.74,1.62,0.6739,6.5,1.15,5500,250,0.16,0.24
2025-07-16T07:00:00,saturated_soil,downstream_03,Delta Market Village,33.29,75.75,downstream,12,1850,11.82,1.44,0.6798,5.0,0.63,3000,150,0.13,0.21
2025-07-16T07:00:00,saturated_soil,downstream_04,Flood Plain Hamlet,33.28,75.82,downstream,5,1600,12.97,1.46,0.6972,9.2,0.46,2200,100,0.18,0.23
2025-07-16T07:15:00,saturated_soil,upstream_01,Glacier View Station,33.45,75.6,upstream,38,3200,14.96,1.7,0.5716,2.1,0.05,200,50,0.08,0.15
2025-07-16T07:15:00,saturated_soil,upstream_02,Pine Ridge Outpost,33.43,75.63,upstream,35,3050,16.5,1.76,0.5989,3.0,0.09,350,100,0.1,0.18
2025-07-16T07:15:00,saturated_soil,upstream_03,Eagle Cliff Village,33.41,75.58,upstream,42,3400,14.62,1.82,0.5293,4.5,0.03,120,30,0.12,0.2
2025-07-16T07:15:00,saturated_soil,upstream_04,Snowmelt Creek Base,33.44,75.65,upstream,30,2900,16.45,1.77,0.5887,1.8,0.072,280,80,0.09,0.16
2025-07-16T07:15:00,saturated_soil,midvalley_01,Valley Temple Town,33.38,75.68,midvalley,22,2400,11.18,1.81,0.6372,5.2,0.46,1800,500,0.12,0.22
2025-07-16T07:15:00,saturated_soil,midvalley_02,Bridge Market Colony,33.36,75.71,midvalley,18,2200,12.77,1.71,0.6315,6.1,0.56,2500,300,0.14,0.2
2025-07-16T07:15:00,saturated_soil,midvalley_03,River Bend Settlement,33.37,75.66,midvalley,25,2300,14.45,1.78,0.6429,7.3,0.22,900,200,0.11,0.19
2025-07-16T07:15:00,saturated_soil,midvalley_04,Pilgrim Rest Camp,33.35,75.73,midvalley,15,2100,14.3,1.7,0.6262,3.8,0.52,600,2000,0.06,0.1
2025-07-16T07:15:00,saturated_soil,downstream_01,Riverside Colony,33.31,75.77,downstream,10,1800,9.31,1.38,0.6597,8.0,0.92,4200,400,0.15,0.25
2025-07-16T07:15:00,saturated_soil,downstream_02,Lower Falls Township,33.3,75.8,downstream,8,1700,8.03,1.38,0.6899,6.5,1.15,5500,250,0.16,0.24
2025-07-16T07:15:00,saturated_soil,downstream_03,Delta Market Village,33.29,75.75,downstream,12,1850,4.89,1.29,0.6123,5.0,0.63,3000,150,0.13,0.21
2025-07-16T07:15:00,saturated_soil,downstream_04,Flood Plain Hamlet,33.28,75.82,downstream,5,1600,10.28,1.4,0.6509,9.2,0.46,2200,100,0.18,0.23
2025-07-16T07:30:00,saturated_soil,upstream_01,Glacier View Station,33.45,75.6,upstream,38,3200,18.88,1.92,0.5589,2.1,0.05,200,50,0.08,0.15
2025-07-16T07:30:00,saturated_soil,upstream_02,Pine Ridge Outpost,33.43,75.63,upstream,35,3050,16.39,1.82,0.5316,3.0,0.09,350,100,0.1,0.18
2025-07-16T07:30:00,saturated_soil,upstream_03,Eagle Cliff Village,33.41,75.58,upstream,42,3400,16.54,2.04,0.5498,4.5,0.03,120,30,0.12,0.2
2025-07-16T07:30:00,saturated_soil,upstream_04,Snowmelt Creek Base,33.44,75.65,upstream,30,2900,11.94,1.58,0.6203,1.8,0.072,280,80,0.09,0.16
2025-07-16T07:30:00,saturated_soil,midvalley_01,Valley Temple Town,33.38,75.68,midvalley,22,2400,14.0,1.6,0.6311,5.2,0.46,1800,500,0.12,0.22
2025-07-16T07:30:00,saturated_soil,midvalley_02,Bridge Market Colony,33.36,75.71,midvalley,18,2200,12.28,1.52,0.6534,6.1,0.56,2500,300,0.14,0.2
2025-07-16T07:30:00,saturated_soil,midvalley_03,River Bend Settlement,33.37,75.66,midvalley,25,2300,14.92,1.58,0.6114,7.3,0.22,900,200,0.11,0.19
2025-07-16T07:30:00,saturated_soil,midvalley_04,Pilgrim Rest Camp,33.35,75.73,midvalley,15,2100,12.52,1.55,0.6877,3.8,0.52,600,2000,0.06,0.1
2025-07-16T07:30:00,saturated_soil,downstream_01,Riverside Colony,33.31,75.77,downstream,10,1800,10.11,1.64,0.6657,8.0,0.92,4200,400,0.15,0.25
2025-07-16T07:30:00,saturated_soil,downstream_02,Lower Falls Township,33.3,75.8,downstream,8,1700,10.77,1.58,0.7293,6.5,1.15,5500,250,0.16,0.24
2025-07-16T07:30:00,saturated_soil,downstream_03,Delta Market Village,33.29,75.75,downstream,12,1850,10.73,1.68,0.6742,5.0,0.63,3000,150,0.13,0.21
2025-07-16T07:30:00,saturated_soil,downstream_04,Flood Plain Hamlet,33.28,75.82,downstream,5,1600,7.96,1.55,0.7138,9.2,0.46,2200,100,0.18,0.23
2025-07-16T07:45:00,saturated_soil,upstream_01,Glacier View Station,33.45,75.6,upstream,38,3200,17.95,1.86,0.5689,2.1,0.05,200,50,0.08,0.15
2025-07-16T07:45:00,saturated_soil,upstream_02,Pine Ridge Outpost,33.43,75.63,upstream,35,3050,18.2,1.9,0.6112,3.0,0.09,350,100,0.1,0.18
2025-07-16T07:45:00,saturated_soil,upstream_03,Eagle Cliff Village,33.41,75.58,upstream,42,3400,19.51,1.91,0.5394,4.5,0.03,120,30,0.12,0.2
2025-07-16T07:45:00,saturated_soil,upstream_04,Snowmelt Creek Base,33.44,75.65,upstream,30,2900,19.68,1.93,0.6266,1.8,0.072,280,80,0.09,0.16
2025-07-16T07:45:00,saturated_soil,midvalley_01,Valley Temple Town,33.38,75.68,midvalley,22,2400,13.6,1.72,0.6262,5.2,0.46,1800,500,0.12,0.22
2025-07-16T07:45:00,saturated_soil,midvalley_02,Bridge Market Colony,33.36,75.71,midvalley,18,2200,14.02,1.74,0.672,6.1,0.56,2500,300,0.14,0.2
2025-07-16T07:45:00,saturated_soil,midvalley_03,River Bend Settlement,33.37,75.66,midvalley,25,2300,16.09,1.85,0.6195,7.3,0.22,900,200,0.11,0.19
2025-07-16T07:45:00,saturated_soil,midvalley_04,Pilgrim Rest Camp,33.35,75.73,midvalley,15,2100,12.51,1.59,0.6642,3.8,0.52,600,2000,0.06,0.1
2025-07-16T07:45:00,saturated_soil,downstream_01,Riverside Colony,33.31,75.77,downstream,10,1800,9.99,1.71,0.6474,8.0,0.92,4200,400,0.15,0.25
2025-07-16T07:45:00,saturated_soil,downstream_02,Lower Falls Township,33.3,75.8,downstream,8,1700,11.92,1.71,0.7051,6.5,1.15,5500,250,0.16,0.24
2025-07-16T07:45:00,saturated_soil,downstream_03,Delta Market Village,33.29,75.75,downstream,12,1850,8.47,1.71,0.7003,5.0,0.63,3000,150,0.13,0.21
2025-07-16T07:45:00,saturated_soil,downstream_04,Flood Plain Hamlet,33.28,75.82,downstream,5,1600,9.89,1.55,0.7274,9.2,0.46,2200,100,0.18,0.23
2025-07-16T08:00:00,saturated_soil,upstream_01,Glacier View Station,33.45,75.6,upstream,38,3200,13.81,1.66,0.5409,2.1,0.05,200,50,0.08,0.15
2025-07-16T08:00:00,saturated_soil,upstream_02,Pine Ridge Outpost,33.43,75.63,upstream,35,3050,17.48,1.84,0.5723,3.0,0.09,350,100,0.1,0.18
2025-07-16T08:00:00,saturated_soil,upstream_03,Eagle Cliff Village,33.41,75.58,upstream,42,3400,13.89,1.75,0.4953,4.5,0.03,120,30,0.12,0.2
2025-07-16T08:00:00,saturated_soil,upstream_04,Snowmelt Creek Base,33.44,75.65,upstream,30,2900,11.21,1.51,0.5822,1.8,0.072,280,80,0.09,0.16
2025-07-16T08:00:00,saturated_soil,midvalley_01,Valley Temple Town,33.38,75.68,midvalley,22,2400,16.5,1.6,0.6577,5.2,0.46,1800,500,0.12,0.22
2025-07-16T08:00:00,saturated_soil,midvalley_02,Bridge Market Colony,33.36,75.71,midvalley,18,2200,15.05,1.6,0.6382,6.1,0.56,2500,300,0.14,0.2
2025-07-16T08:00:00,saturated_soil,midvalley_03,River Bend Settlement,33.37,75.66,midvalley,25,2300,12.93,1.68,0.6191,7.3,0.22,900,200,0.11,0.19
2025-07-16T08:00:00,saturated_soil,midvalley_04,Pilgrim Rest Camp,33.35,75.73,midvalley,15,2100,13.99,1.47,0.6727,3.8,0.52,600,2000,0.06,0.1
2025-07-16T08:00:00,saturated_soil,downstream_01,Riverside Colony,33.31,75.77,downstream,10,1800,6.85,1.69,0.6681,8.0,0.92,4200,400,0.15,0.25
2025-07-16T08:00:00,saturated_soil,downstream_02,Lower Falls Township,33.3,75.8,downstream,8,1700,6.51,1.74,0.7278,6.5,1.15,5500,250,0.16,0.24
2025-07-16T08:00:00,saturated_soil,downstream_03,Delta Market Village,33.29,75.75,downstream,12,1850,9.97,1.69,0.6714,5.0,0.63,3000,150,0.13,0.21
2025-07-16T08:00:00,saturated_soil,downstream_04,Flood Plain Hamlet,33.28,75.82,downstream,5,1600,6.86,1.65,0.6971,9.2,0.46,2200,100,0.18,0.23
2025-07-16T08:15:00,saturated_soil,upstream_01,Glacier View Station,33.45,75.6,upstream,38,3200,14.2,1.63,0.5495,2.1,0.05,200,50,0.08,0.15
2025-07-16T08:15:00,saturated_soil,upstream_02,Pine Ridge Outpost,33.43,75.63,upstream,35,3050,11.81,1.71,0.5522,3.0,0.09,350,100,0.1,0.18
2025-07-16T08:15:00,saturated_soil,upstream_03,Eagle Cliff Village,33.41,75.58,upstream,42,3400,14.64,1.79,0.5072,4.5,0.03,120,30,0.12,0.2
2025-07-16T08:15:00,saturated_soil,upstream_04,Snowmelt Creek Base,33.44,75.65,upstream,30,2900,10.44,1.52,0.603,1.8,0.072,280,80,0.09,0.16
2025-07-16T08:15:00,saturated_soil,midvalley_01,Valley Temple Town,33.38,75.68,midvalley,22,2400,11.09,1.54,0.6498,5.2,0.46,1800,500,0.12,0.22
2025-07-16T08:15:00,saturated_soil,midvalley_02,Bridge Market Colony,33.36,75.71,midvalley,18,2200,8.48,1.63,0.6238,6.1,0.56,2500,300,0.14,0.2
2025-07-16T08:15:00,saturated_soil,midvalley_03,River Bend Settlement,33.37,75.66,midvalley,25,2300,8.24,1.59,0.5431,7.3,0.22,900,200,0.11,0.19
2025-07-16T08:15:00,saturated_soil,midvalley_04,Pilgrim Rest Camp,33.35,75.73,midvalley,15,2100,12.38,1.53,0.6861,3.8,0.52,600,2000,0.06,0.1
2025-07-16T08:15:00,saturated_soil,downstream_01,Riverside Colony,33.31,75.77,downstream,10,1800,7.07,1.45,0.6943,8.0,0.92,4200,400,0.15,0.25
2025-07-16T08:15:00,saturated_soil,downstream_02,Lower Falls Township,33.3,75.8,downstream,8,1700,7.12,1.56,0.6852,6.5,1.15,5500,250,0.16,0.24
2025-07-16T08:15:00,saturated_soil,downstream_03,Delta Market Village,33.29,75.75,downstream,12,1850,6.87,1.43,0.6613,5.0,0.63,3000,150,0.13,0.21
2025-07-16T08:15:00,saturated_soil,downstream_04,Flood Plain Hamlet,33.28,75.82,downstream,5,1600,6.58,1.47,0.7038,9.2,0.46,2200,100,0.18,0.23
2025-07-16T08:30:00,saturated_soil,upstream_01,Glacier View Station,33.45,75.6,upstream,38,3200,19.11,1.91,0.5605,2.1,0.05,200,50,0.08,0.15
2025-07-16T08:30:00,saturated_soil,upstream_02,Pine Ridge Outpost,33.43,75.63,upstream,35,3050,16.29,1.81,0.5697,3.0,0.09,350,100,0.1,0.18
2025-07-16T08:30:00,saturated_soil,upstream_03,Eagle Cliff Village,33.41,75.58,upstream,42,3400,18.53,1.93,0.5338,4.5,0.03,120,30,0.12,0.2
2025-07-16T08:30:00,saturated_soil,upstream_04,Snowmelt Creek Base,33.44,75.65,upstream,30,2900,19.64,1.91,0.5679,1.8,0.072,280,80,0.09,0.16
2025-07-16T08:30:00,saturated_soil,midvalley_01,Valley Temple Town,33.38,75.68,midvalley,22,2400,14.5,1.7,0.642,5.2,0.46,1800,500,0.12,0.22
2025-07-16T08:30:00,saturated_soil,midvalley_02,Bridge Market Colony,33.36,75.71,midvalley,18,2200,12.43,1.6,0.6331,6.1,0.56,2500,300,0.14,0.2
2025-07-16T08:30:00,saturated_soil,midvalley_03,River Bend Settlement,33.37,75.66,midvalley,25,2300,13.61,1.62,0.6505,7.3,0.22,900,200,0.11,0.19
2025-07-16T08:30:00,saturated_soil,midvalley_04,Pilgrim Rest Camp,33.35,75.73,midvalley,15,2100,14.07,1.53,0.6713,3.8,0.52,600,2000,0.06,0.1
2025-07-16T08:30:00,saturated_soil,downstream_01,Riverside Colony,33.31,75.77,downstream,10,1800,9.83,1.68,0.6858,8.0,0.92,4200,400,0.15,0.25
2025-07-16T08:30:00,saturated_soil,downstream_02,Lower Falls Township,33.3,75.8,downstream,8,1700,10.44,1.6,0.6807,6.5,1.15,5500,250,0.16,0.24
2025-07-16T08:30:00,saturated_soil,downstream_03,Delta Market Village,33.29,75.75,downstream,12,1850,11.27,1.71,0.7089,5.0,0.63,3000,150,0.13,0.21
2025-07-16T08:30:00,saturated_soil,downstream_04,Flood Plain Hamlet,33.28,75.82,downstream,5,1600,11.07,1.59,0.7221,9.2,0.46,2200,100,0.18,0.23
2025-07-16T08:45:00,saturated_soil,upstream_01,Glacier View Station,33.45,75.6,upstream,38,3200,24.53,2.07,0.6162,2.1,0.05,200,50,0.08,0.15
2025-07-16T08:45:00,saturated_soil,upstream_02,Pine Ridge Outpost,33.43,75.63,upstream,35,3050,27.77,2.21,0.6238,3.0,0.09,350,100,0.1,0.18
2025-07-16T08:45:00,saturated_soil,upstream_03,Eagle Cliff Village,33.41,75.58,upstream,42,3400,24.6,2.21,0.5588,4.5,0.03,120,30,0.12,0.2
2025-07-16T08:45:00,saturated_soil,upstream_04,Snowmelt Creek Base,33.44,75.65,upstream,30,2900,24.41,1.96,0.5839,1.8,0.072,280,80,0.09,0.16
2025-07-16T08:45:00,saturated_soil,midvalley_01,Valley Temple Town,33.38,75.68,midvalley,22,2400,19.74,1.57,0.6554,5.2,0.46,1800,500,0.12,0.22
2025-07-16T08:45:00,saturated_soil,midvalley_02,Bridge Market Colony,33.36,75.71,midvalley,18,2200,22.55,1.56,0.6386,6.1,0.56,2500,300,0.14,0.2
2025-07-16T08:45:00,saturated_soil,midvalley_03,River Bend Settlement,33.37,75.66,midvalley,25,2300,16.47,1.58,0.6396,7.3,0.22,900,200,0.11,0.19
2025-07-16T08:45:00,saturated_soil,midvalley_04,Pilgrim Rest Camp,33.35,75.73,midvalley,15,2100,20.95,1.6,0.6706,3.8,0.52,600,2000,0.06,0.1
2025-07-16T08:45:00,saturated_soil,downstream_01,Riverside Colony,33.31,75.77,downstream,10,1800,16.16,1.52,0.7101,8.0,0.92,4200,400,0.15,0.25
2025-07-16T08:45:00,saturated_soil,downstream_02,Lower Falls Township,33.3,75.8,downstream,8,1700,15.23,1.56,0.6916,6.5,1.15,5500,250,0.16,0.24
2025-07-16T08:45:00,saturated_soil,downstream_03,Delta Market Village,33.29,75.75,downstream,12,1850,17.37,1.5,0.7135,5.0,0.63,3000,150,0.13,0.21
2025-07-16T08:45:00,saturated_soil,downstream_04,Flood Plain Hamlet,33.28,75.82,downstream,5,1600,14.8,1.53,0.6935,9.2,0.46,2200,100,0.18,0.23
2025-07-16T09:00:00,saturated_soil,upstream_01,Glacier View Station,33.45,75.6,upstream,38,3200,15.88,1.77,0.5344,2.1,0.05,200,50,0.08,0.15
2025-07-16T09:00:00,saturated_soil,upstream_02,Pine Ridge Outpost,33.43,75.63,upstream,35,3050,19.02,1.9,0.5579,3.0,0.09,350,100,0.1,0.18
2025-07-16T09:00:00,saturated_soil,upstream_03,Eagle Cliff Village,33.41,75.58,upstream,42,3400,20.13,1.94,0.5465,4.5,0.03,120,30,0.12,0.2
2025-07-16T09:00:00,saturated_soil,upstream_04,Snowmelt Creek Base,33.44,75.65,upstream,30,2900,21.72,1.9,0.6483,1.8,0.072,280,80,0.09,0.16
2025-07-16T09:00:00,saturated_soil,midvalley_01,Valley Temple Town,33.38,75.68,midvalley,22,2400,15.13,1.52,0.6452,5.2,0.46,1800,500,0.12,0.22
2025-07-16T09:00:00,saturated_soil,midvalley_02,Bridge Market Colony,33.36,75.71,midvalley,18,2200,16.07,1.42,0.673,6.1,0.56,2500,300,0.14,0.2
2025-07-16T09:00:00,saturated_soil,midvalley_03,River Bend Settlement,33.37,75.66,midvalley,25,2300,18.99,1.53,0.6334,7.3,0.22,900,200,0.11,0.19
2025-07-16T09:00:00,saturated_soil,midvalley_04,Pilgrim Rest Camp,33.35,75.73,midvalley,15,2100,16.17,1.41,0.6728,3.8,0.52,600,2000,0.06,0.1
2025-07-16T09:00:00,saturated_soil,downstream_01,Riverside Colony,33.31,75.77,downstream,10,1800,14.44,1.55,0.6941,8.0,0.92,4200,400,0.15,0.25
2025-07-16T09:00:00,saturated_soil,downstream_02,Lower Falls Township,33.3,75.8,downstream,8,1700,13.35,1.54,0.6796,6.5,1.15,5500,250,0.16,0.24
2025-07-16T09:00:00,saturated_soil,downstream_03,Delta Market Village,33.29,75.75,downstream,12,1850,10.91,1.43,0.6897,5.0,0.63,3000,150,0.13,0.21
2025-07-16T09:00:00,saturated_soil,downstream_04,Flood Plain Hamlet,33.28,75.82,downstream,5,1600,11.25,1.52,0.6967,9.2,0.46,2200,100,0.18,0.23
2025-07-16T09:15:00,saturated_soil,upstream_01,Glacier View Station,33.45,75.6,upstream,38,3200,18.28,1.87,0.5506,2.1,0.05,200,50,0.08,0.15
2025-07-16T09:15:00,saturated_soil,upstream_02,Pine Ridge Outpost,33.43,75.63,upstream,35,3050,17.9,1.82,0.5955,3.0,0.09,350,100,0.1,0.18
2025-07-16T09:15:00,saturated_soil,upstream_03,Eagle Cliff Village,33.41,75.58,upstream,42,3400,13.88,1.68,0.5241,4.5,0.03,120,30,0.12,0.2
2025-07-16T09:15:00,saturated_soil,upstream_04,Snowmelt Creek Base,33.44,75.65,upstream,30,2900,16.43,1.75,0.5745,1.8,0.072,280,80,0.09,0.16
2025-07-16T09:15:00,saturated_soil,midvalley_01,Valley Temple Town,33.38,75.68,midvalley,22,2400,19.07,1.62,0.6535,5.2,0.46,1800,500,0.12,0.22
2025-07-16T09:15:00,saturated_soil,midvalley_02,Bridge Market Colony,33.36,75.71,midvalley,18,2200,17.32,1.59,0.6528,6.1,0.56,2500,300,0.14,0.2
2025-07-16T09:15:00,saturated_soil,midvalley_03,River Bend Settlement,33.37,75.66,midvalley,25,2300,14.1,1.65,0.5823,7.3,0.22,900,200,0.11,0.19
2025-07-16T09:15:00,saturated_soil,midvalley_04,Pilgrim Rest Camp,33.35,75.73,midvalley,15,2100,16.73,1.58,0.6732,3.8,0.52,600,2000,0.06,0.1
2025-07-16T09:15:00,saturated_soil,downstream_01,Riverside Colony,33.31,75.77,downstream,10,1800,9.6,1.5,0.691,8.0,0.92,4200,400,0.15,0.25
2025-07-16T09:15:00,saturated_soil,downstream_02,Lower Falls Township,33.3,75.8,downstream,8,1700,13.04,1.51,0.6791,6.5,1.15,5500,250,0.16,0.24
2025-07-16T09:15:00,saturated_soil,downstream_03,Delta Market Village,33.29,75.75,downstream,12,1850,8.55,1.62,0.6556,5.0,0.63,3000,150,0.13,0.21
2025-07-16T09:15:00,saturated_soil,downstream_04,Flood Plain Hamlet,33.28,75.82,downstream,5,1600,12.52,1.56,0.7321,9.2,0.46,2200,100,0.18,0.23
2025-07-16T09:30:00,saturated_soil,upstream_01,Glacier View Station,33.45,75.6,upstream,38,3200,13.37,1.76,0.5345,2.1,0.05,200,50,0.08,0.15
2025-07-16T09:30:00,saturated_soil,upstream_02,Pine Ridge Outpost,33.43,75.63,upstream,35,3050,11.63,1.66,0.5778,3.0,0.09,350,100,0.1,0.18
2025-07-16T09:30:00,saturated_soil,upstream_03,Eagle Cliff Village,33.41,75.58,upstream,42,3400,17.69,1.92,0.5349,4.5,0.03,120,30,0.12,0.2
2025-07-16T09:30:00,saturated_soil,upstream_04,Snowmelt Creek Base,33.44,75.65,upstream,30,2900,18.59,1.74,0.5934,1.8,0.072,280,80,0.09,0.16
2025-07-16T09:30:00,saturated_soil,midvalley_01,Valley Temple Town,33.38,75.68,midvalley,22,2400,7.93,1.7,0.628,5.2,0.46,1800,500,0.12,0.22
2025-07-16T09:30:00,saturated_soil,midvalley_02,Bridge Market Colony,33.36,75.71,midvalley,18,2200,10.94,1.77,0.6516,6.1,0.56,2500,300,0.14,0.2
2025-07-16T09:30:00,saturated_soil,midvalley_03,River Bend Settlement,33.37,75.66,midvalley,25,2300,12.54,1.89,0.6171,7.3,0.22,900,200,0.11,0.19
2025-07-16T09:30:00,saturated_soil,midvalley_04,Pilgrim Rest Camp,33.35,75.73,midvalley,15,2100,9.78,1.7,0.6408,3.8,0.52,600,2000,0.06,0.1
2025-07-16T09:30:00,saturated_soil,downstream_01,Riverside Colony,33.31,75.77,downstream,10,1800,9.84,1.53,0.6975,8.0,0.92,4200,400,0.15,0.25
2025-07-16T09:30:00,saturated_soil,downstream_02,Lower Falls Township,33.3,75.8,downstream,8,1700,10.55,1.58,0.6681,6.5,1.15,5500,250,0.16,0.24
2025-07-16T09:30:00,saturated_soil,downstream_03,Delta Market Village,33.29,75.75,downstream,12,1850,11.23,1.61,0.6884,5.0,0.63,3000,150,0.13,0.21
2025-07-16T09:30:00,saturated_soil,downstream_04,Flood Plain Hamlet,33.28,75.82,downstream,5,1600,4.87,1.44,0.6791,9.2,0.46,2200,100,0.18,0.23
2025-07-16T09:45:00,saturated_soil,upstream_01,Glacier View Station,33.45,75.6,upstream,38,3200,18.5,1.95,0.5806,2.1,0.05,200,50,0.08,0.15
2025-07-16T09:45:00,saturated_soil,upstream_02,Pine Ridge Outpost,33.43,75.63,upstream,35,3050,21.99,1.93,0.5966,3.0,0.09,350,100,0.1,0.18
2025-07-16T09:45:00,saturated_soil,upstream_03,Eagle Cliff Village,33.41,75.58,upstream,42,3400,18.9,1.97,0.5717,4.5,0.03,120,30,0.12,0.2
2025-07-16T09:45:00,saturated_soil,upstream_04,Snowmelt Creek Base,33.44,75.65,upstream,30,2900,20.52,1.78,0.6032,1.8,0.072,280,80,0.09,0.16
2025-07-16T09:45:00,saturated_soil,midvalley_01,Valley Temple Town,33.38,75.68,midvalley,22,2400,15.02,1.62,0.6733,5.2,0.46,1800,500,0.12,0.22
2025-07-16T09:45:00,saturated_soil,midvalley_02,Bridge Market Colony,33.36,75.71,midvalley,18,2200,17.54,1.6,0.6828,6.1,0.56,2500,300,0.14,0.2
2025-07-16T09:45:00,saturated_soil,midvalley_03,River Bend Settlement,33.37,75.66,midvalley,25,2300,17.53,1.71,0.6464,7.3,0.22,900,200,0.11,0.19
2025-07-16T09:45:00,saturated_soil,midvalley_04,Pilgrim Rest Camp,33.35,75.73,midvalley,15,2100,22.9,1.69,0.6603,3.8,0.52,600,2000,0.06,0.1
2025-07-16T09:45:00,saturated_soil,downstream_01,Riverside Colony,33.31,75.77,downstream,10,1800,11.67,1.5,0.7004,8.0,0.92,4200,400,0.15,0.25
2025-07-16T09:45:00,saturated_soil,downstream_02,Lower Falls Township,33.3,75.8,downstream,8,1700,10.55,1.37,0.6962,6.5,1.15,5500,250,0.16,0.24
2025-07-16T09:45:00,saturated_soil,downstream_03,Delta Market Village,33.29,75.75,downstream,12,1850,13.22,1.52,0.6856,5.0,0.63,3000,150,0.13,0.21
2025-07-16T09:45:00,saturated_soil,downstream_04,Flood Plain Hamlet,33.28,75.82,downstream,5,1600,14.13,1.46,0.7247,9.2,0.46,2200,100,0.18,0.23
2025-07-16T10:00:00,saturated_soil,upstream_01,Glacier View Station,33.45,75.6,upstream,38,3200,13.4,1.77,0.5739,2.1,0.05,200,50,0.08,0.15
2025-07-16T10:00:00,saturated_soil,upstream_02,Pine Ridge Outpost,33.43,75.63,upstream,35,3050,14.35,1.67,0.569,3.0,0.09,350,100,0.1,0.18
2025-07-16T10:00:00,saturated_soil,upstream_03,Eagle Cliff Village,33.41,75.58,upstream,42,3400,17.17,1.96,0.5548,4.5,0.03,120,30,0.12,0.2
2025-07-16T10:00:00,saturated_soil,upstream_04,Snowmelt Creek Base,33.44,75.65,upstream,30,2900,13.07,1.65,0.5817,1.8,0.072,280,80,0.09,0.16
2025-07-16T10:00:00,saturated_soil,midvalley_01,Valley Temple Town,33.38,75.68,midvalley,22,2400,13.65,1.65,0.6266,5.2,0.46,1800,500,0.12,0.22
2025-07-16T10:00:00,saturated_soil,midvalley_02,Bridge Market Colony,33.36,75.71,midvalley,18,2200,14.12,1.61,0.6668,6.1,0.56,2500,300,0.14,0.2
2025-07-16T10:00:00,saturated_soil,midvalley_03,River Bend Settlement,33.37,75.66,midvalley,25,2300,15.07,1.72,0.6436,7.3,0.22,900,200,0.11,0.19
2025-07-16T10:00:00,saturated_soil,midvalley_04,Pilgrim Rest Camp,33.35,75.73,midvalley,15,2100,12.52,1.59,0.6736,3.8,0.52,600,2000,0.06,0.1
2025-07-16T10:00:00,saturated_soil,downstream_01,Riverside Colony,33.31,75.77,downstream,10,1800,8.71,1.61,0.6331,8.0,0.92,4200,400,0.15,0.25
2025-07-16T10:00:00,saturated_soil,downstream_02,Lower Falls Township,33.3,75.8,downstream,8,1700,5.53,1.54,0.7066,6.5,1.15,5500,250,0.16,0.24
2025-07-16T10:00:00,saturated_soil,downstream_03,Delta Market Village,33.29,75.75,downstream,12,1850,8.23,1.57,0.6521,5.0,0.63,3000,150,0.13,0.21
2025-07-16T10:00:00,saturated_soil,downstream_04,Flood Plain Hamlet,33.28,75.82,downstream,5,1600,11.49,1.6,0.6597,9.2,0.46,2200,100,0.18,0.23
2025-07-16T10:15:00,saturated_soil,upstream_01,Glacier View Station,33.45,75.6,upstream,38,3200,16.8,1.9,0.5389,2.1,0.05,200,50,0.08,0.15
2025-07-16T10:15:00,saturated_soil,upstream_02,Pine Ridge Outpost,33.43,75.63,upstream,35,3050,17.33,1.87,0.5539,3.0,0.09,350,100,0.1,0.18
2025-07-16T10:15:00,saturated_soil,upstream_03,Eagle Cliff Village,33.41,75.58,upstream,42,3400,19.89,1.98,0.5309,4.5,0.03,120,30,0.12,0.2
2025-07-16T10:15:00,saturated_soil,upstream_04,Snowmelt Creek Base,33.44,75.65,upstream,30,2900,17.17,1.83,0.6235,1.8,0.072,280,80,0.09,0.16
2025-07-16T10:15:00,saturated_soil,midvalley_01,Valley Temple Town,33.38,75.68,midvalley,22,2400,17.08,1.64,0.6485,5.2,0.46,1800,500,0.12,0.22
2025-07-16T10:15:00,saturated_soil,midvalley_02,Bridge Market Colony,33.36,75.71,midvalley,18,2200,16.01,1.55,0.6344,6.1,0.56,2500,300,0.14,0.2
2025-07-16T10:15:00,saturated_soil,midvalley_03,River Bend Settlement,33.37,75.66,midvalley,25,2300,20.19,1.55,0.6153,7.3,0.22,900,200,0.11,0.19
2025-07-16T10:15:00,saturated_soil,midvalley_04,Pilgrim Rest Camp,33.35,75.73,midvalley,15,2100,16.85,1.46,0.6745,3.8,0.52,600,2000,0.06,0.1
2025-07-16T10:15:00,saturated_soil,downstream_01,Riverside Colony,33.31,75.77,downstream,10,1800,13.45,1.7,0.7368,8.0,0.92,4200,400,0.15,0.25
2025-07-16T10:15:00,saturated_soil,downstream_02,Lower Falls Township,33.3,75.8,downstream,8,1700,9.4,1.69,0.6572,6.5,1.15,5500,250,0.16,0.24
2025-07-16T10:15:00,saturated_soil,downstream_03,Delta Market Village,33.29,75.75,downstream,12,1850,13.42,1.71,0.6898,5.0,0.63,3000,150,0.13,0.21
2025-07-16T10:15:00,saturated_soil,downstream_04,Flood Plain Hamlet,33.28,75.82,downstream,5,1600,10.03,1.69,0.6833,9.2,0.46,2200,100,0.18,0.23
2025-07-16T10:30:00,saturated_soil,upstream_01,Glacier View Station,33.45,75.6,upstream,38,3200,18.2,1.9,0.5964,2.1,0.05,200,50,0.08,0.15
2025-07-16T10:30:00,saturated_soil,upstream_02,Pine Ridge Outpost,33.43,75.63,upstream,35,3050,24.09,1.99,0.5704,3.0,0.09,350,100,0.1,0.18
2025-07-16T10:30:00,saturated_soil,upstream_03,Eagle Cliff Village,33.41,75.58,upstream,42,3400,20.99,2.1,0.563,4.5,0.03,120,30,0.12,0.2
2025-07-16T10:30:00,saturated_soil,upstream_04,Snowmelt Creek Base,33.44,75.65,upstream,30,2900,22.7,1.91,0.6133,1.8,0.072,280,80,0.09,0.16
2025-07-16T10:30:00,saturated_soil,midvalley_01,Valley Temple Town,33.38,75.68,midvalley,22,2400,20.2,1.79,0.6313,5.2,0.46,1800,500,0.12,0.22
2025-07-16T10:30:00,saturated_soil,midvalley_02,Bridge Market Colony,33.36,75.71,midvalley,18,2200,17.17,1.71,0.6933,6.1,0.56,2500,300,0.14,0.2
2025-07-16T10:30:00,saturated_soil,midvalley_03,River Bend Settlement,33.37,75.66,midvalley,25,2300,17.47,1.72,0.617,7.3,0.22,900,200,0.11,0.19
2025-07-16T10:30:00,saturated_soil,midvalley_04,Pilgrim Rest Camp,33.35,75.73,midvalley,15,2100,18.6,1.63,0.6823,3.8,0.52,600,2000,0.06,0.1
2025-07-16T10:30:00,saturated_soil,downstream_01,Riverside Colony,33.31,75.77,downstream,10,1800,12.09,1.49,0.6878,8.0,0.92,4200,400,0.15,0.25
2025-07-16T10:30:00,saturated_soil,downstream_02,Lower Falls Township,33.3,75.8,downstream,8,1700,13.34,1.53,0.6804,6.5,1.15,5500,250,0.16,0.24
2025-07-16T10:30:00,saturated_soil,downstream_03,Delta Market Village,33.29,75.75,downstream,12,1850,9.04,1.55,0.6313,5.0,0.63,3000,150,0.13,0.21
2025-07-16T10:30:00,saturated_soil,downstream_04,Flood Plain Hamlet,33.28,75.82,downstream,5,1600,11.0,1.54,0.7471,9.2,0.46,2200,100,0.18,0.23
2025-07-16T10:45:00,saturated_soil,upstream_01,Glacier View Station,33.45,75.6,upstream,38,3200,19.44,1.91,0.5709,2.1,0.05,200,50,0.08,0.15
2025-07-16T10:45:00,saturated_soil,upstream_02,Pine Ridge Outpost,33.43,75.63,upstream,35,3050,16.25,1.87,0.6028,3.0,0.09,350,100,0.1,0.18
2025-07-16T10:45:00,saturated_soil,upstream_03,Eagle Cliff Village,33.41,75.58,upstream,42,3400,15.27,1.78,0.5153,4.5,0.03,120,30,0.12,0.2
2025-07-16T10:45:00,saturated_soil,upstream_04,Snowmelt Creek Base,33.44,75.65,upstream,30,2900,16.71,1.72,0.6103,1.8,0.072,280,80,0.09,0.16
2025-07-16T10:45:00,saturated_soil,midvalley_01,Valley Temple Town,33.38,75.68,midvalley,22,2400,19.86,1.58,0.6734,5.2,0.46,1800,500,0.12,0.22
2025-07-16T10:45:00,saturated_soil,midvalley_02,Bridge Market Colony,33.36,75.71,midvalley,18,2200,17.59,1.52,0.6849,6.1,0.56,2500,300,0.14,0.2
2025-07-16T10:45:00,saturated_soil,midvalley_03,River Bend Settlement,33.37,75.66,midvalley,25,2300,13.9,1.63,0.6183,7.3,0.22,900,200,0.11,0.19
2025-07-16T10:45:00,saturated_soil,midvalley_04,Pilgrim Rest Camp,33.35,75.73,midvalley,15,2100,15.81,1.49,0.6409,3.8,0.52,600,2000,0.06,0.1
2025-07-16T10:45:00,saturated_soil,downstream_01,Riverside Colony,33.31,75.77,downstream,10,1800,10.73,1.7,0.6807,8.0,0.92,4200,400,0.15,0.25
2025-07-16T10:45:00,saturated_soil,downstream_02,Lower Falls Township,33.3,75.8,downstream,8,1700,8.1,1.66,0.6944,6.5,1.15,5500,250,0.16,0.24
2025-07-16T10:45:00,saturated_soil,downstream_03,Delta Market Village,33.29,75.75,downstream,12,1850,15.42,1.64,0.6782,5.0,0.63,3000,150,0.13,0.21
2025-07-16T10:45:00,saturated_soil,downstream_04,Flood Plain Hamlet,33.28,75.82,downstream,5,1600,12.01,1.56,0.7149,9.2,0.46,2200,100,0.18,0.23
2025-07-16T11:00:00,saturated_soil,upstream_01,Glacier View Station,33.45,75.6,upstream,38,3200,14.51,1.74,0.5672,2.1,0.05,200,50,0.08,0.15
2025-07-16T11:00:00,saturated_soil,upstream_02,Pine Ridge Outpost,33.43,75.63,upstream,35,3050,19.12,1.85,0.6233,3.0,0.09,350,100,0.1,0.18
2025-07-16T11:00:00,saturated_soil,upstream_03,Eagle Cliff Village,33.41,75.58,upstream,42,3400,18.76,1.88,0.5861,4.5,0.03,120,30,0.12,0.2
2025-07-16T11:00:00,saturated_soil,upstream_04,Snowmelt Creek Base,33.44,75.65,upstream,30,2900,18.47,1.86,0.6025,1.8,0.072,280,80,0.09,0.16
2025-07-16T11:00:00,saturated_soil,midvalley_01,Valley Temple Town,33.38,75.68,midvalley,22,2400,16.72,1.65,0.6143,5.2,0.46,1800,500,0.12,0.22
2025-07-16T11:00:00,saturated_soil,midvalley_02,Bridge Market Colony,33.36,75.71,midvalley,18,2200,15.09,1.67,0.6537,6.1,0.56,2500,300,0.14,0.2
2025-07-16T11:00:00,saturated_soil,midvalley_03,River Bend Settlement,33.37,75.66,midvalley,25,2300,17.14,1.75,0.5909,7.3,0.22,900,200,0.11,0.19
2025-07-16T11:00:00,saturated_soil,midvalley_04,Pilgrim Rest Camp,33.35,75.73,midvalley,15,2100,16.81,1.65,0.7031,3.8,0.52,600,2000,0.06,0.1
2025-07-16T11:00:00,saturated_soil,downstream_01,Riverside Colony,33.31,75.77,downstream,10,1800,13.62,1.55,0.7002,8.0,0.92,4200,400,0.15,0.25
2025-07-16T11:00:00,saturated_soil,downstream_02,Lower Falls Township,33.3,75.8,downstream,8,1700,12.46,1.59,0.6954,6.5,1.15,5500,250,0.16,0.24
2025-07-16T11:00:00,saturated_soil,downstream_03,Delta Market Village,33.29,75.75,downstream,12,1850,13.19,1.43,0.6911,5.0,0.63,3000,150,0.13,0.21
2025-07-16T11:00:00,saturated_soil,downstream_04,Flood Plain Hamlet,33.28,75.82,downstream,5,1600,8.84,1.47,0.7074,9.2,0.46,2200,100,0.18,0.23
2025-07-16T11:15:00,saturated_soil,upstream_01,Glacier View Station,33.45,75.6,upstream,38,3200,16.07,1.83,0.59,2.1,0.05,200,50,0.08,0.15
2025-07-16T11:15:00,saturated_soil,upstream_02,Pine Ridge Outpost,33.43,75.63,upstream,35,3050,13.51,1.64,0.5633,3.0,0.09,350,100,0.1,0.18
2025-07-16T11:15:00,saturated_soil,upstream_03,Eagle Cliff Village,33.41,75.58,upstream,42,3400,15.01,1.76,0.5268,4.5,0.03,120,30,0.12,0.2
2025-07-16T11:15:00,saturated_soil,upstream_04,Snowmelt Creek Base,33.44,75.65,upstream,30,2900,13.28,1.61,0.5873,1.8,0.072,280,80,0.09,0.16
2025-07-16T11:15:00,saturated_soil,midvalley_01,Valley Temple Town,33.38,75.68,midvalley,22,2400,7.3,1.78,0.653,5.2,0.46,1800,500,0.12,0.22
2025-07-16T11:15:00,saturated_soil,midvalley_02,Bridge Market Colony,33.36,75.71,midvalley,18,2200,12.41,1.64,0.6476,6.1,0.56,2500,300,0.14,0.2
2025-07-16T11:15:00,saturated_soil,midvalley_03,River Bend Settlement,33.37,75.66,midvalley,25,2300,16.55,1.76,0.6626,7.3,0.22,900,200,0.11,0.19
2025-07-16T11:15:00,saturated_soil,midvalley_04,Pilgrim Rest Camp,33.35,75.73,midvalley,15,2100,15.2,1.61,0.6741,3.8,0.52,600,2000,0.06,0.1
2025-07-16T11:15:00,saturated_soil,downstream_01,Riverside Colony,33.31,75.77,downstream,10,1800,8.39,1.6,0.6778,8.0,0.92,4200,400,0.15,0.25
2025-07-16T11:15:00,saturated_soil,downstream_02,Lower Falls Township,33.3,75.8,downstream,8,1700,8.77,1.6,0.6845,6.5,1.15,5500,250,0.16,0.24
2025-07-16T11:15:00,saturated_soil,downstream_03,Delta Market Village,33.29,75.75,downstream,12,1850,9.31,1.6,0.6467,5.0,0.63,3000,150,0.13,0.21
2025-07-16T11:15:00,saturated_soil,downstream_04,Flood Plain Hamlet,33.28,75.82,downstream,5,1600,6.64,1.48,0.7145,9.2,0.46,2200,100,0.18,0.23
2025-07-16T11:30:00,saturated_soil,upstream_01,Glacier View Station,33.45,75.6,upstream,38,3200,24.93,1.99,0.5787,2.1,0.05,200,50,0.08,0.15
2025-07-16T11:30:00,saturated_soil,upstream_02,Pine Ridge Outpost,33.43,75.63,upstream,35,3050,21.43,1.91,0.588,3.0,0.09,350,100,0.1,0.18
2025-07-16T11:30:00,saturated_soil,upstream_03,Eagle Cliff Village,33.41,75.58,upstream,42,3400,21.12,2.05,0.584,4.5,0.03,120,30,0.12,0.2
2025-07-16T11:30:00,saturated_soil,upstream_04,Snowmelt Creek Base,33.44,75.65,upstream,30,2900,20.3,1.86,0.579,1.8,0.072,280,80,0.09,0.16
2025-07-16T11:30:00,saturated_soil,midvalley_01,Valley Temple Town,33.38,75.68,midvalley,22,2400,18.03,1.64,0.654,5.2,0.46,1800,500,0.12,0.22
2025-07-16T11:30:00,saturated_soil,midvalley_02,Bridge Market Colony,33.36,75.71,midvalley,18,2200,19.48,1.68,0.7072,6.1,0.56,2500,300,0.14,0.2
2025-07-16T11:30:00,saturated_soil,midvalley_03,River Bend Settlement,33.37,75.66,midvalley,25,2300,18.36,1.67,0.6264,7.3,0.22,900,200,0.11,0.19
2025-07-16T11:30:00,saturated_soil,midvalley_04,Pilgrim Rest Camp,33.35,75.73,midvalley,15,2100,20.82,1.62,0.6749,3.8,0.52,600,2000,0.06,0.1
2025-07-16T11:30:00,saturated_soil,downstream_01,Riverside Colony,33.31,75.77,downstream,10,1800,13.02,1.43,0.679,8.0,0.92,4200,400,0.15,0.25
2025-07-16T11:30:00,saturated_soil,downstream_02,Lower Falls Township,33.3,75.8,downstream,8,1700,13.57,1.52,0.6995,6.5,1.15,5500,250,0.16,0.24
2025-07-16T11:30:00,saturated_soil,downstream_03,Delta Market Village,33.29,75.75,downstream,12,1850,11.86,1.47,0.7,5.0,0.63,3000,150,0.13,0.21
2025-07-16T11:30:00,saturated_soil,downstream_04,Flood Plain Hamlet,33.28,75.82,downstream,5,1600,16.35,1.5,0.6891,9.2,0.46,2200,100,0.18,0.23
2025-07-16T11:45:00,saturated_soil,upstream_01,Glacier View Station,33.45,75.6,upstream,38,3200,18.12,1.93,0.5728,2.1,0.05,200,50,0.08,0.15
2025-07-16T11:45:00,saturated_soil,upstream_02,Pine Ridge Outpost,33.43,75.63,upstream,35,3050,15.28,1.62,0.5809,3.0,0.09,350,100,0.1,0.18
2025-07-16T11:45:00,saturated_soil,upstream_03,Eagle Cliff Village,33.41,75.58,upstream,42,3400,17.78,1.86,0.5759,4.5,0.03,120,30,0.12,0.2
2025-07-16T11:45:00,saturated_soil,upstream_04,Snowmelt Creek Base,33.44,75.65,upstream,30,2900,17.36,1.88,0.5981,1.8,0.072,280,80,0.09,0.16
2025-07-16T11:45:00,saturated_soil,midvalley_01,Valley Temple Town,33.38,75.68,midvalley,22,2400,12.76,1.76,0.6073,5.2,0.46,1800,500,0.12,0.22
2025-07-16T11:45:00,saturated_soil,midvalley_02,Bridge Market Colony,33.36,75.71,midvalley,18,2200,20.14,1.59,0.6684,6.1,0.56,2500,300,0.14,0.2
2025-07-16T11:45:00,saturated_soil,midvalley_03,River Bend Settlement,33.37,75.66,midvalley,25,2300,20.62,1.74,0.6687,7.3,0.22,900,200,0.11,0.19
2025-07-16T11:45:00,saturated_soil,midvalley_04,Pilgrim Rest Camp,33.35,75.73,midvalley,15,2100,14.8,1.63,0.6684,3.8,0.52,600,2000,0.06,0.1
2025-07-16T11:45:00,saturated_soil,downstream_01,Riverside Colony,33.31,75.77,downstream,10,1800,12.16,1.64,0.7155,8.0,0.92,4200,400,0.15,0.25
2025-07-16T11:45:00,saturated_soil,downstream_02,Lower Falls Township,33.3,75.8,downstream,8,1700,9.34,1.59,0.7156,6.5,1.15,5500,250,0.16,0.24
2025-07-16T11:45:00,saturated_soil,downstream_03,Delta Market Village,33.29,75.75,downstream,12,1850,12.87,1.55,0.7079,5.0,0.63,3000,150,0.13,0.21
2025-07-16T11:45:00,saturated_soil,downstream_04,Flood Plain Hamlet,33.28,75.82,downstream,5,1600,11.43,1.48,0.6987,9.2,0.46,2200,100,0.18,0.23
2025-07-16T14:00:00,rapid_river_rise,upstream_01,Glacier View Station,33.45,75.6,upstream,38,3200,15.46,1.27,0.1196,2.1,0.05,200,50,0.08,0.15
2025-07-16T14:00:00,rapid_river_rise,upstream_02,Pine Ridge Outpost,33.43,75.63,upstream,35,3050,11.71,1.11,0.1626,3.0,0.09,350,100,0.1,0.18
2025-07-16T14:00:00,rapid_river_rise,upstream_03,Eagle Cliff Village,33.41,75.58,upstream,42,3400,7.83,0.97,0.1182,4.5,0.03,120,30,0.12,0.2
2025-07-16T14:00:00,rapid_river_rise,upstream_04,Snowmelt Creek Base,33.44,75.65,upstream,30,2900,6.05,0.95,0.192,1.8,0.072,280,80,0.09,0.16
2025-07-16T14:00:00,rapid_river_rise,midvalley_01,Valley Temple Town,33.38,75.68,midvalley,22,2400,8.8,1.02,0.221,5.2,0.46,1800,500,0.12,0.22
2025-07-16T14:00:00,rapid_river_rise,midvalley_02,Bridge Market Colony,33.36,75.71,midvalley,18,2200,9.14,0.94,0.2555,6.1,0.56,2500,300,0.14,0.2
2025-07-16T14:00:00,rapid_river_rise,midvalley_03,River Bend Settlement,33.37,75.66,midvalley,25,2300,11.32,1.06,0.2154,7.3,0.22,900,200,0.11,0.19
2025-07-16T14:00:00,rapid_river_rise,midvalley_04,Pilgrim Rest Camp,33.35,75.73,midvalley,15,2100,6.15,0.82,0.2492,3.8,0.52,600,2000,0.06,0.1
2025-07-16T14:00:00,rapid_river_rise,downstream_01,Riverside Colony,33.31,75.77,downstream,10,1800,4.81,0.76,0.2481,8.0,0.92,4200,400,0.15,0.25
2025-07-16T14:00:00,rapid_river_rise,downstream_02,Lower Falls Township,33.3,75.8,downstream,8,1700,10.33,1.04,0.3176,6.5,1.15,5500,250,0.16,0.24
2025-07-16T14:00:00,rapid_river_rise,downstream_03,Delta Market Village,33.29,75.75,downstream,12,1850,3.64,0.73,0.2523,5.0,0.63,3000,150,0.13,0.21
2025-07-16T14:00:00,rapid_river_rise,downstream_04,Flood Plain Hamlet,33.28,75.82,downstream,5,1600,4.69,0.87,0.2707,9.2,0.46,2200,100,0.18,0.23
2025-07-16T14:15:00,rapid_river_rise,upstream_01,Glacier View Station,33.45,75.6,upstream,38,3200,10.79,1.21,0.1544,2.1,0.05,200,50,0.08,0.15
2025-07-16T14:15:00,rapid_river_rise,upstream_02,Pine Ridge Outpost,33.43,75.63,upstream,35,3050,5.69,0.96,0.1673,3.0,0.09,350,100,0.1,0.18
2025-07-16T14:15:00,rapid_river_rise,upstream_03,Eagle Cliff Village,33.41,75.58,upstream,42,3400,6.7,0.98,0.1302,4.5,0.03,120,30,0.12,0.2
2025-07-16T14:15:00,rapid_river_rise,upstream_04,Snowmelt Creek Base,33.44,75.65,upstream,30,2900,8.19,0.94,0.1581,1.8,0.072,280,80,0.09,0.16
2025-07-16T14:15:00,rapid_river_rise,midvalley_01,Valley Temple Town,33.38,75.68,midvalley,22,2400,11.31,1.08,0.2239,5.2,0.46,1800,500,0.12,0.22
2025-07-16T14:15:00,rapid_river_rise,midvalley_02,Bridge Market Colony,33.36,75.71,midvalley,18,2200,5.63,0.91,0.2113,6.1,0.56,2500,300,0.14,0.2
2025-07-16T14:15:00,rapid_river_rise,midvalley_03,River Bend Settlement,33.37,75.66,midvalley,25,2300,4.51,0.84,0.1802,7.3,0.22,900,200,0.11,0.19
2025-07-16T14:15:00,rapid_river_rise,midvalley_04,Pilgrim Rest Camp,33.35,75.73,midvalley,15,2100,7.43,0.92,0.2437,3.8,0.52,600,2000,0.06,0.1
2025-07-16T14:15:00,rapid_river_rise,downstream_01,Riverside Colony,33.31,75.77,downstream,10,1800,6.43,0.81,0.284,8.0,0.92,4200,400,0.15,0.25
2025-07-16T14:15:00,rapid_river_rise,downstream_02,Lower Falls Township,33.3,75.8,downstream,8,1700,4.48,0.85,0.2973,6.5,1.15,5500,250,0.16,0.24
2025-07-16T14:15:00,rapid_river_rise,downstream_03,Delta Market Village,33.29,75.75,downstream,12,1850,2.3,0.66,0.2539,5.0,0.63,3000,150,0.13,0.21
2025-07-16T14:15:00,rapid_river_rise,downstream_04,Flood Plain Hamlet,33.28,75.82,downstream,5,1600,5.14,0.77,0.3284,9.2,0.46,2200,100,0.18,0.23
2025-07-16T14:30:00,rapid_river_rise,upstream_01,Glacier View Station,33.45,75.6,upstream,38,3200,9.13,1.0,0.1065,2.1,0.05,200,50,0.08,0.15
2025-07-16T14:30:00,rapid_river_rise,upstream_02,Pine Ridge Outpost,33.43,75.63,upstream,35,3050,8.79,1.0,0.1387,3.0,0.09,350,100,0.1,0.18
2025-07-16T14:30:00,rapid_river_rise,upstream_03,Eagle Cliff Village,33.41,75.58,upstream,42,3400,9.09,1.06,0.1257,4.5,0.03,120,30,0.12,0.2
2025-07-16T14:30:00,rapid_river_rise,upstream_04,Snowmelt Creek Base,33.44,75.65,upstream,30,2900,6.92,0.92,0.1782,1.8,0.072,280,80,0.09,0.16
2025-07-16T14:30:00,rapid_river_rise,midvalley_01,Valley Temple Town,33.38,75.68,midvalley,22,2400,7.25,0.91,0.2018,5.2,0.46,1800,500,0.12,0.22
2025-07-16T14:30:00,rapid_river_rise,midvalley_02,Bridge Market Colony,33.36,75.71,midvalley,18,2200,4.35,0.78,0.2224,6.1,0.56,2500,300,0.14,0.2
2025-07-16T14:30:00,rapid_river_rise,midvalley_03,River Bend Settlement,33.37,75.66,midvalley,25,2300,4.1,0.84,0.1925,7.3,0.22,900,200,0.11,0.19
2025-07-16T14:30:00,rapid_river_rise,midvalley_04,Pilgrim Rest Camp,33.35,75.73,midvalley,15,2100,7.9,0.93,0.2401,3.8,0.52,600,2000,0.06,0.1
2025-07-16T14:30:00,rapid_river_rise,downstream_01,Riverside Colony,33.31,75.77,downstream,10,1800,5.53,0.79,0.2755,8.0,0.92,4200,400,0.15,0.25
2025-07-16T14:30:00,rapid_river_rise,downstream_02,Lower Falls Township,33.3,75.8,downstream,8,1700,4.73,0.81,0.2815,6.5,1.15,5500,250,0.16,0.24
2025-07-16T14:30:00,rapid_river_rise,downstream_03,Delta Market Village,33.29,75.75,downstream,12,1850,0.26,0.82,0.244,5.0,0.63,3000,150,0.13,0.21
2025-07-16T14:30:00,rapid_river_rise,downstream_04,Flood Plain Hamlet,33.28,75.82,downstream,5,1600,3.71,0.8,0.2716,9.2,0.46,2200,100,0.18,0.23
2025-07-16T14:45:00,rapid_river_rise,upstream_01,Glacier View Station,33.45,75.6,upstream,38,3200,12.74,1.21,0.123,2.1,0.05,200,50,0.08,0.15
2025-07-16T14:45:00,rapid_river_rise,upstream_02,Pine Ridge Outpost,33.43,75.63,upstream,35,3050,11.53,1.13,0.1567,3.0,0.09,350,100,0.1,0.18
2025-07-16T14:45:00,rapid_river_rise,upstream_03,Eagle Cliff Village,33.41,75.58,upstream,42,3400,12.41,1.12,0.1447,4.5,0.03,120,30,0.12,0.2
2025-07-16T14:45:00,rapid_river_rise,upstream_04,Snowmelt Creek Base,33.44,75.65,upstream,30,2900,11.99,1.1,0.1847,1.8,0.072,280,80,0.09,0.16
2025-07-16T14:45:00,rapid_river_rise,midvalley_01,Valley Temple Town,33.38,75.68,midvalley,22,2400,8.77,1.02,0.2133,5.2,0.46,1800,500,0.12,0.22
2025-07-16T14:45:00,rapid_river_rise,midvalley_02,Bridge Market Colony,33.36,75.71,midvalley,18,2200,8.46,0.92,0.213,6.1,0.56,2500,300,0.14,0.2
2025-07-16T14:45:00,rapid_river_rise,midvalley_03,River Bend Settlement,33.37,75.66,midvalley,25,2300,8.98,1.0,0.2265,7.3,0.22,900,200,0.11,0.19
2025-07-16T14:45:00,rapid_river_rise,midvalley_04,Pilgrim Rest Camp,33.35,75.73,midvalley,15,2100,6.92,0.95,0.2955,3.8,0.52,600,2000,0.06,0.1
2025-07-16T14:45:00,rapid_river_rise,downstream_01,Riverside Colony,33.31,75.77,downstream,10,1800,8.59,0.94,0.2727,8.0,0.92,4200,400,0.15,0.25
2025-07-16T14:45:00,rapid_river_rise,downstream_02,Lower Falls Township,33.3,75.8,downstream,8,1700,7.72,0.93,0.3075,6.5,1.15,5500,250,0.16,0.24
2025-07-16T14:45:00,rapid_river_rise,downstream_03,Delta Market Village,33.29,75.75,downstream,12,1850,7.78,0.87,0.257,5.0,0.63,3000,150,0.13,0.21
2025-07-16T14:45:00,rapid_river_rise,downstream_04,Flood Plain Hamlet,33.28,75.82,downstream,5,1600,6.7,0.84,0.3138,9.2,0.46,2200,100,0.18,0.23
2025-07-16T15:00:00,rapid_river_rise,upstream_01,Glacier View Station,33.45,75.6,upstream,38,3200,15.06,1.21,0.1369,2.1,0.05,200,50,0.08,0.15
2025-07-16T15:00:00,rapid_river_rise,upstream_02,Pine Ridge Outpost,33.43,75.63,upstream,35,3050,11.88,1.1,0.1668,3.0,0.09,350,100,0.1,0.18
2025-07-16T15:00:00,rapid_river_rise,upstream_03,Eagle Cliff Village,33.41,75.58,upstream,42,3400,14.86,1.28,0.1431,4.5,0.03,120,30,0.12,0.2
2025-07-16T15:00:00,rapid_river_rise,upstream_04,Snowmelt Creek Base,33.44,75.65,upstream,30,2900,9.28,1.02,0.1515,1.8,0.072,280,80,0.09,0.16
2025-07-16T15:00:00,rapid_river_rise,midvalley_01,Valley Temple Town,33.38,75.68,midvalley,22,2400,5.87,0.91,0.2278,5.2,0.46,1800,500,0.12,0.22
2025-07-16T15:00:00,rapid_river_rise,midvalley_02,Bridge Market Colony,33.36,75.71,midvalley,18,2200,16.62,0.89,0.306,6.1,0.56,2500,300,0.14,0.2
2025-07-16T15:00:00,rapid_river_rise,midvalley_03,River Bend Settlement,33.37,75.66,midvalley,25,2300,9.92,1.01,0.2247,7.3,0.22,900,200,0.11,0.19
2025-07-16T15:00:00,rapid_river_rise,midvalley_04,Pilgrim Rest Camp,33.35,75.73,midvalley,15,2100,6.85,0.86,0.2098,3.8,0.52,600,2000,0.06,0.1
2025-07-16T15:00:00,rapid_river_rise,downstream_01,Riverside Colony,33.31,75.77,downstream,10,1800,8.26,0.96,0.2847,8.0,0.92,4200,400,0.15,0.25
2025-07-16T15:00:00,rapid_river_rise,downstream_02,Lower Falls Township,33.3,75.8,downstream,8,1700,4.69,0.85,0.2278,6.5,1.15,5500,250,0.16,0.24
2025-07-16T15:00:00,rapid_river_rise,downstream_03,Delta Market Village,33.29,75.75,downstream,12,1850,5.43,0.84,0.2159,5.0,0.63,3000,150,0.13,0.21
2025-07-16T15:00:00,rapid_river_rise,downstream_04,Flood Plain Hamlet,33.28,75.82,downstream,5,1600,8.68,0.87,0.2986,9.2,0.46,2200,100,0.18,0.23
2025-07-16T15:15:00,rapid_river_rise,upstream_01,Glacier View Station,33.45,75.6,upstream,38,3200,8.48,0.98,0.1085,2.1,0.05,200,50,0.08,0.15
2025-07-16T15:15:00,rapid_river_rise,upstream_02,Pine Ridge Outpost,33.43,75.63,upstream,35,3050,10.26,1.07,0.1622,3.0,0.09,350,100,0.1,0.18
2025-07-16T15:15:00,rapid_river_rise,upstream_03,Eagle Cliff Village,33.41,75.58,upstream,42,3400,7.23,0.87,0.1081,4.5,0.03,120,30,0.12,0.2
2025-07-16T15:15:00,rapid_river_rise,upstream_04,Snowmelt Creek Base,33.44,75.65,upstream,30,2900,9.57,0.95,0.2073,1.8,0.072,280,80,0.09,0.16
2025-07-16T15:15:00,rapid_river_rise,midvalley_01,Valley Temple Town,33.38,75.68,midvalley,22,2400,6.51,0.95,0.2161,5.2,0.46,1800,500,0.12,0.22
2025-07-16T15:15:00,rapid_river_rise,midvalley_02,Bridge Market Colony,33.36,75.71,midvalley,18,2200,6.78,0.78,0.2165,6.1,0.56,2500,300,0.14,0.2
2025-07-16T15:15:00,rapid_river_rise,midvalley_03,River Bend Settlement,33.37,75.66,midvalley,25,2300,7.89,0.91,0.2395,7.3,0.22,900,200,0.11,0.19
2025-07-16T15:15:00,rapid_river_rise,midvalley_04,Pilgrim Rest Camp,33.35,75.73,midvalley,15,2100,7.64,0.87,0.2544,3.8,0.52,600,2000,0.06,0.1
2025-07-16T15:15:00,rapid_river_rise,downstream_01,Riverside Colony,33.31,75.77,downstream,10,1800,3.75,0.8,0.2777,8.0,0.92,4200,400,0.15,0.25
2025-07-16T15:15:00,rapid_river_rise,downstream_02,Lower Falls Township,33.3,75.8,downstream,8,1700,5.41,0.89,0.2567,6.5,1.15,5500,250,0.16,0.24
2025-07-16T15:15:00,rapid_river_rise,downstream_03,Delta Market Village,33.29,75.75,downstream,12,1850,6.71,0.92,0.2491,5.0,0.63,3000,150,0.13,0.21
2025-07-16T15:15:00,rapid_river_rise,downstream_04,Flood Plain Hamlet,33.28,75.82,downstream,5,1600,4.38,0.76,0.2725,9.2,0.46,2200,100,0.18,0.23
2025-07-16T15:30:00,rapid_river_rise,upstream_01,Glacier View Station,33.45,75.6,upstream,38,3200,6.29,0.87,0.0923,2.1,0.05,200,50,0.08,0.15
2025-07-16T15:30:00,rapid_river_rise,upstream_02,Pine Ridge Outpost,33.43,75.63,upstream,35,3050,1.2,0.74,0.1269,3.0,0.09,350,100,0.1,0.18
2025-07-16T15:30:00,rapid_river_rise,upstream_03,Eagle Cliff Village,33.41,75.58,upstream,42,3400,4.7,0.82,0.0832,4.5,0.03,120,30,0.12,0.2
2025-07-16T15:30:00,rapid_river_rise,upstream_04,Snowmelt Creek Base,33.44,75.65,upstream,30,2900,6.28,0.93,0.1578,1.8,0.072,280,80,0.09,0.16
2025-07-16T15:30:00,rapid_river_rise,midvalley_01,Valley Temple Town,33.38,75.68,midvalley,22,2400,2.69,1.02,0.2017,5.2,0.46,1800,500,0.12,0.22
2025-07-16T15:30:00,rapid_river_rise,midvalley_02,Bridge Market Colony,33.36,75.71,midvalley,18,2200,5.63,0.95,0.2186,6.1,0.56,2500,300,0.14,0.2
2025-07-16T15:30:00,rapid_river_rise,midvalley_03,River Bend Settlement,33.37,75.66,midvalley,25,2300,3.98,0.95,0.1871,7.3,0.22,900,200,0.11,0.19
2025-07-16T15:30:00,rapid_river_rise,midvalley_04,Pilgrim Rest Camp,33.35,75.73,midvalley,15,2100,4.13,0.88,0.2416,3.8,0.52,600,2000,0.06,0.1
2025-07-16T15:30:00,rapid_river_rise,downstream_01,Riverside Colony,33.31,75.77,downstream,10,1800,1.09,0.83,0.2255,8.0,0.92,4200,400,0.15,0.25
2025-07-16T15:30:00,rapid_river_rise,downstream_02,Lower Falls Township,33.3,75.8,downstream,8,1700,0.69,0.86,0.2652,6.5,1.15,5500,250,0.16,0.24
2025-07-16T15:30:00,rapid_river_rise,downstream_03,Delta Market Village,33.29,75.75,downstream,12,1850,4.15,0.82,0.2531,5.0,0.63,3000,150,0.13,0.21
2025-07-16T15:30:00,rapid_river_rise,downstream_04,Flood Plain Hamlet,33.28,75.82,downstream,5,1600,4.43,0.84,0.3045,9.2,0.46,2200,100,0.18,0.23
2025-07-16T15:45:00,rapid_river_rise,upstream_01,Glacier View Station,33.45,75.6,upstream,38,3200,8.9,1.02,0.1386,2.1,0.05,200,50,0.08,0.15
2025-07-16T15:45:00,rapid_river_rise,upstream_02,Pine Ridge Outpost,33.43,75.63,upstream,35,3050,7.02,0.99,0.1384,3.0,0.09,350,100,0.1,0.18
2025-07-16T15:45:00,rapid_river_rise,upstream_03,Eagle Cliff Village,33.41,75.58,upstream,42,3400,9.81,1.11,0.0958,4.5,0.03,120,30,0.12,0.2
2025-07-16T15:45:00,rapid_river_rise,upstream_04,Snowmelt Creek Base,33.44,75.65,upstream,30,2900,11.15,1.13,0.1825,1.8,0.072,280,80,0.09,0.16
2025-07-16T15:45:00,rapid_river_rise,midvalley_01,Valley Temple Town,33.38,75.68,midvalley,22,2400,7.5,0.99,0.2359,5.2,0.46,1800,500,0.12,0.22
2025-07-16T15:45:00,rapid_river_rise,midvalley_02,Bridge Market Colony,33.36,75.71,midvalley,18,2200,9.82,1.06,0.2631,6.1,0.56,2500,300,0.14,0.2
2025-07-16T15:45:00,rapid_river_rise,midvalley_03,River Bend Settlement,33.37,75.66,midvalley,25,2300,8.44,1.12,0.1897,7.3,0.22,900,200,0.11,0.19
2025-07-16T15:45:00,rapid_river_rise,midvalley_04,Pilgrim Rest Camp,33.35,75.73,midvalley,15,2100,5.99,1.0,0.2236,3.8,0.52,600,2000,0.06,0.1
2025-07-16T15:45:00,rapid_river_rise,downstream_01,Riverside Colony,33.31,75.77,downstream,10,1800,8.66,0.88,0.2836,8.0,0.92,4200,400,0.15,0.25
2025-07-16T15:45:00,rapid_river_rise,downstream_02,Lower Falls Township,33.3,75.8,downstream,8,1700,5.57,0.89,0.2644,6.5,1.15,5500,250,0.16,0.24
2025-07-16T15:45:00,rapid_river_rise,downstream_03,Delta Market Village,33.29,75.75,downstream,12,1850,8.15,1.01,0.237,5.0,0.63,3000,150,0.13,0.21
2025-07-16T15:45:00,rapid_river_rise,downstream_04,Flood Plain Hamlet,33.28,75.82,downstream,5,1600,7.84,0.89,0.3204,9.2,0.46,2200,100,0.18,0.23
2025-07-16T16:00:00,rapid_river_rise,upstream_01,Glacier View Station,33.45,75.6,upstream,38,3200,6.37,1.52,0.1186,2.1,0.05,200,50,0.08,0.15
2025-07-16T16:00:00,rapid_river_rise,upstream_02,Pine Ridge Outpost,33.43,75.63,upstream,35,3050,11.83,1.66,0.1384,3.0,0.09,350,100,0.1,0.18
2025-07-16T16:00:00,rapid_river_rise,upstream_03,Eagle Cliff Village,33.41,75.58,upstream,42,3400,8.94,1.63,0.0889,4.5,0.03,120,30,0.12,0.2
2025-07-16T16:00:00,rapid_river_rise,upstream_04,Snowmelt Creek Base,33.44,75.65,upstream,30,2900,7.79,1.5,0.1695,1.8,0.072,280,80,0.09,0.16
2025-07-16T16:00:00,rapid_river_rise,midvalley_01,Valley Temple Town,33.38,75.68,midvalley,22,2400,6.12,1.48,0.2082,5.2,0.46,1800,500,0.12,0.22
2025-07-16T16:00:00,rapid_river_rise,midvalley_02,Bridge Market Colony,33.36,75.71,midvalley,18,2200,6.96,1.49,0.2163,6.1,0.56,2500,300,0.14,0.2
2025-07-16T16:00:00,rapid_river_rise,midvalley_03,River Bend Settlement,33.37,75.66,midvalley,25,2300,11.01,1.55,0.2108,7.3,0.22,900,200,0.11,0.19
2025-07-16T16:00:00,rapid_river_rise,midvalley_04,Pilgrim Rest Camp,33.35,75.73,midvalley,15,2100,4.92,1.41,0.2429,3.8,0.52,600,2000,0.06,0.1
2025-07-16T16:00:00,rapid_river_rise,downstream_01,Riverside Colony,33.31,75.77,downstream,10,1800,2.44,1.47,0.2425,8.0,0.92,4200,400,0.15,0.25
2025-07-16T16:00:00,rapid_river_rise,downstream_02,Lower Falls Township,33.3,75.8,downstream,8,1700,7.29,1.33,0.2867,6.5,1.15,5500,250,0.16,0.24
2025-07-16T16:00:00,rapid_river_rise,downstream_03,Delta Market Village,33.29,75.75,downstream,12,1850,5.0,1.43,0.261,5.0,0.63,3000,150,0.13,0.21
2025-07-16T16:00:00,rapid_river_rise,downstream_04,Flood Plain Hamlet,33.28,75.82,downstream,5,1600,1.7,1.4,0.2623,9.2,0.46,2200,100,0.18,0.23
2025-07-16T16:15:00,rapid_river_rise,upstream_01,Glacier View Station,33.45,75.6,upstream,38,3200,6.49,2.01,0.1262,2.1,0.05,200,50,0.08,0.15
2025-07-16T16:15:00,rapid_river_rise,upstream_02,Pine Ridge Outpost,33.43,75.63,upstream,35,3050,12.59,2.24,0.1766,3.0,0.09,350,100,0.1,0.18
2025-07-16T16:15:00,rapid_river_rise,upstream_03,Eagle Cliff Village,33.41,75.58,upstream,42,3400,9.29,2.1,0.0797,4.5,0.03,120,30,0.12,0.2
2025-07-16T16:15:00,rapid_river_rise,upstream_04,Snowmelt Creek Base,33.44,75.65,upstream,30,2900,12.89,2.23,0.2165,1.8,0.072,280,80,0.09,0.16
2025-07-16T16:15:00,rapid_river_rise,midvalley_01,Valley Temple Town,33.38,75.68,midvalley,22,2400,9.93,1.87,0.2274,5.2,0.46,1800,500,0.12,0.22
2025-07-16T16:15:00,rapid_river_rise,midvalley_02,Bridge Market Colony,33.36,75.71,midvalley,18,2200,8.81,1.84,0.2698,6.1,0.56,2500,300,0.14,0.2
2025-07-16T16:15:00,rapid_river_rise,midvalley_03,River Bend Settlement,33.37,75.66,midvalley,25,2300,12.3,1.97,0.2055,7.3,0.22,900,200,0.11,0.19
2025-07-16T16:15:00,rapid_river_rise,midvalley_04,Pilgrim Rest Camp,33.35,75.73,midvalley,15,2100,6.26,1.85,0.2555,3.8,0.52,600,2000,0.06,0.1
2025-07-16T16:15:00,rapid_river_rise,downstream_01,Riverside Colony,33.31,75.77,downstream,10,1800,3.52,2.03,0.2649,8.0,0.92,4200,400,0.15,0.25
2025-07-16T16:15:00,rapid_river_rise,downstream_02,Lower Falls Township,33.3,75.8,downstream,8,1700,4.66,1.96,0.244,6.5,1.15,5500,250,0.16,0.24
2025-07-16T16:15:00,rapid_river_rise,downstream_03,Delta Market Village,33.29,75.75,downstream,12,1850,6.18,2.03,0.2695,5.0,0.63,3000,150,0.13,0.21
2025-07-16T16:15:00,rapid_river_rise,downstream_04,Flood Plain Hamlet,33.28,75.82,downstream,5,1600,6.23,1.97,0.3308,9.2,0.46,2200,100,0.18,0.23
2025-07-16T16:30:00,rapid_river_rise,upstream_01,Glacier View Station,33.45,75.6,upstream,38,3200,5.55,2.46,0.1214,2.1,0.05,200,50,0.08,0.15
2025-07-16T16:30:00,rapid_river_rise,upstream_02,Pine Ridge Outpost,33.43,75.63,upstream,35,3050,10.69,2.59,0.1663,3.0,0.09,350,100,0.1,0.18
2025-07-16T16:30:00,rapid_river_rise,upstream_03,Eagle Cliff Village,33.41,75.58,upstream,42,3400,9.11,2.7,0.1308,4.5,0.03,120,30,0.12,0.2
2025-07-16T16:30:00,rapid_river_rise,upstream_04,Snowmelt Creek Base,33.44,75.65,upstream,30,2900,10.54,2.63,0.1968,1.8,0.072,280,80,0.09,0.16
2025-07-16T16:30:00,rapid_river_rise,midvalley_01,Valley Temple Town,33.38,75.68,midvalley,22,2400,8.08,2.47,0.2392,5.2,0.46,1800,500,0.12,0.22
2025-07-16T16:30:00,rapid_river_rise,midvalley_02,Bridge Market Colony,33.36,75.71,midvalley,18,2200,6.61,2.54,0.2144,6.1,0.56,2500,300,0.14,0.2
2025-07-16T16:30:00,rapid_river_rise,midvalley_03,River Bend Settlement,33.37,75.66,midvalley,25,2300,9.77,2.43,0.1924,7.3,0.22,900,200,0.11,0.19
2025-07-16T16:30:00,rapid_river_rise,midvalley_04,Pilgrim Rest Camp,33.35,75.73,midvalley,15,2100,6.48,2.54,0.2627,3.8,0.52,600,2000,0.06,0.1
2025-07-16T16:30:00,rapid_river_rise,downstream_01,Riverside Colony,33.31,75.77,downstream,10,1800,5.97,2.46,0.2623,8.0,0.92,4200,400,0.15,0.25
2025-07-16T16:30:00,rapid_river_rise,downstream_02,Lower Falls Township,33.3,75.8,downstream,8,1700,6.15,2.62,0.2618,6.5,1.15,5500,250,0.16,0.24
2025-07-16T16:30:00,rapid_river_rise,downstream_03,Delta Market Village,33.29,75.75,downstream,12,1850,6.26,2.5,0.2472,5.0,0.63,3000,150,0.13,0.21
2025-07-16T16:30:00,rapid_river_rise,downstream_04,Flood Plain Hamlet,33.28,75.82,downstream,5,1600,4.93,2.55,0.285,9.2,0.46,2200,100,0.18,0.23
2025-07-16T16:45:00,rapid_river_rise,upstream_01,Glacier View Station,33.45,75.6,upstream,38,3200,8.58,3.1,0.1736,2.1,0.05,200,50,0.08,0.15
2025-07-16T16:45:00,rapid_river_rise,upstream_02,Pine Ridge Outpost,33.43,75.63,upstream,35,3050,11.59,3.21,0.1476,3.0,0.09,350,100,0.1,0.18
2025-07-16T16:45:00,rapid_river_rise,upstream_03,Eagle Cliff Village,33.41,75.58,upstream,42,3400,10.67,3.29,0.0842,4.5,0.03,120,30,0.12,0.2
2025-07-16T16:45:00,rapid_river_rise,upstream_04,Snowmelt Creek Base,33.44,75.65,upstream,30,2900,12.63,3.15,0.1799,1.8,0.072,280,80,0.09,0.16
2025-07-16T16:45:00,rapid_river_rise,midvalley_01,Valley Temple Town,33.38,75.68,midvalley,22,2400,9.07,3.03,0.2189,5.2,0.46,1800,500,0.12,0.22
2025-07-16T16:45:00,rapid_river_rise,midvalley_02,Bridge Market Colony,33.36,75.71,midvalley,18,2200,8.76,3.07,0.2464,6.1,0.56,2500,300,0.14,0.2
2025-07-16T16:45:00,rapid_river_rise,midvalley_03,River Bend Settlement,33.37,75.66,midvalley,25,2300,9.51,3.09,0.1825,7.3,0.22,900,200,0.11,0.19
2025-07-16T16:45:00,rapid_river_rise,midvalley_04,Pilgrim Rest Camp,33.35,75.73,midvalley,15,2100,11.65,2.93,0.323,3.8,0.52,600,2000,0.06,0.1
2025-07-16T16:45:00,rapid_river_rise,downstream_01,Riverside Colony,33.31,75.77,downstream,10,1800,6.35,3.0,0.2274,8.0,0.92,4200,400,0.15,0.25
2025-07-16T16:45:00,rapid_river_rise,downstream_02,Lower Falls Township,33.3,75.8,downstream,8,1700,4.76,2.92,0.3128,6.5,1.15,5500,250,0.16,0.24
2025-07-16T16:45:00,rapid_river_rise,downstream_03,Delta Market Village,33.29,75.75,downstream,12,1850,2.48,2.88,0.238,5.0,0.63,3000,150,0.13,0.21
2025-07-16T16:45:00,rapid_river_rise,downstream_04,Flood Plain Hamlet,33.28,75.82,downstream,5,1600,7.36,2.95,0.2558,9.2,0.46,2200,100,0.18,0.23
2025-07-16T17:00:00,rapid_river_rise,upstream_01,Glacier View Station,33.45,75.6,upstream,38,3200,3.97,3.45,0.1548,2.1,0.05,200,50,0.08,0.15
2025-07-16T17:00:00,rapid_river_rise,upstream_02,Pine Ridge Outpost,33.43,75.63,upstream,35,3050,2.89,3.39,0.133,3.0,0.09,350,100,0.1,0.18
2025-07-16T17:00:00,rapid_river_rise,upstream_03,Eagle Cliff Village,33.41,75.58,upstream,42,3400,5.56,3.53,0.0793,4.5,0.03,120,30,0.12,0.2
2025-07-16T17:00:00,rapid_river_rise,upstream_04,Snowmelt Creek Base,33.44,75.65,upstream,30,2900,0,3.26,0.1374,1.8,0.072,280,80,0.09,0.16
2025-07-16T17:00:00,rapid_river_rise,midvalley_01,Valley Temple Town,33.38,75.68,midvalley,22,2400,5.11,3.49,0.2058,5.2,0.46,1800,500,0.12,0.22
2025-07-16T17:00:00,rapid_river_rise,midvalley_02,Bridge Market Colony,33.36,75.71,midvalley,18,2200,1.87,3.54,0.2196,6.1,0.56,2500,300,0.14,0.2
2025-07-16T17:00:00,rapid_river_rise,midvalley_03,River Bend Settlement,33.37,75.66,midvalley,25,2300,2.69,3.6,0.1734,7.3,0.22,900,200,0.11,0.19
2025-07-16T17:00:00,rapid_river_rise,midvalley_04,Pilgrim Rest Camp,33.35,75.73,midvalley,15,2100,2.81,3.64,0.2317,3.8,0.52,600,2000,0.06,0.1
2025-07-16T17:00:00,rapid_river_rise,downstream_01,Riverside Colony,33.31,75.77,downstream,10,1800,0,3.44,0.213,8.0,0.92,4200,400,0.15,0.25
2025-07-16T17:00:00,rapid_river_rise,downstream_02,Lower Falls Township,33.3,75.8,downstream,8,1700,1.33,3.35,0.2576,6.5,1.15,5500,250,0.16,0.24
2025-07-16T17:00:00,rapid_river_rise,downstream_03,Delta Market Village,33.29,75.75,downstream,12,1850,2.17,3.44,0.2785,5.0,0.63,3000,150,0.13,0.21
2025-07-16T17:00:00,rapid_river_rise,downstream_04,Flood Plain Hamlet,33.28,75.82,downstream,5,1600,4.42,3.33,0.2599,9.2,0.46,2200,100,0.18,0.23
2025-07-16T17:15:00,rapid_river_rise,upstream_01,Glacier View Station,33.45,75.6,upstream,38,3200,1.17,3.86,0.1326,2.1,0.05,200,50,0.08,0.15
2025-07-16T17:15:00,rapid_river_rise,upstream_02,Pine Ridge Outpost,33.43,75.63,upstream,35,3050,2.34,3.84,0.1316,3.0,0.09,350,100,0.1,0.18
2025-07-16T17:15:00,rapid_river_rise,upstream_03,Eagle Cliff Village,33.41,75.58,upstream,42,3400,3.2,3.84,0.1149,4.5,0.03,120,30,0.12,0.2
2025-07-16T17:15:00,rapid_river_rise,upstream_04,Snowmelt Creek Base,33.44,75.65,upstream,30,2900,3.39,3.89,0.1788,1.8,0.072,280,80,0.09,0.16
2025-07-16T17:15:00,rapid_river_rise,midvalley_01,Valley Temple Town,33.38,75.68,midvalley,22,2400,3.72,4.01,0.2575,5.2,0.46,1800,500,0.12,0.22
2025-07-16T17:15:00,rapid_river_rise,midvalley_02,Bridge Market Colony,33.36,75.71,midvalley,18,2200,3.11,4.01,0.2046,6.1,0.56,2500,300,0.14,0.2
2025-07-16T17:15:00,rapid_river_rise,midvalley_03,River Bend Settlement,33.37,75.66,midvalley,25,2300,3.24,3.97,0.1886,7.3,0.22,900,200,0.11,0.19
2025-07-16T17:15:00,rapid_river_rise,midvalley_04,Pilgrim Rest Camp,33.35,75.73,midvalley,15,2100,2.73,4.01,0.2624,3.8,0.52,600,2000,0.06,0.1
2025-07-16T17:15:00,rapid_river_rise,downstream_01,Riverside Colony,33.31,75.77,downstream,10,1800,3.55,4.05,0.2559,8.0,0.92,4200,400,0.15,0.25
2025-07-16T17:15:00,rapid_river_rise,downstream_02,Lower Falls Township,33.3,75.8,downstream,8,1700,2.18,4.02,0.2475,6.5,1.15,5500,250,0.16,0.24
2025-07-16T17:15:00,rapid_river_rise,downstream_03,Delta Market Village,33.29,75.75,downstream,12,1850,0,4.03,0.2273,5.0,0.63,3000,150,0.13,0.21
2025-07-16T17:15:00,rapid_river_rise,downstream_04,Flood Plain Hamlet,33.28,75.82,downstream,5,1600,2.22,4.04,0.2579,9.2,0.46,2200,100,0.18,0.23
2025-07-16T17:30:00,rapid_river_rise,upstream_01,Glacier View Station,33.45,75.6,upstream,38,3200,9.56,4.55,0.1079,2.1,0.05,200,50,0.08,0.15
2025-07-16T17:30:00,rapid_river_rise,upstream_02,Pine Ridge Outpost,33.43,75.63,upstream,35,3050,10.08,4.54,0.1575,3.0,0.09,350,100,0.1,0.18
2025-07-16T17:30:00,rapid_river_rise,upstream_03,Eagle Cliff Village,33.41,75.58,upstream,42,3400,6.96,4.45,0.1031,4.5,0.03,120,30,0.12,0.2
2025-07-16T17:30:00,rapid_river_rise,upstream_04,Snowmelt Creek Base,33.44,75.65,upstream,30,2900,12.24,4.69,0.1728,1.8,0.072,280,80,0.09,0.16
2025-07-16T17:30:00,rapid_river_rise,midvalley_01,Valley Temple Town,33.38,75.68,midvalley,22,2400,5.32,4.44,0.2322,5.2,0.46,1800,500,0.12,0.22
2025-07-16T17:30:00,rapid_river_rise,midvalley_02,Bridge Market Colony,33.36,75.71,midvalley,18,2200,10.86,4.49,0.2442,6.1,0.56,2500,300,0.14,0.2
2025-07-16T17:30:00,rapid_river_rise,midvalley_03,River Bend Settlement,33.37,75.66,midvalley,25,2300,8.37,4.53,0.1781,7.3,0.22,900,200,0.11,0.19
2025-07-16T17:30:00,rapid_river_rise,midvalley_04,Pilgrim Rest Camp,33.35,75.73,midvalley,15,2100,8.92,4.49,0.2562,3.8,0.52,600,2000,0.06,0.1
2025-07-16T17:30:00,rapid_river_rise,downstream_01,Riverside Colony,33.31,75.77,downstream,10,1800,4.34,4.36,0.2749,8.0,0.92,4200,400,0.15,0.25
2025-07-16T17:30:00,rapid_river_rise,downstream_02,Lower Falls Township,33.3,75.8,downstream,8,1700,6.14,4.31,0.2799,6.5,1.15,5500,250,0.16,0.24
2025-07-16T17:30:00,rapid_river_rise,downstream_03,Delta Market Village,33.29,75.75,downstream,12,1850,4.84,4.44,0.2816,5.0,0.63,3000,150,0.13,0.21
2025-07-16T17:30:00,rapid_river_rise,downstream_04,Flood Plain Hamlet,33.28,75.82,downstream,5,1600,6.28,4.36,0.2987,9.2,0.46,2200,100,0.18,0.23
2025-07-16T17:45:00,rapid_river_rise,upstream_01,Glacier View Station,33.45,75.6,upstream,38,3200,12.46,4.72,0.152,2.1,0.05,200,50,0.08,0.15
2025-07-16T17:45:00,rapid_river_rise,upstream_02,Pine Ridge Outpost,33.43,75.63,upstream,35,3050,11.3,4.53,0.1901,3.0,0.09,350,100,0.1,0.18
2025-07-16T17:45:00,rapid_river_rise,upstream_03,Eagle Cliff Village,33.41,75.58,upstream,42,3400,16.12,4.81,0.1309,4.5,0.03,120,30,0.12,0.2
2025-07-16T17:45:00,rapid_river_rise,upstream_04,Snowmelt Creek Base,33.44,75.65,upstream,30,2900,9.08,4.45,0.1681,1.8,0.072,280,80,0.09,0.16
2025-07-16T17:45:00,rapid_river_rise,midvalley_01,Valley Temple Town,33.38,75.68,midvalley,22,2400,9.5,4.36,0.2157,5.2,0.46,1800,500,0.12,0.22
2025-07-16T17:45:00,rapid_river_rise,midvalley_02,Bridge Market Colony,33.36,75.71,midvalley,18,2200,11.13,4.25,0.2495,6.1,0.56,2500,300,0.14,0.2
2025-07-16T17:45:00,rapid_river_rise,midvalley_03,River Bend Settlement,33.37,75.66,midvalley,25,2300,8.95,4.28,0.2378,7.3,0.22,900,200,0.11,0.19
2025-07-16T17:45:00,rapid_river_rise,midvalley_04,Pilgrim Rest Camp,33.35,75.73,midvalley,15,2100,14.03,4.3,0.2622,3.8,0.52,600,2000,0.06,0.1
2025-07-16T17:45:00,rapid_river_rise,downstream_01,Riverside Colony,33.31,75.77,downstream,10,1800,9.64,4.42,0.3044,8.0,0.92,4200,400,0.15,0.25
2025-07-16T17:45:00,rapid_river_rise,downstream_02,Lower Falls Township,33.3,75.8,downstream,8,1700,6.72,4.43,0.279,6.5,1.15,5500,250,0.16,0.24
2025-07-16T17:45:00,rapid_river_rise,downstream_03,Delta Market Village,33.29,75.75,downstream,12,1850,9.28,4.46,0.2679,5.0,0.63,3000,150,0.13,0.21
2025-07-16T17:45:00,rapid_river_rise,downstream_04,Flood Plain Hamlet,33.28,75.82,downstream,5,1600,10.78,4.42,0.315,9.2,0.46,2200,100,0.18,0.23
2025-07-16T18:00:00,rapid_river_rise,upstream_01,Glacier View Station,33.45,75.6,upstream,38,3200,0.69,4.22,0.1198,2.1,0.05,200,50,0.08,0.15
2025-07-16T18:00:00,rapid_river_rise,upstream_02,Pine Ridge Outpost,33.43,75.63,upstream,35,3050,4.93,4.37,0.1446,3.0,0.09,350,100,0.1,0.18
2025-07-16T18:00:00,rapid_river_rise,upstream_03,Eagle Cliff Village,33.41,75.58,upstream,42,3400,8.21,4.48,0.1164,4.5,0.03,120,30,0.12,0.2
2025-07-16T18:00:00,rapid_river_rise,upstream_04,Snowmelt Creek Base,33.44,75.65,upstream,30,2900,7.93,4.49,0.1695,1.8,0.072,280,80,0.09,0.16
2025-07-16T18:00:00,rapid_river_rise,midvalley_01,Valley Temple Town,33.38,75.68,midvalley,22,2400,4.01,4.27,0.189,5.2,0.46,1800,500,0.12,0.22
2025-07-16T18:00:00,rapid_river_rise,midvalley_02,Bridge Market Colony,33.36,75.71,midvalley,18,2200,4.99,4.25,0.2346,6.1,0.56,2500,300,0.14,0.2
2025-07-16T18:00:00,rapid_river_rise,midvalley_03,River Bend Settlement,33.37,75.66,midvalley,25,2300,1.29,4.31,0.1702,7.3,0.22,900,200,0.11,0.19
2025-07-16T18:00:00,rapid_river_rise,midvalley_04,Pilgrim Rest Camp,33.35,75.73,midvalley,15,2100,4.37,4.31,0.2332,3.8,0.52,600,2000,0.06,0.1
2025-07-16T18:00:00,rapid_river_rise,downstream_01,Riverside Colony,33.31,75.77,downstream,10,1800,2.05,4.37,0.2253,8.0,0.92,4200,400,0.15,0.25
2025-07-16T18:00:00,rapid_river_rise,downstream_02,Lower Falls Township,33.3,75.8,downstream,8,1700,2.51,4.36,0.2482,6.5,1.15,5500,250,0.16,0.24
2025-07-16T18:00:00,rapid_river_rise,downstream_03,Delta Market Village,33.29,75.75,downstream,12,1850,4.46,4.4,0.2532,5.0,0.63,3000,150,0.13,0.21
2025-07-16T18:00:00,rapid_river_rise,downstream_04,Flood Plain Hamlet,33.28,75.82,downstream,5,1600,7.1,4.38,0.2894,9.2,0.46,2200,100,0.18,0.23
2025-07-16T18:15:00,rapid_river_rise,upstream_01,Glacier View Station,33.45,75.6,upstream,38,3200,6.69,4.42,0.1184,2.1,0.05,200,50,0.08,0.15
2025-07-16T18:15:00,rapid_river_rise,upstream_02,Pine Ridge Outpost,33.43,75.63,upstream,35,3050,9.1,4.49,0.1993,3.0,0.09,350,100,0.1,0.18
2025-07-16T18:15:00,rapid_river_rise,upstream_03,Eagle Cliff Village,33.41,75.58,upstream,42,3400,7.54,4.51,0.1114,4.5,0.03,120,30,0.12,0.2
2025-07-16T18:15:00,rapid_river_rise,upstream_04,Snowmelt Creek Base,33.44,75.65,upstream,30,2900,8.9,4.38,0.2024,1.8,0.072,280,80,0.09,0.16
2025-07-16T18:15:00,rapid_river_rise,midvalley_01,Valley Temple Town,33.38,75.68,midvalley,22,2400,2.21,4.53,0.1867,5.2,0.46,1800,500,0.12,0.22
2025-07-16T18:15:00,rapid_river_rise,midvalley_02,Bridge Market Colony,33.36,75.71,midvalley,18,2200,3.85,4.48,0.1614,6.1,0.56,2500,300,0.14,0.2
2025-07-16T18:15:00,rapid_river_rise,midvalley_03,River Bend Settlement,33.37,75.66,midvalley,25,2300,7.47,4.44,0.1756,7.3,0.22,900,200,0.11,0.19
2025-07-16T18:15:00,rapid_river_rise,midvalley_04,Pilgrim Rest Camp,33.35,75.73,midvalley,15,2100,5.04,4.41,0.2423,3.8,0.52,600,2000,0.06,0.1
2025-07-16T18:15:00,rapid_river_rise,downstream_01,Riverside Colony,33.31,75.77,downstream,10,1800,5.88,4.36,0.2105,8.0,0.92,4200,400,0.15,0.25
2025-07-16T18:15:00,rapid_river_rise,downstream_02,Lower Falls Township,33.3,75.8,downstream,8,1700,2.63,4.37,0.2628,6.5,1.15,5500,250,0.16,0.24
2025-07-16T18:15:00,rapid_river_rise,downstream_03,Delta Market Village,33.29,75.75,downstream,12,1850,6.48,4.41,0.2223,5.0,0.63,3000,150,0.13,0.21
2025-07-16T18:15:00,rapid_river_rise,downstream_04,Flood Plain Hamlet,33.28,75.82,downstream,5,1600,6.0,4.36,0.3301,9.2,0.46,2200,100,0.18,0.23
2025-07-16T18:30:00,rapid_river_rise,upstream_01,Glacier View Station,33.45,75.6,upstream,38,3200,6.77,4.49,0.0825,2.1,0.05,200,50,0.08,0.15
2025-07-16T18:30:00,rapid_river_rise,upstream_02,Pine Ridge Outpost,33.43,75.63,upstream,35,3050,10.37,4.5,0.1797,3.0,0.09,350,100,0.1,0.18
2025-07-16T18:30:00,rapid_river_rise,upstream_03,Eagle Cliff Village,33.41,75.58,upstream,42,3400,11.42,4.66,0.1616,4.5,0.03,120,30,0.12,0.2
2025-07-16T18:30:00,rapid_river_rise,upstream_04,Snowmelt Creek Base,33.44,75.65,upstream,30,2900,10.93,4.49,0.183,1.8,0.072,280,80,0.09,0.16
2025-07-16T18:30:00,rapid_river_rise,midvalley_01,Valley Temple Town,33.38,75.68,midvalley,22,2400,11.36,4.54,0.2119,5.2,0.46,1800,500,0.12,0.22
2025-07-16T18:30:00,rapid_river_rise,midvalley_02,Bridge Market Colony,33.36,75.71,midvalley,18,2200,5.52,4.57,0.203,6.1,0.56,2500,300,0.14,0.2
2025-07-16T18:30:00,rapid_river_rise,midvalley_03,River Bend Settlement,33.37,75.66,midvalley,25,2300,7.95,4.53,0.2279,7.3,0.22,900,200,0.11,0.19
2025-07-16T18:30:00,rapid_river_rise,midvalley_04,Pilgrim Rest Camp,33.35,75.73,midvalley,15,2100,4.97,4.46,0.2577,3.8,0.52,600,2000,0.06,0.1
2025-07-16T18:30:00,rapid_river_rise,downstream_01,Riverside Colony,33.31,75.77,downstream,10,1800,7.45,4.22,0.2729,8.0,0.92,4200,400,0.15,0.25
2025-07-16T18:30:00,rapid_river_rise,downstream_02,Lower Falls Township,33.3,75.8,downstream,8,1700,6.38,4.32,0.3231,6.5,1.15,5500,250,0.16,0.24
2025-07-16T18:30:00,rapid_river_rise,downstream_03,Delta Market Village,33.29,75.75,downstream,12,1850,5.94,4.31,0.2793,5.0,0.63,3000,150,0.13,0.21
2025-07-16T18:30:00,rapid_river_rise,downstream_04,Flood Plain Hamlet,33.28,75.82,downstream,5,1600,6.47,4.3,0.2726,9.2,0.46,2200,100,0.18,0.23
2025-07-16T18:45:00,rapid_river_rise,upstream_01,Glacier View Station,33.45,75.6,upstream,38,3200,10.41,4.58,0.1697,2.1,0.05,200,50,0.08,0.15
2025-07-16T18:45:00,rapid_river_rise,upstream_02,Pine Ridge Outpost,33.43,75.63,upstream,35,3050,10.31,4.55,0.1759,3.0,0.09,350,100,0.1,0.18
2025-07-16T18:45:00,rapid_river_rise,upstream_03,Eagle Cliff Village,33.41,75.58,upstream,42,3400,13.6,4.72,0.125,4.5,0.03,120,30,0.12,0.2
2025-07-16T18:45:00,rapid_river_rise,upstream_04,Snowmelt Creek Base,33.44,75.65,upstream,30,2900,13.07,4.54,0.195,1.8,0.072,280,80,0.09,0.16
2025-07-16T18:45:00,rapid_river_rise,midvalley_01,Valley Temple Town,33.38,75.68,midvalley,22,2400,7.83,4.34,0.2321,5.2,0.46,1800,500,0.12,0.22
2025-07-16T18:45:00,rapid_river_rise,midvalley_02,Bridge Market Colony,33.36,75.71,midvalley,18,2200,9.02,4.28,0.2099,6.1,0.56,2500,300,0.14,0.2
2025-07-16T18:45:00,rapid_river_rise,midvalley_03,River Bend Settlement,33.37,75.66,midvalley,25,2300,6.03,4.32,0.1911,7.3,0.22,900,200,0.11,0.19
2025-07-16T18:45:00,rapid_river_rise,midvalley_04,Pilgrim Rest Camp,33.35,75.73,midvalley,15,2100,8.14,4.35,0.2481,3.8,0.52,600,2000,0.06,0.1
2025-07-16T18:45:00,rapid_river_rise,downstream_01,Riverside Colony,33.31,75.77,downstream,10,1800,11.24,4.31,0.2535,8.0,0.92,4200,400,0.15,0.25
2025-07-16T18:45:00,rapid_river_rise,downstream_02,Lower Falls Township,33.3,75.8,downstream,8,1700,9.0,4.26,0.2714,6.5,1.15,5500,250,0.16,0.24
2025-07-16T18:45:00,rapid_river_rise,downstream_03,Delta Market Village,33.29,75.75,downstream,12,1850,6.13,4.33,0.2621,5.0,0.63,3000,150,0.13,0.21
2025-07-16T18:45:00,rapid_river_rise,downstream_04,Flood Plain Hamlet,33.28,75.82,downstream,5,1600,8.26,4.23,0.31,9.2,0.46,2200,100,0.18,0.23
2025-07-16T19:00:00,rapid_river_rise,upstream_01,Glacier View Station,33.45,75.6,upstream,38,3200,5.62,4.33,0.151,2.1,0.05,200,50,0.08,0.15
2025-07-16T19:00:00,rapid_river_rise,upstream_02,Pine Ridge Outpost,33.43,75.63,upstream,35,3050,3.93,4.29,0.1393,3.0,0.09,350,100,0.1,0.18
2025-07-16T19:00:00,rapid_river_rise,upstream_03,Eagle Cliff Village,33.41,75.58,upstream,42,3400,4.45,4.3,0.0949,4.5,0.03,120,30,0.12,0.2
2025-07-16T19:00:00,rapid_river_rise,upstream_04,Snowmelt Creek Base,33.44,75.65,upstream,30,2900,4.09,4.27,0.1763,1.8,0.072,280,80,0.09,0.16
2025-07-16T19:00:00,rapid_river_rise,midvalley_01,Valley Temple Town,33.38,75.68,midvalley,22,2400,1.84,4.44,0.1829,5.2,0.46,1800,500,0.12,0.22
2025-07-16T19:00:00,rapid_river_rise,midvalley_02,Bridge Market Colony,33.36,75.71,midvalley,18,2200,4.64,4.4,0.2146,6.1,0.56,2500,300,0.14,0.2
2025-07-16T19:00:00,rapid_river_rise,midvalley_03,River Bend Settlement,33.37,75.66,midvalley,25,2300,1.54,4.44,0.1895,7.3,0.22,900,200,0.11,0.19
2025-07-16T19:00:00,rapid_river_rise,midvalley_04,Pilgrim Rest Camp,33.35,75.73,midvalley,15,2100,4.21,4.33,0.2578,3.8,0.52,600,2000,0.06,0.1
2025-07-16T19:00:00,rapid_river_rise,downstream_01,Riverside Colony,33.31,75.77,downstream,10,1800,5.78,4.41,0.2704,8.0,0.92,4200,400,0.15,0.25
2025-07-16T19:00:00,rapid_river_rise,downstream_02,Lower Falls Township,33.3,75.8,downstream,8,1700,3.48,4.48,0.2683,6.5,1.15,5500,250,0.16,0.24
2025-07-16T19:00:00,rapid_river_rise,downstream_03,Delta Market Village,33.29,75.75,downstream,12,1850,1.37,4.48,0.2289,5.0,0.63,3000,150,0.13,0.21
2025-07-16T19:00:00,rapid_river_rise,downstream_04,Flood Plain Hamlet,33.28,75.82,downstream,5,1600,2.33,4.49,0.3,9.2,0.46,2200,100,0.18,0.23
2025-07-16T19:15:00,rapid_river_rise,upstream_01,Glacier View Station,33.45,75.6,upstream,38,3200,10.0,4.61,0.1169,2.1,0.05,200,50,0.08,0.15
2025-07-16T19:15:00,rapid_river_rise,upstream_02,Pine Ridge Outpost,33.43,75.63,upstream,35,3050,9.03,4.49,0.1616,3.0,0.09,350,100,0.1,0.18
2025-07-16T19:15:00,rapid_river_rise,upstream_03,Eagle Cliff Village,33.41,75.58,upstream,42,3400,5.31,4.3,0.116,4.5,0.03,120,30,0.12,0.2
2025-07-16T19:15:00,rapid_river_rise,upstream_04,Snowmelt Creek Base,33.44,75.65,upstream,30,2900,8.0,4.48,0.1928,1.8,0.072,280,80,0.09,0.16
2025-07-16T19:15:00,rapid_river_rise,midvalley_01,Valley Temple Town,33.38,75.68,midvalley,22,2400,11.09,4.42,0.2438,5.2,0.46,1800,500,0.12,0.22
2025-07-16T19:15:00,rapid_river_rise,midvalley_02,Bridge Market Colony,33.36,75.71,midvalley,18,2200,7.25,4.36,0.2308,6.1,0.56,2500,300,0.14,0.2
2025-07-16T19:15:00,rapid_river_rise,midvalley_03,River Bend Settlement,33.37,75.66,midvalley,25,2300,5.32,4.37,0.1797,7.3,0.22,900,200,0.11,0.19
2025-07-16T19:15:00,rapid_river_rise,midvalley_04,Pilgrim Rest Camp,33.35,75.73,midvalley,15,2100,7.29,4.35,0.2419,3.8,0.52,600,2000,0.06,0.1
2025-07-16T19:15:00,rapid_river_rise,downstream_01,Riverside Colony,33.31,75.77,downstream,10,1800,5.85,4.47,0.2819,8.0,0.92,4200,400,0.15,0.25
2025-07-16T19:15:00,rapid_river_rise,downstream_02,Lower Falls Township,33.3,75.8,downstream,8,1700,4.39,4.49,0.285,6.5,1.15,5500,250,0.16,0.24
2025-07-16T19:15:00,rapid_river_rise,downstream_03,Delta Market Village,33.29,75.75,downstream,12,1850,5.65,4.49,0.2405,5.0,0.63,3000,150,0.13,0.21
2025-07-16T19:15:00,rapid_river_rise,downstream_04,Flood Plain Hamlet,33.28,75.82,downstream,5,1600,7.43,4.54,0.2854,9.2,0.46,2200,100,0.18,0.23
2025-07-16T19:30:00,rapid_river_rise,upstream_01,Glacier View Station,33.45,75.6,upstream,38,3200,8.4,4.52,0.1218,2.1,0.05,200,50,0.08,0.15
2025-07-16T19:30:00,rapid_river_rise,upstream_02,Pine Ridge Outpost,33.43,75.63,upstream,35,3050,4.85,4.32,0.1286,3.0,0.09,350,100,0.1,0.18
2025-07-16T19:30:00,rapid_river_rise,upstream_03,Eagle Cliff Village,33.41,75.58,upstream,42,3400,8.61,4.57,0.1357,4.5,0.03,120,30,0.12,0.2
2025-07-16T19:30:00,rapid_river_rise,upstream_04,Snowmelt Creek Base,33.44,75.65,upstream,30,2900,3.6,4.33,0.2016,1.8,0.072,280,80,0.09,0.16
2025-07-16T19:30:00,rapid_river_rise,midvalley_01,Valley Temple Town,33.38,75.68,midvalley,22,2400,5.4,4.51,0.2093,5.2,0.46,1800,500,0.12,0.22
2025-07-16T19:30:00,rapid_river_rise,midvalley_02,Bridge Market Colony,33.36,75.71,midvalley,18,2200,5.62,4.45,0.2308,6.1,0.56,2500,300,0.14,0.2
2025-07-16T19:30:00,rapid_river_rise,midvalley_03,River Bend Settlement,33.37,75.66,midvalley,25,2300,6.14,4.44,0.1797,7.3,0.22,900,200,0.11,0.19
2025-07-16T19:30:00,rapid_river_rise,midvalley_04,Pilgrim Rest Camp,33.35,75.73,midvalley,15,2100,7.24,4.49,0.2584,3.8,0.52,600,2000,0.06,0.1
2025-07-16T19:30:00,rapid_river_rise,downstream_01,Riverside Colony,33.31,75.77,downstream,10,1800,6.5,4.29,0.276,8.0,0.92,4200,400,0.15,0.25
2025-07-16T19:30:00,rapid_river_rise,downstream_02,Lower Falls Township,33.3,75.8,downstream,8,1700,6.54,4.27,0.2525,6.5,1.15,5500,250,0.16,0.24
2025-07-16T19:30:00,rapid_river_rise,downstream_03,Delta Market Village,33.29,75.75,downstream,12,1850,2.94,4.37,0.2704,5.0,0.63,3000,150,0.13,0.21
2025-07-16T19:30:00,rapid_river_rise,downstream_04,Flood Plain Hamlet,33.28,75.82,downstream,5,1600,5.84,4.27,0.314,9.2,0.46,2200,100,0.18,0.23
2025-07-16T19:45:00,rapid_river_rise,upstream_01,Glacier View Station,33.45,75.6,upstream,38,3200,10.19,4.57,0.1575,2.1,0.05,200,50,0.08,0.15
2025-07-16T19:45:00,rapid_river_rise,upstream_02,Pine Ridge Outpost,33.43,75.63,upstream,35,3050,9.67,4.59,0.1648,3.0,0.09,350,100,0.1,0.18
2025-07-16T19:45:00,rapid_river_rise,upstream_03,Eagle Cliff Village,33.41,75.58,upstream,42,3400,9.1,4.5,0.1161,4.5,0.03,120,30,0.12,0.2
2025-07-16T19:45:00,rapid_river_rise,upstream_04,Snowmelt Creek Base,33.44,75.65,upstream,30,2900,5.44,4.41,0.1703,1.8,0.072,280,80,0.09,0.16
2025-07-16T19:45:00,rapid_river_rise,midvalley_01,Valley Temple Town,33.38,75.68,midvalley,22,2400,9.22,4.33,0.1787,5.2,0.46,1800,500,0.12,0.22
2025-07-16T19:45:00,rapid_river_rise,midvalley_02,Bridge Market Colony,33.36,75.71,midvalley,18,2200,4.26,4.29,0.2502,6.1,0.56,2500,300,0.14,0.2
2025-07-16T19:45:00,rapid_river_rise,midvalley_03,River Bend Settlement,33.37,75.66,midvalley,25,2300,11.21,4.31,0.2275,7.3,0.22,900,200,0.11,0.19
2025-07-16T19:45:00,rapid_river_rise,midvalley_04,Pilgrim Rest Camp,33.35,75.73,midvalley,15,2100,6.43,4.29,0.2513,3.8,0.52,600,2000,0.06,0.1
2025-07-16T19:45:00,rapid_river_rise,downstream_01,Riverside Colony,33.31,75.77,downstream,10,1800,6.29,4.28,0.2592,8.0,0.92,4200,400,0.15,0.25
2025-07-16T19:45:00,rapid_river_rise,downstream_02,Lower Falls Township,33.3,75.8,downstream,8,1700,1.63,4.34,0.2694,6.5,1.15,5500,250,0.16,0.24
2025-07-16T19:45:00,rapid_river_rise,downstream_03,Delta Market Village,33.29,75.75,downstream,12,1850,4.98,4.44,0.2689,5.0,0.63,3000,150,0.13,0.21
2025-07-16T19:45:00,rapid_river_rise,downstream_04,Flood Plain Hamlet,33.28,75.82,downstream,5,1600,5.54,4.38,0.2848,9.2,0.46,2200,100,0.18,0.23
2025-07-16T22:00:00,sensor_failure,upstream_01,Glacier View Station,33.45,75.6,upstream,38,3200,19.56,,0.2297,2.1,0.05,200,50,0.08,0.15
2025-07-16T22:00:00,sensor_failure,upstream_02,Pine Ridge Outpost,33.43,75.63,upstream,35,3050,22.36,1.92,0.2682,3.0,0.09,350,100,0.1,0.18
2025-07-16T22:00:00,sensor_failure,upstream_03,Eagle Cliff Village,33.41,75.58,upstream,42,3400,20.76,1.85,0.2189,4.5,0.03,120,30,0.12,0.2
2025-07-16T22:00:00,sensor_failure,upstream_04,Snowmelt Creek Base,33.44,75.65,upstream,30,2900,18.32,,0.23,1.8,0.072,280,80,0.09,0.16
2025-07-16T22:00:00,sensor_failure,midvalley_01,Valley Temple Town,33.38,75.68,midvalley,22,2400,17.06,1.48,0.2931,5.2,0.46,1800,500,0.12,0.22
2025-07-16T22:00:00,sensor_failure,midvalley_02,Bridge Market Colony,33.36,75.71,midvalley,18,2200,13.61,1.3,,6.1,0.56,2500,300,0.14,0.2
2025-07-16T22:00:00,sensor_failure,midvalley_03,River Bend Settlement,33.37,75.66,midvalley,25,2300,17.25,1.51,0.2909,7.3,0.22,900,200,0.11,0.19
2025-07-16T22:00:00,sensor_failure,midvalley_04,Pilgrim Rest Camp,33.35,75.73,midvalley,15,2100,17.27,1.4,0.3332,3.8,0.52,600,2000,0.06,0.1
2025-07-16T22:00:00,sensor_failure,downstream_01,Riverside Colony,33.31,75.77,downstream,10,1800,13.11,1.28,0.3604,8.0,0.92,4200,400,0.15,0.25
2025-07-16T22:00:00,sensor_failure,downstream_02,Lower Falls Township,33.3,75.8,downstream,8,1700,11.2,1.2,0.3272,6.5,1.15,5500,250,0.16,0.24
2025-07-16T22:00:00,sensor_failure,downstream_03,Delta Market Village,33.29,75.75,downstream,12,1850,8.79,,0.3381,5.0,0.63,3000,150,0.13,0.21
2025-07-16T22:00:00,sensor_failure,downstream_04,Flood Plain Hamlet,33.28,75.82,downstream,5,1600,12.43,1.32,0.3713,9.2,0.46,2200,100,0.18,0.23
2025-07-16T22:15:00,sensor_failure,upstream_01,Glacier View Station,33.45,75.6,upstream,38,3200,16.68,1.57,0.2158,2.1,0.05,200,50,0.08,0.15
2025-07-16T22:15:00,sensor_failure,upstream_02,Pine Ridge Outpost,33.43,75.63,upstream,35,3050,20.18,1.72,0.2528,3.0,0.09,350,100,0.1,0.18
2025-07-16T22:15:00,sensor_failure,upstream_03,Eagle Cliff Village,33.41,75.58,upstream,42,3400,,1.81,0.1882,4.5,0.03,120,30,0.12,0.2
2025-07-16T22:15:00,sensor_failure,upstream_04,Snowmelt Creek Base,33.44,75.65,upstream,30,2900,19.08,1.62,0.2663,1.8,0.072,280,80,0.09,0.16
2025-07-16T22:15:00,sensor_failure,midvalley_01,Valley Temple Town,33.38,75.68,midvalley,22,2400,17.95,1.58,0.2846,5.2,0.46,1800,500,0.12,0.22
2025-07-16T22:15:00,sensor_failure,midvalley_02,Bridge Market Colony,33.36,75.71,midvalley,18,2200,15.87,1.43,0.2743,6.1,0.56,2500,300,0.14,0.2
2025-07-16T22:15:00,sensor_failure,midvalley_03,River Bend Settlement,33.37,75.66,midvalley,25,2300,16.87,1.54,0.2503,7.3,0.22,900,200,0.11,0.19
2025-07-16T22:15:00,sensor_failure,midvalley_04,Pilgrim Rest Camp,33.35,75.73,midvalley,15,2100,12.9,1.28,0.3155,3.8,0.52,600,2000,0.06,0.1
2025-07-16T22:15:00,sensor_failure,downstream_01,Riverside Colony,33.31,75.77,downstream,10,1800,12.8,1.43,,8.0,0.92,4200,400,0.15,0.25
2025-07-16T22:15:00,sensor_failure,downstream_02,Lower Falls Township,33.3,75.8,downstream,8,1700,16.47,1.34,0.3664,6.5,1.15,5500,250,0.16,0.24
2025-07-16T22:15:00,sensor_failure,downstream_03,Delta Market Village,33.29,75.75,downstream,12,1850,13.82,1.45,0.3062,5.0,0.63,3000,150,0.13,0.21
2025-07-16T22:15:00,sensor_failure,downstream_04,Flood Plain Hamlet,33.28,75.82,downstream,5,1600,,1.3,0.3331,9.2,0.46,2200,100,0.18,0.23
2025-07-16T22:30:00,sensor_failure,upstream_01,Glacier View Station,33.45,75.6,upstream,38,3200,19.97,1.68,0.2154,2.1,0.05,200,50,0.08,0.15
2025-07-16T22:30:00,sensor_failure,upstream_02,Pine Ridge Outpost,33.43,75.63,upstream,35,3050,29.41,2.02,0.2563,3.0,0.09,350,100,0.1,0.18
2025-07-16T22:30:00,sensor_failure,upstream_03,Eagle Cliff Village,33.41,75.58,upstream,42,3400,24.82,1.92,0.1964,4.5,0.03,120,30,0.12,0.2
2025-07-16T22:30:00,sensor_failure,upstream_04,Snowmelt Creek Base,33.44,75.65,upstream,30,2900,,1.76,0.3015,1.8,0.072,280,80,0.09,0.16
2025-07-16T22:30:00,sensor_failure,midvalley_01,Valley Temple Town,33.38,75.68,midvalley,22,2400,21.15,1.66,0.3109,5.2,0.46,1800,500,0.12,0.22
2025-07-16T22:30:00,sensor_failure,midvalley_02,Bridge Market Colony,33.36,75.71,midvalley,18,2200,21.01,1.6,0.3183,6.1,0.56,2500,300,0.14,0.2
2025-07-16T22:30:00,sensor_failure,midvalley_03,River Bend Settlement,33.37,75.66,midvalley,25,2300,,1.66,0.3106,7.3,0.22,900,200,0.11,0.19
2025-07-16T22:30:00,sensor_failure,midvalley_04,Pilgrim Rest Camp,33.35,75.73,midvalley,15,2100,20.49,,0.2995,3.8,0.52,600,2000,0.06,0.1
2025-07-16T22:30:00,sensor_failure,downstream_01,Riverside Colony,33.31,75.77,downstream,10,1800,15.27,1.39,0.3409,8.0,0.92,4200,400,0.15,0.25
2025-07-16T22:30:00,sensor_failure,downstream_02,Lower Falls Township,33.3,75.8,downstream,8,1700,16.59,1.46,,6.5,1.15,5500,250,0.16,0.24
2025-07-16T22:30:00,sensor_failure,downstream_03,Delta Market Village,33.29,75.75,downstream,12,1850,14.92,1.37,0.3246,5.0,0.63,3000,150,0.13,0.21
2025-07-16T22:30:00,sensor_failure,downstream_04,Flood Plain Hamlet,33.28,75.82,downstream,5,1600,11.92,1.23,0.363,9.2,0.46,2200,100,0.18,0.23
2025-07-16T22:45:00,sensor_failure,upstream_01,Glacier View Station,33.45,75.6,upstream,38,3200,25.83,1.98,0.2212,2.1,0.05,200,50,0.08,0.15
2025-07-16T22:45:00,sensor_failure,upstream_02,Pine Ridge Outpost,33.43,75.63,upstream,35,3050,20.94,1.7,0.2459,3.0,0.09,350,100,0.1,0.18
2025-07-16T22:45:00,sensor_failure,upstream_03,Eagle Cliff Village,33.41,75.58,upstream,42,3400,24.86,,0.2299,4.5,0.03,120,30,0.12,0.2
2025-07-16T22:45:00,sensor_failure,upstream_04,Snowmelt Creek Base,33.44,75.65,upstream,30,2900,22.36,1.77,0.2517,1.8,0.072,280,80,0.09,0.16
2025-07-16T22:45:00,sensor_failure,midvalley_01,Valley Temple Town,33.38,75.68,midvalley,22,2400,20.63,1.5,0.3058,5.2,0.46,1800,500,0.12,0.22
2025-07-16T22:45:00,sensor_failure,midvalley_02,Bridge Market Colony,33.36,75.71,midvalley,18,2200,17.51,1.44,0.3394,6.1,0.56,2500,300,0.14,0.2
2025-07-16T22:45:00,sensor_failure,midvalley_03,River Bend Settlement,33.37,75.66,midvalley,25,2300,22.7,1.48,0.3193,7.3,0.22,900,200,0.11,0.19
2025-07-16T22:45:00,sensor_failure,midvalley_04,Pilgrim Rest Camp,33.35,75.73,midvalley,15,2100,23.73,,0.3229,3.8,0.52,600,2000,0.06,0.1
2025-07-16T22:45:00,sensor_failure,downstream_01,Riverside Colony,33.31,75.77,downstream,10,1800,12.62,1.21,0.3551,8.0,0.92,4200,400,0.15,0.25
2025-07-16T22:45:00,sensor_failure,downstream_02,Lower Falls Township,33.3,75.8,downstream,8,1700,13.99,1.34,0.3699,6.5,1.15,5500,250,0.16,0.24
2025-07-16T22:45:00,sensor_failure,downstream_03,Delta Market Village,33.29,75.75,downstream,12,1850,16.53,1.36,,5.0,0.63,3000,150,0.13,0.21
2025-07-16T22:45:00,sensor_failure,downstream_04,Flood Plain Hamlet,33.28,75.82,downstream,5,1600,17.87,1.51,0.3552,9.2,0.46,2200,100,0.18,0.23
2025-07-16T23:00:00,sensor_failure,upstream_01,Glacier View Station,33.45,75.6,upstream,38,3200,23.73,1.96,0.2221,2.1,0.05,200,50,0.08,0.15
2025-07-16T23:00:00,sensor_failure,upstream_02,Pine Ridge Outpost,33.43,75.63,upstream,35,3050,25.28,1.83,0.2394,3.0,0.09,350,100,0.1,0.18
2025-07-16T23:00:00,sensor_failure,upstream_03,Eagle Cliff Village,33.41,75.58,upstream,42,3400,24.77,1.98,0.2362,4.5,0.03,120,30,0.12,0.2
2025-07-16T23:00:00,sensor_failure,upstream_04,Snowmelt Creek Base,33.44,75.65,upstream,30,2900,25.14,1.81,0.2675,1.8,0.072,280,80,0.09,0.16
2025-07-16T23:00:00,sensor_failure,midvalley_01,Valley Temple Town,33.38,75.68,midvalley,22,2400,23.85,1.41,0.322,5.2,0.46,1800,500,0.12,0.22
2025-07-16T23:00:00,sensor_failure,midvalley_02,Bridge Market Colony,33.36,75.71,midvalley,18,2200,19.94,1.58,0.3234,6.1,0.56,2500,300,0.14,0.2
2025-07-16T23:00:00,sensor_failure,midvalley_03,River Bend Settlement,33.37,75.66,midvalley,25,2300,18.76,1.56,0.2768,7.3,0.22,900,200,0.11,0.19
2025-07-16T23:00:00,sensor_failure,midvalley_04,Pilgrim Rest Camp,33.35,75.73,midvalley,15,2100,19.48,1.42,0.3862,3.8,0.52,600,2000,0.06,0.1
2025-07-16T23:00:00,sensor_failure,downstream_01,Riverside Colony,33.31,75.77,downstream,10,1800,11.22,1.31,0.3287,8.0,0.92,4200,400,0.15,0.25
2025-07-16T23:00:00,sensor_failure,downstream_02,Lower Falls Township,33.3,75.8,downstream,8,1700,18.4,1.38,0.3763,6.5,1.15,5500,250,0.16,0.24
2025-07-16T23:00:00,sensor_failure,downstream_03,Delta Market Village,33.29,75.75,downstream,12,1850,14.21,1.32,0.3376,5.0,0.63,3000,150,0.13,0.21
2025-07-16T23:00:00,sensor_failure,downstream_04,Flood Plain Hamlet,33.28,75.82,downstream,5,1600,12.58,1.26,0.3765,9.2,0.46,2200,100,0.18,0.23
2025-07-16T23:15:00,sensor_failure,upstream_01,Glacier View Station,33.45,75.6,upstream,38,3200,18.55,1.64,0.2489,2.1,0.05,200,50,0.08,0.15
2025-07-16T23:15:00,sensor_failure,upstream_02,Pine Ridge Outpost,33.43,75.63,upstream,35,3050,19.9,1.76,0.21,3.0,0.09,350,100,0.1,0.18
2025-07-16T23:15:00,sensor_failure,upstream_03,Eagle Cliff Village,33.41,75.58,upstream,42,3400,20.79,1.85,0.1813,4.5,0.03,120,30,0.12,0.2
2025-07-16T23:15:00,sensor_failure,upstream_04,Snowmelt Creek Base,33.44,75.65,upstream,30,2900,17.9,1.68,0.2744,1.8,0.072,280,80,0.09,0.16
2025-07-16T23:15:00,sensor_failure,midvalley_01,Valley Temple Town,33.38,75.68,midvalley,22,2400,16.06,1.71,0.2767,5.2,0.46,1800,500,0.12,0.22
2025-07-16T23:15:00,sensor_failure,midvalley_02,Bridge Market Colony,33.36,75.71,midvalley,18,2200,15.13,1.56,0.2919,6.1,0.56,2500,300,0.14,0.2
2025-07-16T23:15:00,sensor_failure,midvalley_03,River Bend Settlement,33.37,75.66,midvalley,25,2300,13.64,1.66,0.2563,7.3,0.22,900,200,0.11,0.19
2025-07-16T23:15:00,sensor_failure,midvalley_04,Pilgrim Rest Camp,33.35,75.73,midvalley,15,2100,17.01,1.58,0.3202,3.8,0.52,600,2000,0.06,0.1
2025-07-16T23:15:00,sensor_failure,downstream_01,Riverside Colony,33.31,75.77,downstream,10,1800,12.59,1.31,0.3632,8.0,0.92,4200,400,0.15,0.25
2025-07-16T23:15:00,sensor_failure,downstream_02,Lower Falls Township,33.3,75.8,downstream,8,1700,10.63,1.22,0.3676,6.5,1.15,5500,250,0.16,0.24
2025-07-16T23:15:00,sensor_failure,downstream_03,Delta Market Village,33.29,75.75,downstream,12,1850,12.72,1.39,0.3256,5.0,0.63,3000,150,0.13,0.21
2025-07-16T23:15:00,sensor_failure,downstream_04,Flood Plain Hamlet,33.28,75.82,downstream,5,1600,10.6,1.26,0.3666,9.2,0.46,2200,100,0.18,0.23
2025-07-16T23:30:00,sensor_failure,upstream_01,Glacier View Station,33.45,75.6,upstream,38,3200,,1.96,0.2402,2.1,0.05,200,50,0.08,0.15
2025-07-16T23:30:00,sensor_failure,upstream_02,Pine Ridge Outpost,33.43,75.63,upstream,35,3050,26.24,1.9,0.2517,3.0,0.09,350,100,0.1,0.18
2025-07-16T23:30:00,sensor_failure,upstream_03,Eagle Cliff Village,33.41,75.58,upstream,42,3400,22.41,2.03,0.2119,4.5,0.03,120,30,0.12,0.2
2025-07-16T23:30:00,sensor_failure,upstream_04,Snowmelt Creek Base,33.44,75.65,upstream,30,2900,25.72,1.88,0.2661,1.8,0.072,280,80,0.09,0.16
2025-07-16T23:30:00,sensor_failure,midvalley_01,Valley Temple Town,33.38,75.68,midvalley,22,2400,20.96,1.68,0.32,5.2,0.46,1800,500,0.12,0.22
2025-07-16T23:30:00,sensor_failure,midvalley_02,Bridge Market Colony,33.36,75.71,midvalley,18,2200,21.91,1.58,0.3162,6.1,0.56,2500,300,0.14,0.2
2025-07-16T23:30:00,sensor_failure,midvalley_03,River Bend Settlement,33.37,75.66,midvalley,25,2300,19.1,1.69,0.3049,7.3,0.22,900,200,0.11,0.19
2025-07-16T23:30:00,sensor_failure,midvalley_04,Pilgrim Rest Camp,33.35,75.73,midvalley,15,2100,19.72,1.65,0.3381,3.8,0.52,600,2000,0.06,0.1
2025-07-16T23:30:00,sensor_failure,downstream_01,Riverside Colony,33.31,75.77,downstream,10,1800,16.23,1.34,0.3545,8.0,0.92,4200,400,0.15,0.25
2025-07-16T23:30:00,sensor_failure,downstream_02,Lower Falls Township,33.3,75.8,downstream,8,1700,16.2,1.38,0.3419,6.5,1.15,5500,250,0.16,0.24
2025-07-16T23:30:00,sensor_failure,downstream_03,Delta Market Village,33.29,75.75,downstream,12,1850,17.08,1.44,0.3295,5.0,0.63,3000,150,0.13,0.21
2025-07-16T23:30:00,sensor_failure,downstream_04,Flood Plain Hamlet,33.28,75.82,downstream,5,1600,15.09,1.35,,9.2,0.46,2200,100,0.18,0.23
2025-07-16T23:45:00,sensor_failure,upstream_01,Glacier View Station,33.45,75.6,upstream,38,3200,21.6,1.86,0.2086,2.1,0.05,200,50,0.08,0.15
2025-07-16T23:45:00,sensor_failure,upstream_02,Pine Ridge Outpost,33.43,75.63,upstream,35,3050,19.92,1.74,0.2094,3.0,0.09,350,100,0.1,0.18
2025-07-16T23:45:00,sensor_failure,upstream_03,Eagle Cliff Village,33.41,75.58,upstream,42,3400,21.63,1.83,0.2253,4.5,0.03,120,30,0.12,0.2
2025-07-16T23:45:00,sensor_failure,upstream_04,Snowmelt Creek Base,33.44,75.65,upstream,30,2900,,1.67,0.2777,1.8,0.072,280,80,0.09,0.16
2025-07-16T23:45:00,sensor_failure,midvalley_01,Valley Temple Town,33.38,75.68,midvalley,22,2400,13.16,1.62,0.2713,5.2,0.46,1800,500,0.12,0.22
2025-07-16T23:45:00,sensor_failure,midvalley_02,Bridge Market Colony,33.36,75.71,midvalley,18,2200,13.22,1.61,0.2878,6.1,0.56,2500,300,0.14,0.2
2025-07-16T23:45:00,sensor_failure,midvalley_03,River Bend Settlement,33.37,75.66,midvalley,25,2300,16.7,1.73,0.2719,7.3,0.22,900,200,0.11,0.19
2025-07-16T23:45:00,sensor_failure,midvalley_04,Pilgrim Rest Camp,33.35,75.73,midvalley,15,2100,20.22,1.54,0.3436,3.8,0.52,600,2000,0.06,0.1
2025-07-16T23:45:00,sensor_failure,downstream_01,Riverside Colony,33.31,75.77,downstream,10,1800,13.58,1.41,0.3886,8.0,0.92,4200,400,0.15,0.25
2025-07-16T23:45:00,sensor_failure,downstream_02,Lower Falls Township,33.3,75.8,downstream,8,1700,12.4,1.36,0.3516,6.5,1.15,5500,250,0.16,0.24
2025-07-16T23:45:00,sensor_failure,downstream_03,Delta Market Village,33.29,75.75,downstream,12,1850,9.44,1.44,0.3131,5.0,0.63,3000,150,0.13,0.21
2025-07-16T23:45:00,sensor_failure,downstream_04,Flood Plain Hamlet,33.28,75.82,downstream,5,1600,13.05,1.33,0.3594,9.2,0.46,2200,100,0.18,0.23
2025-07-17T00:00:00,sensor_failure,upstream_01,Glacier View Station,33.45,75.6,upstream,38,3200,17.8,1.59,0.2132,2.1,0.05,200,50,0.08,0.15
2025-07-17T00:00:00,sensor_failure,upstream_02,Pine Ridge Outpost,33.43,75.63,upstream,35,3050,19.0,1.62,0.2356,3.0,0.09,350,100,0.1,0.18
2025-07-17T00:00:00,sensor_failure,upstream_03,Eagle Cliff Village,33.41,75.58,upstream,42,3400,21.13,1.77,0.2234,4.5,0.03,120,30,0.12,0.2
2025-07-17T00:00:00,sensor_failure,upstream_04,Snowmelt Creek Base,33.44,75.65,upstream,30,2900,19.98,1.73,0.2757,1.8,0.072,280,80,0.09,0.16
2025-07-17T00:00:00,sensor_failure,midvalley_01,Valley Temple Town,33.38,75.68,midvalley,22,2400,16.08,1.47,0.2974,5.2,0.46,1800,500,0.12,0.22
2025-07-17T00:00:00,sensor_failure,midvalley_02,Bridge Market Colony,33.36,75.71,midvalley,18,2200,15.18,1.47,0.2884,6.1,0.56,2500,300,0.14,0.2
2025-07-17T00:00:00,sensor_failure,midvalley_03,River Bend Settlement,33.37,75.66,midvalley,25,2300,12.91,1.54,0.2952,7.3,0.22,900,200,0.11,0.19
2025-07-17T00:00:00,sensor_failure,midvalley_04,Pilgrim Rest Camp,33.35,75.73,midvalley,15,2100,16.36,1.41,0.3414,3.8,0.52,600,2000,0.06,0.1
2025-07-17T00:00:00,sensor_failure,downstream_01,Riverside Colony,33.31,75.77,downstream,10,1800,11.36,1.53,,8.0,0.92,4200,400,0.15,0.25
2025-07-17T00:00:00,sensor_failure,downstream_02,Lower Falls Township,33.3,75.8,downstream,8,1700,11.57,1.46,0.3745,6.5,1.15,5500,250,0.16,0.24
2025-07-17T00:00:00,sensor_failure,downstream_03,Delta Market Village,33.29,75.75,downstream,12,1850,10.54,1.51,0.3486,5.0,0.63,3000,150,0.13,0.21
2025-07-17T00:00:00,sensor_failure,downstream_04,Flood Plain Hamlet,33.28,75.82,downstream,5,1600,11.07,1.48,0.3406,9.2,0.46,2200,100,0.18,0.23
2025-07-17T00:15:00,sensor_failure,upstream_01,Glacier View Station,33.45,75.6,upstream,38,3200,21.76,1.77,0.2147,2.1,0.05,200,50,0.08,0.15
2025-07-17T00:15:00,sensor_failure,upstream_02,Pine Ridge Outpost,33.43,75.63,upstream,35,3050,27.08,1.95,0.303,3.0,0.09,350,100,0.1,0.18
2025-07-17T00:15:00,sensor_failure,upstream_03,Eagle Cliff Village,33.41,75.58,upstream,42,3400,28.48,,0.2723,4.5,0.03,120,30,0.12,0.2
2025-07-17T00:15:00,sensor_failure,upstream_04,Snowmelt Creek Base,33.44,75.65,upstream,30,2900,28.02,1.93,,1.8,0.072,280,80,0.09,0.16
2025-07-17T00:15:00,sensor_failure,midvalley_01,Valley Temple Town,33.38,75.68,midvalley,22,2400,19.04,1.5,0.2829,5.2,0.46,1800,500,0.12,0.22
2025-07-17T00:15:00,sensor_failure,midvalley_02,Bridge Market Colony,33.36,75.71,midvalley,18,2200,21.15,1.57,,6.1,0.56,2500,300,0.14,0.2
2025-07-17T00:15:00,sensor_failure,midvalley_03,River Bend Settlement,33.37,75.66,midvalley,25,2300,18.08,1.66,0.2949,7.3,0.22,900,200,0.11,0.19
2025-07-17T00:15:00,sensor_failure,midvalley_04,Pilgrim Rest Camp,33.35,75.73,midvalley,15,2100,25.36,1.52,0.3461,3.8,0.52,600,2000,0.06,0.1
2025-07-17T00:15:00,sensor_failure,downstream_01,Riverside Colony,33.31,75.77,downstream,10,1800,14.79,1.54,0.3369,8.0,0.92,4200,400,0.15,0.25
2025-07-17T00:15:00,sensor_failure,downstream_02,Lower Falls Township,33.3,75.8,downstream,8,1700,17.18,1.51,0.3218,6.5,1.15,5500,250,0.16,0.24
2025-07-17T00:15:00,sensor_failure,downstream_03,Delta Market Village,33.29,75.75,downstream,12,1850,16.65,1.5,0.3466,5.0,0.63,3000,150,0.13,0.21
2025-07-17T00:15:00,sensor_failure,downstream_04,Flood Plain Hamlet,33.28,75.82,downstream,5,1600,16.84,1.46,0.3695,9.2,0.46,2200,100,0.18,0.23
2025-07-17T00:30:00,sensor_failure,upstream_01,Glacier View Station,33.45,75.6,upstream,38,3200,23.02,1.91,0.2169,2.1,0.05,200,50,0.08,0.15
2025-07-17T00:30:00,sensor_failure,upstream_02,Pine Ridge Outpost,33.43,75.63,upstream,35,3050,22.01,1.79,0.2649,3.0,0.09,350,100,0.1,0.18
2025-07-17T00:30:00,sensor_failure,upstream_03,Eagle Cliff Village,33.41,75.58,upstream,42,3400,18.49,1.71,0.1955,4.5,0.03,120,30,0.12,0.2
2025-07-17T00:30:00,sensor_failure,upstream_04,Snowmelt Creek Base,33.44,75.65,upstream,30,2900,20.92,1.78,0.226,1.8,0.072,280,80,0.09,0.16
2025-07-17T00:30:00,sensor_failure,midvalley_01,Valley Temple Town,33.38,75.68,midvalley,22,2400,17.0,1.48,0.3055,5.2,0.46,1800,500,0.12,0.22
2025-07-17T00:30:00,sensor_failure,midvalley_02,Bridge Market Colony,33.36,75.71,midvalley,18,2200,16.73,1.5,0.304,6.1,0.56,2500,300,0.14,0.2
2025-07-17T00:30:00,sensor_failure,midvalley_03,River Bend Settlement,33.37,75.66,midvalley,25,2300,17.38,1.49,,7.3,0.22,900,200,0.11,0.19
2025-07-17T00:30:00,sensor_failure,midvalley_04,Pilgrim Rest Camp,33.35,75.73,midvalley,15,2100,18.97,1.4,0.3524,3.8,0.52,600,2000,0.06,0.1
2025-07-17T00:30:00,sensor_failure,downstream_01,Riverside Colony,33.31,75.77,downstream,10,1800,13.56,1.53,0.333,8.0,0.92,4200,400,0.15,0.25
2025-07-17T00:30:00,sensor_failure,downstream_02,Lower Falls Township,33.3,75.8,downstream,8,1700,13.72,1.44,0.36,6.5,1.15,5500,250,0.16,0.24
2025-07-17T00:30:00,sensor_failure,downstream_03,Delta Market Village,33.29,75.75,downstream,12,1850,17.36,1.59,0.3701,5.0,0.63,3000,150,0.13,0.21
2025-07-17T00:30:00,sensor_failure,downstream_04,Flood Plain Hamlet,33.28,75.82,downstream,5,1600,16.15,1.41,0.3772,9.2,0.46,2200,100,0.18,0.23
2025-07-17T00:45:00,sensor_failure,upstream_01,Glacier View Station,33.45,75.6,upstream,38,3200,,1.81,0.222,2.1,0.05,200,50,0.08,0.15
2025-07-17T00:45:00,sensor_failure,upstream_02,Pine Ridge Outpost,33.43,75.63,upstream,35,3050,22.16,1.74,0.2351,3.0,0.09,350,100,0.1,0.18
2025-07-17T00:45:00,sensor_failure,upstream_03,Eagle Cliff Village,33.41,75.58,upstream,42,3400,25.65,,0.2091,4.5,0.03,120,30,0.12,0.2
2025-07-17T00:45:00,sensor_failure,upstream_04,Snowmelt Creek Base,33.44,75.65,upstream,30,2900,25.72,1.82,0.2978,1.8,0.072,280,80,0.09,0.16
2025-07-17T00:45:00,sensor_failure,midvalley_01,Valley Temple Town,33.38,75.68,midvalley,22,2400,23.1,1.44,0.3077,5.2,0.46,1800,500,0.12,0.22
2025-07-17T00:45:00,sensor_failure,midvalley_02,Bridge Market Colony,33.36,75.71,midvalley,18,2200,15.87,1.35,0.3164,6.1,0.56,2500,300,0.14,0.2
2025-07-17T00:45:00,sensor_failure,midvalley_03,River Bend Settlement,33.37,75.66,midvalley,25,2300,20.82,1.45,0.2431,7.3,0.22,900,200,0.11,0.19
2025-07-17T00:45:00,sensor_failure,midvalley_04,Pilgrim Rest Camp,33.35,75.73,midvalley,15,2100,21.82,1.45,0.3434,3.8,0.52,600,2000,0.06,0.1
2025-07-17T00:45:00,sensor_failure,downstream_01,Riverside Colony,33.31,75.77,downstream,10,1800,13.59,1.41,0.3422,8.0,0.92,4200,400,0.15,0.25
2025-07-17T00:45:00,sensor_failure,downstream_02,Lower Falls Township,33.3,75.8,downstream,8,1700,18.82,1.38,0.3531,6.5,1.15,5500,250,0.16,0.24
2025-07-17T00:45:00,sensor_failure,downstream_03,Delta Market Village,33.29,75.75,downstream,12,1850,13.8,1.39,,5.0,0.63,3000,150,0.13,0.21
2025-07-17T00:45:00,sensor_failure,downstream_04,Flood Plain Hamlet,33.28,75.82,downstream,5,1600,13.93,1.33,0.3376,9.2,0.46,2200,100,0.18,0.23
2025-07-17T01:00:00,sensor_failure,upstream_01,Glacier View Station,33.45,75.6,upstream,38,3200,28.32,2.08,,2.1,0.05,200,50,0.08,0.15
2025-07-17T01:00:00,sensor_failure,upstream_02,Pine Ridge Outpost,33.43,75.63,upstream,35,3050,31.6,2.13,0.2801,3.0,0.09,350,100,0.1,0.18
2025-07-17T01:00:00,sensor_failure,upstream_03,Eagle Cliff Village,33.41,75.58,upstream,42,3400,29.63,2.19,0.2075,4.5,0.03,120,30,0.12,0.2
2025-07-17T01:00:00,sensor_failure,upstream_04,Snowmelt Creek Base,33.44,75.65,upstream,30,2900,30.11,1.91,0.2797,1.8,0.072,280,80,0.09,0.16
2025-07-17T01:00:00,sensor_failure,midvalley_01,Valley Temple Town,33.38,75.68,midvalley,22,2400,20.47,1.67,0.2967,5.2,0.46,1800,500,0.12,0.22
2025-07-17T01:00:00,sensor_failure,midvalley_02,Bridge Market Colony,33.36,75.71,midvalley,18,2200,28.74,1.65,0.3602,6.1,0.56,2500,300,0.14,0.2
2025-07-17T01:00:00,sensor_failure,midvalley_03,River Bend Settlement,33.37,75.66,midvalley,25,2300,23.12,1.68,0.2801,7.3,0.22,900,200,0.11,0.19
2025-07-17T01:00:00,sensor_failure,midvalley_04,Pilgrim Rest Camp,33.35,75.73,midvalley,15,2100,21.97,1.66,0.35,3.8,0.52,600,2000,0.06,0.1
2025-07-17T01:00:00,sensor_failure,downstream_01,Riverside Colony,33.31,75.77,downstream,10,1800,19.01,1.6,0.3693,8.0,0.92,4200,400,0.15,0.25
2025-07-17T01:00:00,sensor_failure,downstream_02,Lower Falls Township,33.3,75.8,downstream,8,1700,18.14,1.54,0.3461,6.5,1.15,5500,250,0.16,0.24
2025-07-17T01:00:00,sensor_failure,downstream_03,Delta Market Village,33.29,75.75,downstream,12,1850,17.67,1.54,0.3481,5.0,0.63,3000,150,0.13,0.21
2025-07-17T01:00:00,sensor_failure,downstream_04,Flood Plain Hamlet,33.28,75.82,downstream,5,1600,16.55,1.54,0.3988,9.2,0.46,2200,100,0.18,0.23
2025-07-17T01:15:00,sensor_failure,upstream_01,Glacier View Station,33.45,75.6,upstream,38,3200,26.73,2.04,0.2179,2.1,0.05,200,50,0.08,0.15
2025-07-17T01:15:00,sensor_failure,upstream_02,Pine Ridge Outpost,33.43,75.63,upstream,35,3050,27.49,2.02,0.2552,3.0,0.09,350,100,0.1,0.18
2025-07-17T01:15:00,sensor_failure,upstream_03,Eagle Cliff Village,33.41,75.58,upstream,42,3400,27.83,2.08,0.2503,4.5,0.03,120,30,0.12,0.2
2025-07-17T01:15:00,sensor_failure,upstream_04,Snowmelt Creek Base,33.44,75.65,upstream,30,2900,27.68,1.91,0.2818,1.8,0.072,280,80,0.09,0.16
2025-07-17T01:15:00,sensor_failure,midvalley_01,Valley Temple Town,33.38,75.68,midvalley,22,2400,20.99,1.54,,5.2,0.46,1800,500,0.12,0.22
2025-07-17T01:15:00,sensor_failure,midvalley_02,Bridge Market Colony,33.36,75.71,midvalley,18,2200,21.48,1.47,0.2864,6.1,0.56,2500,300,0.14,0.2
2025-07-17T01:15:00,sensor_failure,midvalley_03,River Bend Settlement,33.37,75.66,midvalley,25,2300,22.63,,0.325,7.3,0.22,900,200,0.11,0.19
2025-07-17T01:15:00,sensor_failure,midvalley_04,Pilgrim Rest Camp,33.35,75.73,midvalley,15,2100,23.15,1.52,0.3267,3.8,0.52,600,2000,0.06,0.1
2025-07-17T01:15:00,sensor_failure,downstream_01,Riverside Colony,33.31,75.77,downstream,10,1800,18.4,1.36,0.3449,8.0,0.92,4200,400,0.15,0.25
2025-07-17T01:15:00,sensor_failure,downstream_02,Lower Falls Township,33.3,75.8,downstream,8,1700,15.74,,0.356,6.5,1.15,5500,250,0.16,0.24
2025-07-17T01:15:00,sensor_failure,downstream_03,Delta Market Village,33.29,75.75,downstream,12,1850,19.28,1.36,,5.0,0.63,3000,150,0.13,0.21
2025-07-17T01:15:00,sensor_failure,downstream_04,Flood Plain Hamlet,33.28,75.82,downstream,5,1600,16.24,,0.3517,9.2,0.46,2200,100,0.18,0.23
2025-07-17T01:30:00,sensor_failure,upstream_01,Glacier View Station,33.45,75.6,upstream,38,3200,24.95,1.88,0.2365,2.1,0.05,200,50,0.08,0.15
2025-07-17T01:30:00,sensor_failure,upstream_02,Pine Ridge Outpost,33.43,75.63,upstream,35,3050,25.19,1.92,0.245,3.0,0.09,350,100,0.1,0.18
2025-07-17T01:30:00,sensor_failure,upstream_03,Eagle Cliff Village,33.41,75.58,upstream,42,3400,21.52,1.81,0.2023,4.5,0.03,120,30,0.12,0.2
2025-07-17T01:30:00,sensor_failure,upstream_04,Snowmelt Creek Base,33.44,75.65,upstream,30,2900,24.57,1.86,,1.8,0.072,280,80,0.09,0.16
2025-07-17T01:30:00,sensor_failure,midvalley_01,Valley Temple Town,33.38,75.68,midvalley,22,2400,18.75,1.66,0.3104,5.2,0.46,1800,500,0.12,0.22
2025-07-17T01:30:00,sensor_failure,midvalley_02,Bridge Market Colony,33.36,75.71,midvalley,18,2200,20.45,1.58,0.3229,6.1,0.56,2500,300,0.14,0.2
2025-07-17T01:30:00,sensor_failure,midvalley_03,River Bend Settlement,33.37,75.66,midvalley,25,2300,20.35,1.57,,7.3,0.22,900,200,0.11,0.19
2025-07-17T01:30:00,sensor_failure,midvalley_04,Pilgrim Rest Camp,33.35,75.73,midvalley,15,2100,17.07,,0.3529,3.8,0.52,600,2000,0.06,0.1
2025-07-17T01:30:00,sensor_failure,downstream_01,Riverside Colony,33.31,75.77,downstream,10,1800,13.8,1.4,0.3665,8.0,0.92,4200,400,0.15,0.25
2025-07-17T01:30:00,sensor_failure,downstream_02,Lower Falls Township,33.3,75.8,downstream,8,1700,13.41,1.34,0.3474,6.5,1.15,5500,250,0.16,0.24
2025-07-17T01:30:00,sensor_failure,downstream_03,Delta Market Village,33.29,75.75,downstream,12,1850,15.54,1.41,0.3558,5.0,0.63,3000,150,0.13,0.21
2025-07-17T01:30:00,sensor_failure,downstream_04,Flood Plain Hamlet,33.28,75.82,downstream,5,1600,14.12,1.37,0.3441,9.2,0.46,2200,100,0.18,0.23
2025-07-17T01:45:00,sensor_failure,upstream_01,Glacier View Station,33.45,75.6,upstream,38,3200,23.02,1.76,0.248,2.1,0.05,200,50,0.08,0.15
2025-07-17T01:45:00,sensor_failure,upstream_02,Pine Ridge Outpost,33.43,75.63,upstream,35,3050,26.5,1.98,0.2815,3.0,0.09,350,100,0.1,0.18
2025-07-17T01:45:00,sensor_failure,upstream_03,Eagle Cliff Village,33.41,75.58,upstream,42,3400,28.96,2.09,0.2322,4.5,0.03,120,30,0.12,0.2
2025-07-17T01:45:00,sensor_failure,upstream_04,Snowmelt Creek Base,33.44,75.65,upstream,30,2900,30.1,2.02,0.3029,1.8,0.072,280,80,0.09,0.16
2025-07-17T01:45:00,sensor_failure,midvalley_01,Valley Temple Town,33.38,75.68,midvalley,22,2400,20.64,1.77,0.3057,5.2,0.46,1800,500,0.12,0.22
2025-07-17T01:45:00,sensor_failure,midvalley_02,Bridge Market Colony,33.36,75.71,midvalley,18,2200,20.57,1.65,0.3149,6.1,0.56,2500,300,0.14,0.2
2025-07-17T01:45:00,sensor_failure,midvalley_03,River Bend Settlement,33.37,75.66,midvalley,25,2300,19.87,1.8,0.2846,7.3,0.22,900,200,0.11,0.19
2025-07-17T01:45:00,sensor_failure,midvalley_04,Pilgrim Rest Camp,33.35,75.73,midvalley,15,2100,24.22,1.69,0.309,3.8,0.52,600,2000,0.06,0.1
2025-07-17T01:45:00,sensor_failure,downstream_01,Riverside Colony,33.31,75.77,downstream,10,1800,12.62,1.58,0.3531,8.0,0.92,4200,400,0.15,0.25
2025-07-17T01:45:00,sensor_failure,downstream_02,Lower Falls Township,33.3,75.8,downstream,8,1700,16.59,1.51,0.3222,6.5,1.15,5500,250,0.16,0.24
2025-07-17T01:45:00,sensor_failure,downstream_03,Delta Market Village,33.29,75.75,downstream,12,1850,16.18,1.64,0.3314,5.0,0.63,3000,150,0.13,0.21
2025-07-17T01:45:00,sensor_failure,downstream_04,Flood Plain Hamlet,33.28,75.82,downstream,5,1600,17.86,1.51,0.3584,9.2,0.46,2200,100,0.18,0.23
2025-07-17T02:00:00,sensor_failure,upstream_01,Glacier View Station,33.45,75.6,upstream,38,3200,23.57,1.83,0.2552,2.1,0.05,200,50,0.08,0.15
2025-07-17T02:00:00,sensor_failure,upstream_02,Pine Ridge Outpost,33.43,75.63,upstream,35,3050,22.67,1.82,0.2394,3.0,0.09,350,100,0.1,0.18
2025-07-17T02:00:00,sensor_failure,upstream_03,Eagle Cliff Village,33.41,75.58,upstream,42,3400,25.3,1.95,0.2127,4.5,0.03,120,30,0.12,0.2
2025-07-17T02:00:00,sensor_failure,upstream_04,Snowmelt Creek Base,33.44,75.65,upstream,30,2900,29.42,1.84,0.2891,1.8,0.072,280,80,0.09,0.16
2025-07-17T02:00:00,sensor_failure,midvalley_01,Valley Temple Town,33.38,75.68,midvalley,22,2400,21.15,1.72,0.2839,5.2,0.46,1800,500,0.12,0.22
2025-07-17T02:00:00,sensor_failure,midvalley_02,Bridge Market Colony,33.36,75.71,midvalley,18,2200,18.83,1.68,0.3069,6.1,0.56,2500,300,0.14,0.2
2025-07-17T02:00:00,sensor_failure,midvalley_03,River Bend Settlement,33.37,75.66,midvalley,25,2300,,1.69,0.3129,7.3,0.22,900,200,0.11,0.19
2025-07-17T02:00:00,sensor_failure,midvalley_04,Pilgrim Rest Camp,33.35,75.73,midvalley,15,2100,20.74,1.63,0.3554,3.8,0.52,600,2000,0.06,0.1
2025-07-17T02:00:00,sensor_failure,downstream_01,Riverside Colony,33.31,75.77,downstream,10,1800,14.84,1.57,0.2927,8.0,0.92,4200,400,0.15,0.25
2025-07-17T02:00:00,sensor_failure,downstream_02,Lower Falls Township,33.3,75.8,downstream,8,1700,,1.46,0.362,6.5,1.15,5500,250,0.16,0.24
2025-07-17T02:00:00,sensor_failure,downstream_03,Delta Market Village,33.29,75.75,downstream,12,1850,13.14,1.46,0.3352,5.0,0.63,3000,150,0.13,0.21
2025-07-17T02:00:00,sensor_failure,downstream_04,Flood Plain Hamlet,33.28,75.82,downstream,5,1600,14.75,1.4,0.3227,9.2,0.46,2200,100,0.18,0.23
2025-07-17T02:15:00,sensor_failure,upstream_01,Glacier View Station,33.45,75.6,upstream,38,3200,31.08,2.12,0.2318,2.1,0.05,200,50,0.08,0.15
2025-07-17T02:15:00,sensor_failure,upstream_02,Pine Ridge Outpost,33.43,75.63,upstream,35,3050,26.04,2.02,0.2637,3.0,0.09,350,100,0.1,0.18
2025-07-17T02:15:00,sensor_failure,upstream_03,Eagle Cliff Village,33.41,75.58,upstream,42,3400,23.09,1.91,0.2041,4.5,0.03,120,30,0.12,0.2
2025-07-17T02:15:00,sensor_failure,upstream_04,Snowmelt Creek Base,33.44,75.65,upstream,30,2900,29.34,1.96,0.3016,1.8,0.072,280,80,0.09,0.16
2025-07-17T02:15:00,sensor_failure,midvalley_01,Valley Temple Town,33.38,75.68,midvalley,22,2400,20.8,1.63,0.2856,5.2,0.46,1800,500,0.12,0.22
2025-07-17T02:15:00,sensor_failure,midvalley_02,Bridge Market Colony,33.36,75.71,midvalley,18,2200,22.31,1.58,0.3209,6.1,0.56,2500,300,0.14,0.2
2025-07-17T02:15:00,sensor_failure,midvalley_03,River Bend Settlement,33.37,75.66,midvalley,25,2300,22.64,1.57,0.3014,7.3,0.22,900,200,0.11,0.19
2025-07-17T02:15:00,sensor_failure,midvalley_04,Pilgrim Rest Camp,33.35,75.73,midvalley,15,2100,19.93,1.51,0.3042,3.8,0.52,600,2000,0.06,0.1
2025-07-17T02:15:00,sensor_failure,downstream_01,Riverside Colony,33.31,75.77,downstream,10,1800,13.88,1.41,0.3269,8.0,0.92,4200,400,0.15,0.25
2025-07-17T02:15:00,sensor_failure,downstream_02,Lower Falls Township,33.3,75.8,downstream,8,1700,18.75,1.49,0.3755,6.5,1.15,5500,250,0.16,0.24
2025-07-17T02:15:00,sensor_failure,downstream_03,Delta Market Village,33.29,75.75,downstream,12,1850,17.09,1.56,0.3249,5.0,0.63,3000,150,0.13,0.21
2025-07-17T02:15:00,sensor_failure,downstream_04,Flood Plain Hamlet,33.28,75.82,downstream,5,1600,13.61,1.49,0.373,9.2,0.46,2200,100,0.18,0.23
2025-07-17T02:30:00,sensor_failure,upstream_01,Glacier View Station,33.45,75.6,upstream,38,3200,33.82,2.28,0.2375,2.1,0.05,200,50,0.08,0.15
2025-07-17T02:30:00,sensor_failure,upstream_02,Pine Ridge Outpost,33.43,75.63,upstream,35,3050,30.87,2.13,,3.0,0.09,350,100,0.1,0.18
2025-07-17T02:30:00,sensor_failure,upstream_03,Eagle Cliff Village,33.41,75.58,upstream,42,3400,24.49,2.01,0.2061,4.5,0.03,120,30,0.12,0.2
2025-07-17T02:30:00,sensor_failure,upstream_04,Snowmelt Creek Base,33.44,75.65,upstream,30,2900,28.35,1.9,0.2486,1.8,0.072,280,80,0.09,0.16
2025-07-17T02:30:00,sensor_failure,midvalley_01,Valley Temple Town,33.38,75.68,midvalley,22,2400,26.59,1.59,,5.2,0.46,1800,500,0.12,0.22
2025-07-17T02:30:00,sensor_failure,midvalley_02,Bridge Market Colony,33.36,75.71,midvalley,18,2200,20.88,1.66,0.3043,6.1,0.56,2500,300,0.14,0.2
2025-07-17T02:30:00,sensor_failure,midvalley_03,River Bend Settlement,33.37,75.66,midvalley,25,2300,23.53,1.69,0.3359,7.3,0.22,900,200,0.11,0.19
2025-07-17T02:30:00,sensor_failure,midvalley_04,Pilgrim Rest Camp,33.35,75.73,midvalley,15,2100,23.45,1.61,0.3391,3.8,0.52,600,2000,0.06,0.1
2025-07-17T02:30:00,sensor_failure,downstream_01,Riverside Colony,33.31,75.77,downstream,10,1800,17.82,1.59,0.337,8.0,0.92,4200,400,0.15,0.25
2025-07-17T02:30:00,sensor_failure,downstream_02,Lower Falls Township,33.3,75.8,downstream,8,1700,15.19,1.56,0.336,6.5,1.15,5500,250,0.16,0.24
2025-07-17T02:30:00,sensor_failure,downstream_03,Delta Market Village,33.29,75.75,downstream,12,1850,,1.59,0.3423,5.0,0.63,3000,150,0.13,0.21
2025-07-17T02:30:00,sensor_failure,downstream_04,Flood Plain Hamlet,33.28,75.82,downstream,5,1600,16.54,1.49,0.3976,9.2,0.46,2200,100,0.18,0.23
2025-07-17T02:45:00,sensor_failure,upstream_01,Glacier View Station,33.45,75.6,upstream,38,3200,21.28,,0.235,2.1,0.05,200,50,0.08,0.15
2025-07-17T02:45:00,sensor_failure,upstream_02,Pine Ridge Outpost,33.43,75.63,upstream,35,3050,24.95,1.84,0.2534,3.0,0.09,350,100,0.1,0.18
2025-07-17T02:45:00,sensor_failure,upstream_03,Eagle Cliff Village,33.41,75.58,upstream,42,3400,23.41,1.88,0.21,4.5,0.03,120,30,0.12,0.2
2025-07-17T02:45:00,sensor_failure,upstream_04,Snowmelt Creek Base,33.44,75.65,upstream,30,2900,23.45,1.75,0.2381,1.8,0.072,280,80,0.09,0.16
2025-07-17T02:45:00,sensor_failure,midvalley_01,Valley Temple Town,33.38,75.68,midvalley,22,2400,18.1,1.64,0.2892,5.2,0.46,1800,500,0.12,0.22
2025-07-17T02:45:00,sensor_failure,midvalley_02,Bridge Market Colony,33.36,75.71,midvalley,18,2200,21.56,1.54,0.3046,6.1,0.56,2500,300,0.14,0.2
2025-07-17T02:45:00,sensor_failure,midvalley_03,River Bend Settlement,33.37,75.66,midvalley,25,2300,18.15,,0.2634,7.3,0.22,900,200,0.11,0.19
2025-07-17T02:45:00,sensor_failure,midvalley_04,Pilgrim Rest Camp,33.35,75.73,midvalley,15,2100,20.72,1.53,0.3397,3.8,0.52,600,2000,0.06,0.1
2025-07-17T02:45:00,sensor_failure,downstream_01,Riverside Colony,33.31,75.77,downstream,10,1800,15.02,1.54,0.3111,8.0,0.92,4200,400,0.15,0.25
2025-07-17T02:45:00,sensor_failure,downstream_02,Lower Falls Township,33.3,75.8,downstream,8,1700,11.26,1.57,0.313,6.5,1.15,5500,250,0.16,0.24
2025-07-17T02:45:00,sensor_failure,downstream_03,Delta Market Village,33.29,75.75,downstream,12,1850,,1.48,0.3533,5.0,0.63,3000,150,0.13,0.21
2025-07-17T02:45:00,sensor_failure,downstream_04,Flood Plain Hamlet,33.28,75.82,downstream,5,1600,11.56,1.4,0.3527,9.2,0.46,2200,100,0.18,0.23
2025-07-17T03:00:00,sensor_failure,upstream_01,Glacier View Station,33.45,75.6,upstream,38,3200,24.06,1.84,,2.1,0.05,200,50,0.08,0.15
2025-07-17T03:00:00,sensor_failure,upstream_02,Pine Ridge Outpost,33.43,75.63,upstream,35,3050,20.95,1.82,0.2652,3.0,0.09,350,100,0.1,0.18
2025-07-17T03:00:00,sensor_failure,upstream_03,Eagle Cliff Village,33.41,75.58,upstream,42,3400,24.19,1.95,,4.5,0.03,120,30,0.12,0.2
2025-07-17T03:00:00,sensor_failure,upstream_04,Snowmelt Creek Base,33.44,75.65,upstream,30,2900,21.64,1.74,0.2636,1.8,0.072,280,80,0.09,0.16
2025-07-17T03:00:00,sensor_failure,midvalley_01,Valley Temple Town,33.38,75.68,midvalley,22,2400,21.34,1.63,0.3129,5.2,0.46,1800,500,0.12,0.22
2025-07-17T03:00:00,sensor_failure,midvalley_02,Bridge Market Colony,33.36,75.71,midvalley,18,2200,21.08,1.56,0.3121,6.1,0.56,2500,300,0.14,0.2
2025-07-17T03:00:00,sensor_failure,midvalley_03,River Bend Settlement,33.37,75.66,midvalley,25,2300,,1.65,0.2946,7.3,0.22,900,200,0.11,0.19
2025-07-17T03:00:00,sensor_failure,midvalley_04,Pilgrim Rest Camp,33.35,75.73,midvalley,15,2100,20.79,1.5,,3.8,0.52,600,2000,0.06,0.1
2025-07-17T03:00:00,sensor_failure,downstream_01,Riverside Colony,33.31,75.77,downstream,10,1800,10.71,1.38,0.3055,8.0,0.92,4200,400,0.15,0.25
2025-07-17T03:00:00,sensor_failure,downstream_02,Lower Falls Township,33.3,75.8,downstream,8,1700,16.09,1.49,0.3287,6.5,1.15,5500,250,0.16,0.24
2025-07-17T03:00:00,sensor_failure,downstream_03,Delta Market Village,33.29,75.75,downstream,12,1850,13.4,1.52,0.2923,5.0,0.63,3000,150,0.13,0.21
2025-07-17T03:00:00,sensor_failure,downstream_04,Flood Plain Hamlet,33.28,75.82,downstream,5,1600,,1.44,0.3435,9.2,0.46,2200,100,0.18,0.23
2025-07-17T03:15:00,sensor_failure,upstream_01,Glacier View Station,33.45,75.6,upstream,38,3200,23.63,1.86,0.207,2.1,0.05,200,50,0.08,0.15
2025-07-17T03:15:00,sensor_failure,upstream_02,Pine Ridge Outpost,33.43,75.63,upstream,35,3050,,1.79,0.2802,3.0,0.09,350,100,0.1,0.18
2025-07-17T03:15:00,sensor_failure,upstream_03,Eagle Cliff Village,33.41,75.58,upstream,42,3400,24.86,2.0,0.1937,4.5,0.03,120,30,0.12,0.2
2025-07-17T03:15:00,sensor_failure,upstream_04,Snowmelt Creek Base,33.44,75.65,upstream,30,2900,26.03,,0.2667,1.8,0.072,280,80,0.09,0.16
2025-07-17T03:15:00,sensor_failure,midvalley_01,Valley Temple Town,33.38,75.68,midvalley,22,2400,22.06,1.77,0.3488,5.2,0.46,1800,500,0.12,0.22
2025-07-17T03:15:00,sensor_failure,midvalley_02,Bridge Market Colony,33.36,75.71,midvalley,18,2200,21.6,,0.3048,6.1,0.56,2500,300,0.14,0.2
2025-07-17T03:15:00,sensor_failure,midvalley_03,River Bend Settlement,33.37,75.66,midvalley,25,2300,20.24,1.71,,7.3,0.22,900,200,0.11,0.19
2025-07-17T03:15:00,sensor_failure,midvalley_04,Pilgrim Rest Camp,33.35,75.73,midvalley,15,2100,20.54,1.67,0.352,3.8,0.52,600,2000,0.06,0.1
2025-07-17T03:15:00,sensor_failure,downstream_01,Riverside Colony,33.31,75.77,downstream,10,1800,16.95,1.56,,8.0,0.92,4200,400,0.15,0.25
2025-07-17T03:15:00,sensor_failure,downstream_02,Lower Falls Township,33.3,75.8,downstream,8,1700,14.76,1.53,0.3585,6.5,1.15,5500,250,0.16,0.24
2025-07-17T03:15:00,sensor_failure,downstream_03,Delta Market Village,33.29,75.75,downstream,12,1850,16.8,1.49,0.3635,5.0,0.63,3000,150,0.13,0.21
2025-07-17T03:15:00,sensor_failure,downstream_04,Flood Plain Hamlet,33.28,75.82,downstream,5,1600,15.39,1.48,0.3676,9.2,0.46,2200,100,0.18,0.23
2025-07-17T03:30:00,sensor_failure,upstream_01,Glacier View Station,33.45,75.6,upstream,38,3200,26.55,2.06,0.2163,2.1,0.05,200,50,0.08,0.15
2025-07-17T03:30:00,sensor_failure,upstream_02,Pine Ridge Outpost,33.43,75.63,upstream,35,3050,25.87,1.93,0.2611,3.0,0.09,350,100,0.1,0.18
2025-07-17T03:30:00,sensor_failure,upstream_03,Eagle Cliff Village,33.41,75.58,upstream,42,3400,,2.08,0.2249,4.5,0.03,120,30,0.12,0.2
2025-07-17T03:30:00,sensor_failure,upstream_04,Snowmelt Creek Base,33.44,75.65,upstream,30,2900,27.24,1.95,0.2692,1.8,0.072,280,80,0.09,0.16
2025-07-17T03:30:00,sensor_failure,midvalley_01,Valley Temple Town,33.38,75.68,midvalley,22,2400,17.09,,0.3043,5.2,0.46,1800,500,0.12,0.22
2025-07-17T03:30:00,sensor_failure,midvalley_02,Bridge Market Colony,33.36,75.71,midvalley,18,2200,20.07,1.53,0.3529,6.1,0.56,2500,300,0.14,0.2
2025-07-17T03:30:00,sensor_failure,midvalley_03,River Bend Settlement,33.37,75.66,midvalley,25,2300,20.37,1.49,0.2985,7.3,0.22,900,200,0.11,0.19
2025-07-17T03:30:00,sensor_failure,midvalley_04,Pilgrim Rest Camp,33.35,75.73,midvalley,15,2100,20.57,1.39,0.3374,3.8,0.52,600,2000,0.06,0.1
2025-07-17T03:30:00,sensor_failure,downstream_01,Riverside Colony,33.31,75.77,downstream,10,1800,15.77,,0.3198,8.0,0.92,4200,400,0.15,0.25
2025-07-17T03:30:00,sensor_failure,downstream_02,Lower Falls Township,33.3,75.8,downstream,8,1700,12.41,1.5,0.3431,6.5,1.15,5500,250,0.16,0.24
2025-07-17T03:30:00,sensor_failure,downstream_03,Delta Market Village,33.29,75.75,downstream,12,1850,12.77,1.57,0.319,5.0,0.63,3000,150,0.13,0.21
2025-07-17T03:30:00,sensor_failure,downstream_04,Flood Plain Hamlet,33.28,75.82,downstream,5,1600,11.25,1.49,0.3337,9.2,0.46,2200,100,0.18,0.23
2025-07-17T03:45:00,sensor_failure,upstream_01,Glacier View Station,33.45,75.6,upstream,38,3200,19.26,1.69,0.2442,2.1,0.05,200,50,0.08,0.15
2025-07-17T03:45:00,sensor_failure,upstream_02,Pine Ridge Outpost,33.43,75.63,upstream,35,3050,16.99,1.59,0.2458,3.0,0.09,350,100,0.1,0.18
2025-07-17T03:45:00,sensor_failure,upstream_03,Eagle Cliff Village,33.41,75.58,upstream,42,3400,23.68,1.86,0.1903,4.5,0.03,120,30,0.12,0.2
2025-07-17T03:45:00,sensor_failure,upstream_04,Snowmelt Creek Base,33.44,75.65,upstream,30,2900,16.5,1.58,0.2385,1.8,0.072,280,80,0.09,0.16
2025-07-17T03:45:00,sensor_failure,midvalley_01,Valley Temple Town,33.38,75.68,midvalley,22,2400,14.31,1.55,0.2565,5.2,0.46,1800,500,0.12,0.22
2025-07-17T03:45:00,sensor_failure,midvalley_02,Bridge Market Colony,33.36,75.71,midvalley,18,2200,,1.6,0.299,6.1,0.56,2500,300,0.14,0.2
2025-07-17T03:45:00,sensor_failure,midvalley_03,River Bend Settlement,33.37,75.66,midvalley,25,2300,15.81,1.67,0.2602,7.3,0.22,900,200,0.11,0.19
2025-07-17T03:45:00,sensor_failure,midvalley_04,Pilgrim Rest Camp,33.35,75.73,midvalley,15,2100,17.55,1.5,0.3232,3.8,0.52,600,2000,0.06,0.1
2025-07-17T03:45:00,sensor_failure,downstream_01,Riverside Colony,33.31,75.77,downstream,10,1800,14.89,,0.3489,8.0,0.92,4200,400,0.15,0.25
2025-07-17T03:45:00,sensor_failure,downstream_02,Lower Falls Township,33.3,75.8,downstream,8,1700,17.27,1.43,0.377,6.5,1.15,5500,250,0.16,0.24
2025-07-17T03:45:00,sensor_failure,downstream_03,Delta Market Village,33.29,75.75,downstream,12,1850,11.43,,0.3372,5.0,0.63,3000,150,0.13,0.21
2025-07-17T03:45:00,sensor_failure,downstream_04,Flood Plain Hamlet,33.28,75.82,downstream,5,1600,17.47,1.5,0.374,9.2,0.46,2200,100,0.18,0.23
2025-07-17T06:00:00,upstream_storm,upstream_01,Glacier View Station,33.45,75.6,upstream,38,3200,8.46,0.91,0.1008,2.1,0.05,200,50,0.08,0.15
2025-07-17T06:00:00,upstream_storm,upstream_02,Pine Ridge Outpost,33.43,75.63,upstream,35,3050,4.85,0.78,0.0271,3.0,0.09,350,100,0.1,0.18
2025-07-17T06:00:00,upstream_storm,upstream_03,Eagle Cliff Village,33.41,75.58,upstream,42,3400,8.0,0.9,0.072,4.5,0.03,120,30,0.12,0.2
2025-07-17T06:00:00,upstream_storm,upstream_04,Snowmelt Creek Base,33.44,75.65,upstream,30,2900,12.57,1.0,0.1423,1.8,0.072,280,80,0.09,0.16
2025-07-17T06:00:00,upstream_storm,midvalley_01,Valley Temple Town,33.38,75.68,midvalley,22,2400,7.78,0.84,0.1548,5.2,0.46,1800,500,0.12,0.22
2025-07-17T06:00:00,upstream_storm,midvalley_02,Bridge Market Colony,33.36,75.71,midvalley,18,2200,4.67,0.71,0.1739,6.1,0.56,2500,300,0.14,0.2
2025-07-17T06:00:00,upstream_storm,midvalley_03,River Bend Settlement,33.37,75.66,midvalley,25,2300,4.86,0.7,0.1791,7.3,0.22,900,200,0.11,0.19
2025-07-17T06:00:00,upstream_storm,midvalley_04,Pilgrim Rest Camp,33.35,75.73,midvalley,15,2100,7.12,0.8,0.1803,3.8,0.52,600,2000,0.06,0.1
2025-07-17T06:00:00,upstream_storm,downstream_01,Riverside Colony,33.31,75.77,downstream,10,1800,2.43,0.76,0.2241,8.0,0.92,4200,400,0.15,0.25
2025-07-17T06:00:00,upstream_storm,downstream_02,Lower Falls Township,33.3,75.8,downstream,8,1700,3.3,0.66,0.2442,6.5,1.15,5500,250,0.16,0.24
2025-07-17T06:00:00,upstream_storm,downstream_03,Delta Market Village,33.29,75.75,downstream,12,1850,7.99,0.79,0.2577,5.0,0.63,3000,150,0.13,0.21
2025-07-17T06:00:00,upstream_storm,downstream_04,Flood Plain Hamlet,33.28,75.82,downstream,5,1600,1.94,0.65,0.2498,9.2,0.46,2200,100,0.18,0.23
2025-07-17T06:15:00,upstream_storm,upstream_01,Glacier View Station,33.45,75.6,upstream,38,3200,6.52,0.9,0.0619,2.1,0.05,200,50,0.08,0.15
2025-07-17T06:15:00,upstream_storm,upstream_02,Pine Ridge Outpost,33.43,75.63,upstream,35,3050,7.84,0.91,0.0697,3.0,0.09,350,100,0.1,0.18
2025-07-17T06:15:00,upstream_storm,upstream_03,Eagle Cliff Village,33.41,75.58,upstream,42,3400,8.18,1.0,0.058,4.5,0.03,120,30,0.12,0.2
2025-07-17T06:15:00,upstream_storm,upstream_04,Snowmelt Creek Base,33.44,75.65,upstream,30,2900,5.97,0.84,0.1145,1.8,0.072,280,80,0.09,0.16
2025-07-17T06:15:00,upstream_storm,midvalley_01,Valley Temple Town,33.38,75.68,midvalley,22,2400,6.16,0.79,0.1308,5.2,0.46,1800,500,0.12,0.22
2025-07-17T06:15:00,upstream_storm,midvalley_02,Bridge Market Colony,33.36,75.71,midvalley,18,2200,5.17,0.75,0.1927,6.1,0.56,2500,300,0.14,0.2
2025-07-17T06:15:00,upstream_storm,midvalley_03,River Bend Settlement,33.37,75.66,midvalley,25,2300,6.19,0.78,0.1226,7.3,0.22,900,200,0.11,0.19
2025-07-17T06:15:00,upstream_storm,midvalley_04,Pilgrim Rest Camp,33.35,75.73,midvalley,15,2100,7.94,0.81,0.1833,3.8,0.52,600,2000,0.06,0.1
2025-07-17T06:15:00,upstream_storm,downstream_01,Riverside Colony,33.31,75.77,downstream,10,1800,2.33,0.65,0.1833,8.0,0.92,4200,400,0.15,0.25
2025-07-17T06:15:00,upstream_storm,downstream_02,Lower Falls Township,33.3,75.8,downstream,8,1700,4.55,0.68,0.2635,6.5,1.15,5500,250,0.16,0.24
2025-07-17T06:15:00,upstream_storm,downstream_03,Delta Market Village,33.29,75.75,downstream,12,1850,4.1,0.73,0.1773,5.0,0.63,3000,150,0.13,0.21
2025-07-17T06:15:00,upstream_storm,downstream_04,Flood Plain Hamlet,33.28,75.82,downstream,5,1600,5.0,0.77,0.2698,9.2,0.46,2200,100,0.18,0.23
2025-07-17T06:30:00,upstream_storm,upstream_01,Glacier View Station,33.45,75.6,upstream,38,3200,5.9,0.81,0.0818,2.1,0.05,200,50,0.08,0.15
2025-07-17T06:30:00,upstream_storm,upstream_02,Pine Ridge Outpost,33.43,75.63,upstream,35,3050,8.75,0.9,0.1178,3.0,0.09,350,100,0.1,0.18
2025-07-17T06:30:00,upstream_storm,upstream_03,Eagle Cliff Village,33.41,75.58,upstream,42,3400,3.92,0.78,0.0784,4.5,0.03,120,30,0.12,0.2
2025-07-17T06:30:00,upstream_storm,upstream_04,Snowmelt Creek Base,33.44,75.65,upstream,30,2900,6.2,0.81,0.1295,1.8,0.072,280,80,0.09,0.16
2025-07-17T06:30:00,upstream_storm,midvalley_01,Valley Temple Town,33.38,75.68,midvalley,22,2400,8.34,0.83,0.1264,5.2,0.46,1800,500,0.12,0.22
2025-07-17T06:30:00,upstream_storm,midvalley_02,Bridge Market Colony,33.36,75.71,midvalley,18,2200,8.9,0.94,0.198,6.1,0.56,2500,300,0.14,0.2
2025-07-17T06:30:00,upstream_storm,midvalley_03,River Bend Settlement,33.37,75.66,midvalley,25,2300,3.26,0.75,0.1562,7.3,0.22,900,200,0.11,0.19
2025-07-17T06:30:00,upstream_storm,midvalley_04,Pilgrim Rest Camp,33.35,75.73,midvalley,15,2100,2.34,0.66,0.1761,3.8,0.52,600,2000,0.06,0.1
2025-07-17T06:30:00,upstream_storm,downstream_01,Riverside Colony,33.31,75.77,downstream,10,1800,0.75,0.66,0.1968,8.0,0.92,4200,400,0.15,0.25
2025-07-17T06:30:00,upstream_storm,downstream_02,Lower Falls Township,33.3,75.8,downstream,8,1700,3.21,0.69,0.2245,6.5,1.15,5500,250,0.16,0.24
2025-07-17T06:30:00,upstream_storm,downstream_03,Delta Market Village,33.29,75.75,downstream,12,1850,3.97,0.73,0.1878,5.0,0.63,3000,150,0.13,0.21
2025-07-17T06:30:00,upstream_storm,downstream_04,Flood Plain Hamlet,33.28,75.82,downstream,5,1600,0.82,0.69,0.2276,9.2,0.46,2200,100,0.18,0.23
2025-07-17T06:45:00,upstream_storm,upstream_01,Glacier View Station,33.45,75.6,upstream,38,3200,3.47,0.74,0.0849,2.1,0.05,200,50,0.08,0.15
2025-07-17T06:45:00,upstream_storm,upstream_02,Pine Ridge Outpost,33.43,75.63,upstream,35,3050,6.42,0.71,0.095,3.0,0.09,350,100,0.1,0.18
2025-07-17T06:45:00,upstream_storm,upstream_03,Eagle Cliff Village,33.41,75.58,upstream,42,3400,7.29,0.95,0.1033,4.5,0.03,120,30,0.12,0.2
2025-07-17T06:45:00,upstream_storm,upstream_04,Snowmelt Creek Base,33.44,75.65,upstream,30,2900,0,0.58,0.109,1.8,0.072,280,80,0.09,0.16
2025-07-17T06:45:00,upstream_storm,midvalley_01,Valley Temple Town,33.38,75.68,midvalley,22,2400,1.94,0.59,0.1483,5.2,0.46,1800,500,0.12,0.22
2025-07-17T06:45:00,upstream_storm,midvalley_02,Bridge Market Colony,33.36,75.71,midvalley,18,2200,5.12,0.54,0.1765,6.1,0.56,2500,300,0.14,0.2
2025-07-17T06:45:00,upstream_storm,midvalley_03,River Bend Settlement,33.37,75.66,midvalley,25,2300,2.95,0.51,0.1191,7.3,0.22,900,200,0.11,0.19
2025-07-17T06:45:00,upstream_storm,midvalley_04,Pilgrim Rest Camp,33.35,75.73,midvalley,15,2100,1.36,0.67,0.1749,3.8,0.52,600,2000,0.06,0.1
2025-07-17T06:45:00,upstream_storm,downstream_01,Riverside Colony,33.31,75.77,downstream,10,1800,1.8,0.58,0.1903,8.0,0.92,4200,400,0.15,0.25
2025-07-17T06:45:00,upstream_storm,downstream_02,Lower Falls Township,33.3,75.8,downstream,8,1700,2.93,0.77,0.2424,6.5,1.15,5500,250,0.16,0.24
2025-07-17T06:45:00,upstream_storm,downstream_03,Delta Market Village,33.29,75.75,downstream,12,1850,3.44,0.66,0.2031,5.0,0.63,3000,150,0.13,0.21
2025-07-17T06:45:00,upstream_storm,downstream_04,Flood Plain Hamlet,33.28,75.82,downstream,5,1600,2.12,0.63,0.2439,9.2,0.46,2200,100,0.18,0.23
2025-07-17T07:00:00,upstream_storm,upstream_01,Glacier View Station,33.45,75.6,upstream,38,3200,5.56,0.8,0.0649,2.1,0.05,200,50,0.08,0.15
2025-07-17T07:00:00,upstream_storm,upstream_02,Pine Ridge Outpost,33.43,75.63,upstream,35,3050,1.57,0.77,0.0907,3.0,0.09,350,100,0.1,0.18
2025-07-17T07:00:00,upstream_storm,upstream_03,Eagle Cliff Village,33.41,75.58,upstream,42,3400,4.51,0.82,0.061,4.5,0.03,120,30,0.12,0.2
2025-07-17T07:00:00,upstream_storm,upstream_04,Snowmelt Creek Base,33.44,75.65,upstream,30,2900,8.17,0.78,0.1192,1.8,0.072,280,80,0.09,0.16
2025-07-17T07:00:00,upstream_storm,midvalley_01,Valley Temple Town,33.38,75.68,midvalley,22,2400,5.21,0.84,0.1582,5.2,0.46,1800,500,0.12,0.22
2025-07-17T07:00:00,upstream_storm,midvalley_02,Bridge Market Colony,33.36,75.71,midvalley,18,2200,4.41,0.86,0.1761,6.1,0.56,2500,300,0.14,0.2
2025-07-17T07:00:00,upstream_storm,midvalley_03,River Bend Settlement,33.37,75.66,midvalley,25,2300,5.32,0.89,0.1366,7.3,0.22,900,200,0.11,0.19
2025-07-17T07:00:00,upstream_storm,midvalley_04,Pilgrim Rest Camp,33.35,75.73,midvalley,15,2100,4.11,0.8,0.2002,3.8,0.52,600,2000,0.06,0.1
2025-07-17T07:00:00,upstream_storm,downstream_01,Riverside Colony,33.31,75.77,downstream,10,1800,3.42,0.67,0.1778,8.0,0.92,4200,400,0.15,0.25
2025-07-17T07:00:00,upstream_storm,downstream_02,Lower Falls Township,33.3,75.8,downstream,8,1700,4.41,0.69,0.2025,6.5,1.15,5500,250,0.16,0.24
2025-07-17T07:00:00,upstream_storm,downstream_03,Delta Market Village,33.29,75.75,downstream,12,1850,0,0.54,0.1626,5.0,0.63,3000,150,0.13,0.21
2025-07-17T07:00:00,upstream_storm,downstream_04,Flood Plain Hamlet,33.28,75.82,downstream,5,1600,3.48,0.67,0.2421,9.2,0.46,2200,100,0.18,0.23
2025-07-17T07:15:00,upstream_storm,upstream_01,Glacier View Station,33.45,75.6,upstream,38,3200,4.32,0.77,0.0873,2.1,0.05,200,50,0.08,0.15
2025-07-17T07:15:00,upstream_storm,upstream_02,Pine Ridge Outpost,33.43,75.63,upstream,35,3050,4.41,0.85,0.1141,3.0,0.09,350,100,0.1,0.18
2025-07-17T07:15:00,upstream_storm,upstream_03,Eagle Cliff Village,33.41,75.58,upstream,42,3400,2.59,0.85,0.0582,4.5,0.03,120,30,0.12,0.2
2025-07-17T07:15:00,upstream_storm,upstream_04,Snowmelt Creek Base,33.44,75.65,upstream,30,2900,5.64,0.79,0.1192,1.8,0.072,280,80,0.09,0.16
2025-07-17T07:15:00,upstream_storm,midvalley_01,Valley Temple Town,33.38,75.68,midvalley,22,2400,5.22,1.06,0.1707,5.2,0.46,1800,500,0.12,0.22
2025-07-17T07:15:00,upstream_storm,midvalley_02,Bridge Market Colony,33.36,75.71,midvalley,18,2200,4.18,1.08,0.1272,6.1,0.56,2500,300,0.14,0.2
2025-07-17T07:15:00,upstream_storm,midvalley_03,River Bend Settlement,33.37,75.66,midvalley,25,2300,2.43,1.06,0.1391,7.3,0.22,900,200,0.11,0.19
2025-07-17T07:15:00,upstream_storm,midvalley_04,Pilgrim Rest Camp,33.35,75.73,midvalley,15,2100,3.21,1.03,0.204,3.8,0.52,600,2000,0.06,0.1
2025-07-17T07:15:00,upstream_storm,downstream_01,Riverside Colony,33.31,75.77,downstream,10,1800,0,0.57,0.2052,8.0,0.92,4200,400,0.15,0.25
2025-07-17T07:15:00,upstream_storm,downstream_02,Lower Falls Township,33.3,75.8,downstream,8,1700,2.59,0.76,0.2032,6.5,1.15,5500,250,0.16,0.24
2025-07-17T07:15:00,upstream_storm,downstream_03,Delta Market Village,33.29,75.75,downstream,12,1850,0,0.58,0.2467,5.0,0.63,3000,150,0.13,0.21
2025-07-17T07:15:00,upstream_storm,downstream_04,Flood Plain Hamlet,33.28,75.82,downstream,5,1600,3.33,0.64,0.2235,9.2,0.46,2200,100,0.18,0.23
2025-07-17T07:30:00,upstream_storm,upstream_01,Glacier View Station,33.45,75.6,upstream,38,3200,5.32,0.81,0.0477,2.1,0.05,200,50,0.08,0.15
2025-07-17T07:30:00,upstream_storm,upstream_02,Pine Ridge Outpost,33.43,75.63,upstream,35,3050,0,0.64,0.0805,3.0,0.09,350,100,0.1,0.18
2025-07-17T07:30:00,upstream_storm,upstream_03,Eagle Cliff Village,33.41,75.58,upstream,42,3400,1.57,0.66,0.0583,4.5,0.03,120,30,0.12,0.2
2025-07-17T07:30:00,upstream_storm,upstream_04,Snowmelt Creek Base,33.44,75.65,upstream,30,2900,7.31,0.98,0.1048,1.8,0.072,280,80,0.09,0.16
2025-07-17T07:30:00,upstream_storm,midvalley_01,Valley Temple Town,33.38,75.68,midvalley,22,2400,0,1.29,0.1334,5.2,0.46,1800,500,0.12,0.22
2025-07-17T07:30:00,upstream_storm,midvalley_02,Bridge Market Colony,33.36,75.71,midvalley,18,2200,7.13,1.32,0.1762,6.1,0.56,2500,300,0.14,0.2
2025-07-17T07:30:00,upstream_storm,midvalley_03,River Bend Settlement,33.37,75.66,midvalley,25,2300,4.32,1.38,0.1379,7.3,0.22,900,200,0.11,0.19
2025-07-17T07:30:00,upstream_storm,midvalley_04,Pilgrim Rest Camp,33.35,75.73,midvalley,15,2100,0.92,1.31,0.1811,3.8,0.52,600,2000,0.06,0.1
2025-07-17T07:30:00,upstream_storm,downstream_01,Riverside Colony,33.31,75.77,downstream,10,1800,3.79,0.49,0.2496,8.0,0.92,4200,400,0.15,0.25
2025-07-17T07:30:00,upstream_storm,downstream_02,Lower Falls Township,33.3,75.8,downstream,8,1700,2.27,0.59,0.2406,6.5,1.15,5500,250,0.16,0.24
2025-07-17T07:30:00,upstream_storm,downstream_03,Delta Market Village,33.29,75.75,downstream,12,1850,0,0.62,0.1642,5.0,0.63,3000,150,0.13,0.21
2025-07-17T07:30:00,upstream_storm,downstream_04,Flood Plain Hamlet,33.28,75.82,downstream,5,1600,2.99,0.56,0.2474,9.2,0.46,2200,100,0.18,0.23
2025-07-17T07:45:00,upstream_storm,upstream_01,Glacier View Station,33.45,75.6,upstream,38,3200,4.73,0.78,0.0794,2.1,0.05,200,50,0.08,0.15
2025-07-17T07:45:00,upstream_storm,upstream_02,Pine Ridge Outpost,33.43,75.63,upstream,35,3050,4.98,0.69,0.1211,3.0,0.09,350,100,0.1,0.18
2025-07-17T07:45:00,upstream_storm,upstream_03,Eagle Cliff Village,33.41,75.58,upstream,42,3400,6.34,0.94,0.0422,4.5,0.03,120,30,0.12,0.2
2025-07-17T07:45:00,upstream_storm,upstream_04,Snowmelt Creek Base,33.44,75.65,upstream,30,2900,7.82,0.85,0.1105,1.8,0.072,280,80,0.09,0.16
2025-07-17T07:45:00,upstream_storm,midvalley_01,Valley Temple Town,33.38,75.68,midvalley,22,2400,9.24,1.55,0.1488,5.2,0.46,1800,500,0.12,0.22
2025-07-17T07:45:00,upstream_storm,midvalley_02,Bridge Market Colony,33.36,75.71,midvalley,18,2200,6.1,1.61,0.1846,6.1,0.56,2500,300,0.14,0.2
2025-07-17T07:45:00,upstream_storm,midvalley_03,River Bend Settlement,33.37,75.66,midvalley,25,2300,6.87,1.6,0.181,7.3,0.22,900,200,0.11,0.19
2025-07-17T07:45:00,upstream_storm,midvalley_04,Pilgrim Rest Camp,33.35,75.73,midvalley,15,2100,3.11,1.47,0.1976,3.8,0.52,600,2000,0.06,0.1
2025-07-17T07:45:00,upstream_storm,downstream_01,Riverside Colony,33.31,75.77,downstream,10,1800,0.95,0.73,0.2402,8.0,0.92,4200,400,0.15,0.25
2025-07-17T07:45:00,upstream_storm,downstream_02,Lower Falls Township,33.3,75.8,downstream,8,1700,3.16,0.87,0.2183,6.5,1.15,5500,250,0.16,0.24
2025-07-17T07:45:00,upstream_storm,downstream_03,Delta Market Village,33.29,75.75,downstream,12,1850,0.13,0.78,0.1987,5.0,0.63,3000,150,0.13,0.21
2025-07-17T07:45:00,upstream_storm,downstream_04,Flood Plain Hamlet,33.28,75.82,downstream,5,1600,5.12,0.87,0.2222,9.2,0.46,2200,100,0.18,0.23
2025-07-17T08:00:00,upstream_storm,upstream_01,Glacier View Station,33.45,75.6,upstream,38,3200,0,0.59,0.0442,2.1,0.05,200,50,0.08,0.15
2025-07-17T08:00:00,upstream_storm,upstream_02,Pine Ridge Outpost,33.43,75.63,upstream,35,3050,6.0,0.75,0.0678,3.0,0.09,350,100,0.1,0.18
2025-07-17T08:00:00,upstream_storm,upstream_03,Eagle Cliff Village,33.41,75.58,upstream,42,3400,5.76,0.81,0.0298,4.5,0.03,120,30,0.12,0.2
2025-07-17T08:00:00,upstream_storm,upstream_04,Snowmelt Creek Base,33.44,75.65,upstream,30,2900,3.52,0.68,0.1149,1.8,0.072,280,80,0.09,0.16
2025-07-17T08:00:00,upstream_storm,midvalley_01,Valley Temple Town,33.38,75.68,midvalley,22,2400,1.34,1.85,0.1507,5.2,0.46,1800,500,0.12,0.22
2025-07-17T08:00:00,upstream_storm,midvalley_02,Bridge Market Colony,33.36,75.71,midvalley,18,2200,0.48,1.84,0.186,6.1,0.56,2500,300,0.14,0.2
2025-07-17T08:00:00,upstream_storm,midvalley_03,River Bend Settlement,33.37,75.66,midvalley,25,2300,6.73,1.89,0.1609,7.3,0.22,900,200,0.11,0.19
2025-07-17T08:00:00,upstream_storm,midvalley_04,Pilgrim Rest Camp,33.35,75.73,midvalley,15,2100,3.39,1.68,0.1649,3.8,0.52,600,2000,0.06,0.1
2025-07-17T08:00:00,upstream_storm,downstream_01,Riverside Colony,33.31,75.77,downstream,10,1800,1.34,1.04,0.2237,8.0,0.92,4200,400,0.15,0.25
2025-07-17T08:00:00,upstream_storm,downstream_02,Lower Falls Township,33.3,75.8,downstream,8,1700,0,1.0,0.2004,6.5,1.15,5500,250,0.16,0.24
2025-07-17T08:00:00,upstream_storm,downstream_03,Delta Market Village,33.29,75.75,downstream,12,1850,0,1.03,0.2043,5.0,0.63,3000,150,0.13,0.21
2025-07-17T08:00:00,upstream_storm,downstream_04,Flood Plain Hamlet,33.28,75.82,downstream,5,1600,0,1.04,0.1961,9.2,0.46,2200,100,0.18,0.23
2025-07-17T08:15:00,upstream_storm,upstream_01,Glacier View Station,33.45,75.6,upstream,38,3200,7.47,0.93,0.1138,2.1,0.05,200,50,0.08,0.15
2025-07-17T08:15:00,upstream_storm,upstream_02,Pine Ridge Outpost,33.43,75.63,upstream,35,3050,4.02,0.76,0.0371,3.0,0.09,350,100,0.1,0.18
2025-07-17T08:15:00,upstream_storm,upstream_03,Eagle Cliff Village,33.41,75.58,upstream,42,3400,9.27,0.86,0.0671,4.5,0.03,120,30,0.12,0.2
2025-07-17T08:15:00,upstream_storm,upstream_04,Snowmelt Creek Base,33.44,75.65,upstream,30,2900,3.74,0.67,0.1075,1.8,0.072,280,80,0.09,0.16
2025-07-17T08:15:00,upstream_storm,midvalley_01,Valley Temple Town,33.38,75.68,midvalley,22,2400,0,2.11,0.138,5.2,0.46,1800,500,0.12,0.22
2025-07-17T08:15:00,upstream_storm,midvalley_02,Bridge Market Colony,33.36,75.71,midvalley,18,2200,7.78,2.08,0.1854,6.1,0.56,2500,300,0.14,0.2
2025-07-17T08:15:00,upstream_storm,midvalley_03,River Bend Settlement,33.37,75.66,midvalley,25,2300,4.0,2.14,0.1389,7.3,0.22,900,200,0.11,0.19
2025-07-17T08:15:00,upstream_storm,midvalley_04,Pilgrim Rest Camp,33.35,75.73,midvalley,15,2100,2.16,2.0,0.2032,3.8,0.52,600,2000,0.06,0.1
2025-07-17T08:15:00,upstream_storm,downstream_01,Riverside Colony,33.31,75.77,downstream,10,1800,2.17,1.26,0.2162,8.0,0.92,4200,400,0.15,0.25
2025-07-17T08:15:00,upstream_storm,downstream_02,Lower Falls Township,33.3,75.8,downstream,8,1700,6.95,1.16,0.2341,6.5,1.15,5500,250,0.16,0.24
2025-07-17T08:15:00,upstream_storm,downstream_03,Delta Market Village,33.29,75.75,downstream,12,1850,2.74,1.31,0.2104,5.0,0.63,3000,150,0.13,0.21
2025-07-17T08:15:00,upstream_storm,downstream_04,Flood Plain Hamlet,33.28,75.82,downstream,5,1600,0,1.13,0.2301,9.2,0.46,2200,100,0.18,0.23
2025-07-17T08:30:00,upstream_storm,upstream_01,Glacier View Station,33.45,75.6,upstream,38,3200,6.33,0.8,0.0939,2.1,0.05,200,50,0.08,0.15
2025-07-17T08:30:00,upstream_storm,upstream_02,Pine Ridge Outpost,33.43,75.63,upstream,35,3050,4.32,0.9,0.0773,3.0,0.09,350,100,0.1,0.18
2025-07-17T08:30:00,upstream_storm,upstream_03,Eagle Cliff Village,33.41,75.58,upstream,42,3400,5.2,0.87,0.0388,4.5,0.03,120,30,0.12,0.2
2025-07-17T08:30:00,upstream_storm,upstream_04,Snowmelt Creek Base,33.44,75.65,upstream,30,2900,7.36,0.95,0.1579,1.8,0.072,280,80,0.09,0.16
2025-07-17T08:30:00,upstream_storm,midvalley_01,Valley Temple Town,33.38,75.68,midvalley,22,2400,5.28,2.35,0.1488,5.2,0.46,1800,500,0.12,0.22
2025-07-17T08:30:00,upstream_storm,midvalley_02,Bridge Market Colony,33.36,75.71,midvalley,18,2200,3.28,2.32,0.1618,6.1,0.56,2500,300,0.14,0.2
2025-07-17T08:30:00,upstream_storm,midvalley_03,River Bend Settlement,33.37,75.66,midvalley,25,2300,3.87,2.47,0.156,7.3,0.22,900,200,0.11,0.19
2025-07-17T08:30:00,upstream_storm,midvalley_04,Pilgrim Rest Camp,33.35,75.73,midvalley,15,2100,1.67,2.11,0.1457,3.8,0.52,600,2000,0.06,0.1
2025-07-17T08:30:00,upstream_storm,downstream_01,Riverside Colony,33.31,75.77,downstream,10,1800,1.85,1.42,0.2082,8.0,0.92,4200,400,0.15,0.25
2025-07-17T08:30:00,upstream_storm,downstream_02,Lower Falls Township,33.3,75.8,downstream,8,1700,4.11,1.43,0.2118,6.5,1.15,5500,250,0.16,0.24
2025-07-17T08:30:00,upstream_storm,downstream_03,Delta Market Village,33.29,75.75,downstream,12,1850,2.94,1.43,0.2335,5.0,0.63,3000,150,0.13,0.21
2025-07-17T08:30:00,upstream_storm,downstream_04,Flood Plain Hamlet,33.28,75.82,downstream,5,1600,7.12,1.31,0.2345,9.2,0.46,2200,100,0.18,0.23
2025-07-17T08:45:00,upstream_storm,upstream_01,Glacier View Station,33.45,75.6,upstream,38,3200,11.96,1.07,0.1138,2.1,0.05,200,50,0.08,0.15
2025-07-17T08:45:00,upstream_storm,upstream_02,Pine Ridge Outpost,33.43,75.63,upstream,35,3050,7.07,0.87,0.0808,3.0,0.09,350,100,0.1,0.18
2025-07-17T08:45:00,upstream_storm,upstream_03,Eagle Cliff Village,33.41,75.58,upstream,42,3400,5.48,0.81,0.0926,4.5,0.03,120,30,0.12,0.2
2025-07-17T08:45:00,upstream_storm,upstream_04,Snowmelt Creek Base,33.44,75.65,upstream,30,2900,4.72,0.76,0.0909,1.8,0.072,280,80,0.09,0.16
2025-07-17T08:45:00,upstream_storm,midvalley_01,Valley Temple Town,33.38,75.68,midvalley,22,2400,5.15,2.12,0.1314,5.2,0.46,1800,500,0.12,0.22
2025-07-17T08:45:00,upstream_storm,midvalley_02,Bridge Market Colony,33.36,75.71,midvalley,18,2200,5.03,2.07,0.1954,6.1,0.56,2500,300,0.14,0.2
2025-07-17T08:45:00,upstream_storm,midvalley_03,River Bend Settlement,33.37,75.66,midvalley,25,2300,4.75,2.13,0.1185,7.3,0.22,900,200,0.11,0.19
2025-07-17T08:45:00,upstream_storm,midvalley_04,Pilgrim Rest Camp,33.35,75.73,midvalley,15,2100,8.09,2.03,0.2026,3.8,0.52,600,2000,0.06,0.1
2025-07-17T08:45:00,upstream_storm,downstream_01,Riverside Colony,33.31,75.77,downstream,10,1800,4.19,1.71,0.2277,8.0,0.92,4200,400,0.15,0.25
2025-07-17T08:45:00,upstream_storm,downstream_02,Lower Falls Township,33.3,75.8,downstream,8,1700,0.75,1.56,0.2184,6.5,1.15,5500,250,0.16,0.24
2025-07-17T08:45:00,upstream_storm,downstream_03,Delta Market Village,33.29,75.75,downstream,12,1850,2.63,1.65,0.2107,5.0,0.63,3000,150,0.13,0.21
2025-07-17T08:45:00,upstream_storm,downstream_04,Flood Plain Hamlet,33.28,75.82,downstream,5,1600,4.31,1.62,0.208,9.2,0.46,2200,100,0.18,0.23
2025-07-17T09:00:00,upstream_storm,upstream_01,Glacier View Station,33.45,75.6,upstream,38,3200,2.35,0.66,0.0383,2.1,0.05,200,50,0.08,0.15
2025-07-17T09:00:00,upstream_storm,upstream_02,Pine Ridge Outpost,33.43,75.63,upstream,35,3050,0.59,0.68,0.0658,3.0,0.09,350,100,0.1,0.18
2025-07-17T09:00:00,upstream_storm,upstream_03,Eagle Cliff Village,33.41,75.58,upstream,42,3400,4.03,0.77,0.0285,4.5,0.03,120,30,0.12,0.2
2025-07-17T09:00:00,upstream_storm,upstream_04,Snowmelt Creek Base,33.44,75.65,upstream,30,2900,4.68,0.8,0.1532,1.8,0.072,280,80,0.09,0.16
2025-07-17T09:00:00,upstream_storm,midvalley_01,Valley Temple Town,33.38,75.68,midvalley,22,2400,4.28,1.84,0.1709,5.2,0.46,1800,500,0.12,0.22
2025-07-17T09:00:00,upstream_storm,midvalley_02,Bridge Market Colony,33.36,75.71,midvalley,18,2200,3.52,1.69,0.2037,6.1,0.56,2500,300,0.14,0.2
2025-07-17T09:00:00,upstream_storm,midvalley_03,River Bend Settlement,33.37,75.66,midvalley,25,2300,5.61,1.88,0.1396,7.3,0.22,900,200,0.11,0.19
2025-07-17T09:00:00,upstream_storm,midvalley_04,Pilgrim Rest Camp,33.35,75.73,midvalley,15,2100,2.57,1.71,0.1858,3.8,0.52,600,2000,0.06,0.1
2025-07-17T09:00:00,upstream_storm,downstream_01,Riverside Colony,33.31,75.77,downstream,10,1800,1.74,1.78,0.1912,8.0,0.92,4200,400,0.15,0.25
2025-07-17T09:00:00,upstream_storm,downstream_02,Lower Falls Township,33.3,75.8,downstream,8,1700,1.12,1.84,0.2031,6.5,1.15,5500,250,0.16,0.24
2025-07-17T09:00:00,upstream_storm,downstream_03,Delta Market Village,33.29,75.75,downstream,12,1850,6.5,1.87,0.1972,5.0,0.63,3000,150,0.13,0.21
2025-07-17T09:00:00,upstream_storm,downstream_04,Flood Plain Hamlet,33.28,75.82,downstream,5,1600,1.14,1.79,0.2315,9.2,0.46,2200,100,0.18,0.23
2025-07-17T09:15:00,upstream_storm,upstream_01,Glacier View Station,33.45,75.6,upstream,38,3200,9.4,0.93,0.1076,2.1,0.05,200,50,0.08,0.15
2025-07-17T09:15:00,upstream_storm,upstream_02,Pine Ridge Outpost,33.43,75.63,upstream,35,3050,11.85,1.03,0.1035,3.0,0.09,350,100,0.1,0.18
2025-07-17T09:15:00,upstream_storm,upstream_03,Eagle Cliff Village,33.41,75.58,upstream,42,3400,10.34,0.89,0.0823,4.5,0.03,120,30,0.12,0.2
2025-07-17T09:15:00,upstream_storm,upstream_04,Snowmelt Creek Base,33.44,75.65,upstream,30,2900,7.76,0.79,0.1405,1.8,0.072,280,80,0.09,0.16
2025-07-17T09:15:00,upstream_storm,midvalley_01,Valley Temple Town,33.38,75.68,midvalley,22,2400,7.96,1.64,0.1717,5.2,0.46,1800,500,0.12,0.22
2025-07-17T09:15:00,upstream_storm,midvalley_02,Bridge Market Colony,33.36,75.71,midvalley,18,2200,5.07,1.53,0.1951,6.1,0.56,2500,300,0.14,0.2
2025-07-17T09:15:00,upstream_storm,midvalley_03,River Bend Settlement,33.37,75.66,midvalley,25,2300,9.99,1.7,0.2107,7.3,0.22,900,200,0.11,0.19
2025-07-17T09:15:00,upstream_storm,midvalley_04,Pilgrim Rest Camp,33.35,75.73,midvalley,15,2100,7.42,1.51,0.2437,3.8,0.52,600,2000,0.06,0.1
2025-07-17T09:15:00,upstream_storm,downstream_01,Riverside Colony,33.31,75.77,downstream,10,1800,2.7,2.08,0.2073,8.0,0.92,4200,400,0.15,0.25
2025-07-17T09:15:00,upstream_storm,downstream_02,Lower Falls Township,33.3,75.8,downstream,8,1700,6.17,1.94,0.206,6.5,1.15,5500,250,0.16,0.24
2025-07-17T09:15:00,upstream_storm,downstream_03,Delta Market Village,33.29,75.75,downstream,12,1850,3.84,2.13,0.2122,5.0,0.63,3000,150,0.13,0.21
2025-07-17T09:15:00,upstream_storm,downstream_04,Flood Plain Hamlet,33.28,75.82,downstream,5,1600,4.8,2.0,0.2227,9.2,0.46,2200,100,0.18,0.23
2025-07-17T09:30:00,upstream_storm,upstream_01,Glacier View Station,33.45,75.6,upstream,38,3200,6.03,0.89,0.0929,2.1,0.05,200,50,0.08,0.15
2025-07-17T09:30:00,upstream_storm,upstream_02,Pine Ridge Outpost,33.43,75.63,upstream,35,3050,2.54,0.69,0.0798,3.0,0.09,350,100,0.1,0.18
2025-07-17T09:30:00,upstream_storm,upstream_03,Eagle Cliff Village,33.41,75.58,upstream,42,3400,2.47,0.77,0.0519,4.5,0.03,120,30,0.12,0.2
2025-07-17T09:30:00,upstream_storm,upstream_04,Snowmelt Creek Base,33.44,75.65,upstream,30,2900,0.83,0.59,0.0894,1.8,0.072,280,80,0.09,0.16
2025-07-17T09:30:00,upstream_storm,midvalley_01,Valley Temple Town,33.38,75.68,midvalley,22,2400,2.67,1.36,0.1453,5.2,0.46,1800,500,0.12,0.22
2025-07-17T09:30:00,upstream_storm,midvalley_02,Bridge Market Colony,33.36,75.71,midvalley,18,2200,2.92,1.3,0.1748,6.1,0.56,2500,300,0.14,0.2
2025-07-17T09:30:00,upstream_storm,midvalley_03,River Bend Settlement,33.37,75.66,midvalley,25,2300,3.35,1.35,0.1491,7.3,0.22,900,200,0.11,0.19
2025-07-17T09:30:00,upstream_storm,midvalley_04,Pilgrim Rest Camp,33.35,75.73,midvalley,15,2100,6.15,1.28,0.2443,3.8,0.52,600,2000,0.06,0.1
2025-07-17T09:30:00,upstream_storm,downstream_01,Riverside Colony,33.31,75.77,downstream,10,1800,2.46,1.78,0.2199,8.0,0.92,4200,400,0.15,0.25
2025-07-17T09:30:00,upstream_storm,downstream_02,Lower Falls Township,33.3,75.8,downstream,8,1700,2.36,1.81,0.2025,6.5,1.15,5500,250,0.16,0.24
2025-07-17T09:30:00,upstream_storm,downstream_03,Delta Market Village,33.29,75.75,downstream,12,1850,0.55,1.78,0.1847,5.0,0.63,3000,150,0.13,0.21
2025-07-17T09:30:00,upstream_storm,downstream_04,Flood Plain Hamlet,33.28,75.82,downstream,5,1600,0,1.68,0.2321,9.2,0.46,2200,100,0.18,0.23
2025-07-17T09:45:00,upstream_storm,upstream_01,Glacier View Station,33.45,75.6,upstream,38,3200,6.65,0.81,0.089,2.1,0.05,200,50,0.08,0.15
2025-07-17T09:45:00,upstream_storm,upstream_02,Pine Ridge Outpost,33.43,75.63,upstream,35,3050,9.32,0.91,0.0723,3.0,0.09,350,100,0.1,0.18
2025-07-17T09:45:00,upstream_storm,upstream_03,Eagle Cliff Village,33.41,75.58,upstream,42,3400,6.86,0.89,0.0782,4.5,0.03,120,30,0.12,0.2
2025-07-17T09:45:00,upstream_storm,upstream_04,Snowmelt Creek Base,33.44,75.65,upstream,30,2900,6.09,0.76,0.1142,1.8,0.072,280,80,0.09,0.16
2025-07-17T09:45:00,upstream_storm,midvalley_01,Valley Temple Town,33.38,75.68,midvalley,22,2400,9.03,0.99,0.1925,5.2,0.46,1800,500,0.12,0.22
2025-07-17T09:45:00,upstream_storm,midvalley_02,Bridge Market Colony,33.36,75.71,midvalley,18,2200,8.78,1.03,0.1699,6.1,0.56,2500,300,0.14,0.2
2025-07-17T09:45:00,upstream_storm,midvalley_03,River Bend Settlement,33.37,75.66,midvalley,25,2300,7.19,1.04,0.1829,7.3,0.22,900,200,0.11,0.19
2025-07-17T09:45:00,upstream_storm,midvalley_04,Pilgrim Rest Camp,33.35,75.73,midvalley,15,2100,8.8,0.96,0.178,3.8,0.52,600,2000,0.06,0.1
2025-07-17T09:45:00,upstream_storm,downstream_01,Riverside Colony,33.31,75.77,downstream,10,1800,5.05,1.48,0.2156,8.0,0.92,4200,400,0.15,0.25
2025-07-17T09:45:00,upstream_storm,downstream_02,Lower Falls Township,33.3,75.8,downstream,8,1700,7.31,1.58,0.1891,6.5,1.15,5500,250,0.16,0.24
2025-07-17T09:45:00,upstream_storm,downstream_03,Delta Market Village,33.29,75.75,downstream,12,1850,7.64,1.64,0.2571,5.0,0.63,3000,150,0.13,0.21
2025-07-17T09:45:00,upstream_storm,downstream_04,Flood Plain Hamlet,33.28,75.82,downstream,5,1600,2.12,1.57,0.2572,9.2,0.46,2200,100,0.18,0.23
2025-07-17T10:00:00,upstream_storm,upstream_01,Glacier View Station,33.45,75.6,upstream,38,3200,3.59,0.72,0.0564,2.1,0.05,200,50,0.08,0.15
2025-07-17T10:00:00,upstream_storm,upstream_02,Pine Ridge Outpost,33.43,75.63,upstream,35,3050,5.46,0.77,0.0801,3.0,0.09,350,100,0.1,0.18
2025-07-17T10:00:00,upstream_storm,upstream_03,Eagle Cliff Village,33.41,75.58,upstream,42,3400,6.11,0.82,0.0287,4.5,0.03,120,30,0.12,0.2
2025-07-17T10:00:00,upstream_storm,upstream_04,Snowmelt Creek Base,33.44,75.65,upstream,30,2900,1.47,0.55,0.1066,1.8,0.072,280,80,0.09,0.16
2025-07-17T10:00:00,upstream_storm,midvalley_01,Valley Temple Town,33.38,75.68,midvalley,22,2400,5.8,0.72,0.1311,5.2,0.46,1800,500,0.12,0.22
2025-07-17T10:00:00,upstream_storm,midvalley_02,Bridge Market Colony,33.36,75.71,midvalley,18,2200,3.29,0.83,0.2041,6.1,0.56,2500,300,0.14,0.2
2025-07-17T10:00:00,upstream_storm,midvalley_03,River Bend Settlement,33.37,75.66,midvalley,25,2300,0.18,0.8,0.0987,7.3,0.22,900,200,0.11,0.19
2025-07-17T10:00:00,upstream_storm,midvalley_04,Pilgrim Rest Camp,33.35,75.73,midvalley,15,2100,8.5,0.74,0.1817,3.8,0.52,600,2000,0.06,0.1
2025-07-17T10:00:00,upstream_storm,downstream_01,Riverside Colony,33.31,75.77,downstream,10,1800,5.87,1.46,0.2215,8.0,0.92,4200,400,0.15,0.25
2025-07-17T10:00:00,upstream_storm,downstream_02,Lower Falls Township,33.3,75.8,downstream,8,1700,1.36,1.44,0.2121,6.5,1.15,5500,250,0.16,0.24
2025-07-17T10:00:00,upstream_storm,downstream_03,Delta Market Village,33.29,75.75,downstream,12,1850,2.53,1.46,0.22,5.0,0.63,3000,150,0.13,0.21
2025-07-17T10:00:00,upstream_storm,downstream_04,Flood Plain Hamlet,33.28,75.82,downstream,5,1600,0.74,1.38,0.2269,9.2,0.46,2200,100,0.18,0.23
2025-07-17T10:15:00,upstream_storm,upstream_01,Glacier View Station,33.45,75.6,upstream,38,3200,7.53,0.79,0.0447,2.1,0.05,200,50,0.08,0.15
2025-07-17T10:15:00,upstream_storm,upstream_02,Pine Ridge Outpost,33.43,75.63,upstream,35,3050,4.44,0.74,0.0781,3.0,0.09,350,100,0.1,0.18
2025-07-17T10:15:00,upstream_storm,upstream_03,Eagle Cliff Village,33.41,75.58,upstream,42,3400,4.66,0.72,0.0744,4.5,0.03,120,30,0.12,0.2
2025-07-17T10:15:00,upstream_storm,upstream_04,Snowmelt Creek Base,33.44,75.65,upstream,30,2900,4.87,0.81,0.1164,1.8,0.072,280,80,0.09,0.16
2025-07-17T10:15:00,upstream_storm,midvalley_01,Valley Temple Town,33.38,75.68,midvalley,22,2400,10.45,0.68,0.183,5.2,0.46,1800,500,0.12,0.22
2025-07-17T10:15:00,upstream_storm,midvalley_02,Bridge Market Colony,33.36,75.71,midvalley,18,2200,3.91,0.51,0.2149,6.1,0.56,2500,300,0.14,0.2
2025-07-17T10:15:00,upstream_storm,midvalley_03,River Bend Settlement,33.37,75.66,midvalley,25,2300,5.33,0.52,0.1522,7.3,0.22,900,200,0.11,0.19
2025-07-17T10:15:00,upstream_storm,midvalley_04,Pilgrim Rest Camp,33.35,75.73,midvalley,15,2100,4.48,0.58,0.1667,3.8,0.52,600,2000,0.06,0.1
2025-07-17T10:15:00,upstream_storm,downstream_01,Riverside Colony,33.31,75.77,downstream,10,1800,7.28,1.17,0.2222,8.0,0.92,4200,400,0.15,0.25
2025-07-17T10:15:00,upstream_storm,downstream_02,Lower Falls Township,33.3,75.8,downstream,8,1700,0,1.21,0.2193,6.5,1.15,5500,250,0.16,0.24
2025-07-17T10:15:00,upstream_storm,downstream_03,Delta Market Village,33.29,75.75,downstream,12,1850,1.04,1.23,0.1918,5.0,0.63,3000,150,0.13,0.21
2025-07-17T10:15:00,upstream_storm,downstream_04,Flood Plain Hamlet,33.28,75.82,downstream,5,1600,6.37,1.1,0.2296,9.2,0.46,2200,100,0.18,0.23
2025-07-17T10:30:00,upstream_storm,upstream_01,Glacier View Station,33.45,75.6,upstream,38,3200,7.47,0.87,0.1033,2.1,0.05,200,50,0.08,0.15
2025-07-17T10:30:00,upstream_storm,upstream_02,Pine Ridge Outpost,33.43,75.63,upstream,35,3050,6.94,0.89,0.0485,3.0,0.09,350,100,0.1,0.18
2025-07-17T10:30:00,upstream_storm,upstream_03,Eagle Cliff Village,33.41,75.58,upstream,42,3400,2.67,0.65,0.0833,4.5,0.03,120,30,0.12,0.2
2025-07-17T10:30:00,upstream_storm,upstream_04,Snowmelt Creek Base,33.44,75.65,upstream,30,2900,3.2,0.74,0.1208,1.8,0.072,280,80,0.09,0.16
2025-07-17T10:30:00,upstream_storm,midvalley_01,Valley Temple Town,33.38,75.68,midvalley,22,2400,3.19,0.62,0.157,5.2,0.46,1800,500,0.12,0.22
2025-07-17T10:30:00,upstream_storm,midvalley_02,Bridge Market Colony,33.36,75.71,midvalley,18,2200,4.87,0.63,0.1665,6.1,0.56,2500,300,0.14,0.2
2025-07-17T10:30:00,upstream_storm,midvalley_03,River Bend Settlement,33.37,75.66,midvalley,25,2300,6.9,0.56,0.1212,7.3,0.22,900,200,0.11,0.19
2025-07-17T10:30:00,upstream_storm,midvalley_04,Pilgrim Rest Camp,33.35,75.73,midvalley,15,2100,4.14,0.51,0.1663,3.8,0.52,600,2000,0.06,0.1
2025-07-17T10:30:00,upstream_storm,downstream_01,Riverside Colony,33.31,75.77,downstream,10,1800,5.05,0.96,0.1706,8.0,0.92,4200,400,0.15,0.25
2025-07-17T10:30:00,upstream_storm,downstream_02,Lower Falls Township,33.3,75.8,downstream,8,1700,4.38,0.95,0.2285,6.5,1.15,5500,250,0.16,0.24
2025-07-17T10:30:00,upstream_storm,downstream_03,Delta Market Village,33.29,75.75,downstream,12,1850,0.67,0.95,0.1989,5.0,0.63,3000,150,0.13,0.21
2025-07-17T10:30:00,upstream_storm,downstream_04,Flood Plain Hamlet,33.28,75.82,downstream,5,1600,3.39,0.96,0.238,9.2,0.46,2200,100,0.18,0.23
2025-07-17T10:45:00,upstream_storm,upstream_01,Glacier View Station,33.45,75.6,upstream,38,3200,8.53,0.9,0.0928,2.1,0.05,200,50,0.08,0.15
2025-07-17T10:45:00,upstream_storm,upstream_02,Pine Ridge Outpost,33.43,75.63,upstream,35,3050,4.99,0.76,0.0745,3.0,0.09,350,100,0.1,0.18
2025-07-17T10:45:00,upstream_storm,upstream_03,Eagle Cliff Village,33.41,75.58,upstream,42,3400,9.25,0.95,0.0524,4.5,0.03,120,30,0.12,0.2
2025-07-17T10:45:00,upstream_storm,upstream_04,Snowmelt Creek Base,33.44,75.65,upstream,30,2900,3.55,0.74,0.0899,1.8,0.072,280,80,0.09,0.16
2025-07-17T10:45:00,upstream_storm,midvalley_01,Valley Temple Town,33.38,75.68,midvalley,22,2400,3.79,0.64,0.1696,5.2,0.46,1800,500,0.12,0.22
2025-07-17T10:45:00,upstream_storm,midvalley_02,Bridge Market Colony,33.36,75.71,midvalley,18,2200,5.52,0.63,0.1582,6.1,0.56,2500,300,0.14,0.2
2025-07-17T10:45:00,upstream_storm,midvalley_03,River Bend Settlement,33.37,75.66,midvalley,25,2300,5.05,0.58,0.1197,7.3,0.22,900,200,0.11,0.19
2025-07-17T10:45:00,upstream_storm,midvalley_04,Pilgrim Rest Camp,33.35,75.73,midvalley,15,2100,0.81,0.63,0.1908,3.8,0.52,600,2000,0.06,0.1
2025-07-17T10:45:00,upstream_storm,downstream_01,Riverside Colony,33.31,75.77,downstream,10,1800,5.46,0.79,0.2118,8.0,0.92,4200,400,0.15,0.25
2025-07-17T10:45:00,upstream_storm,downstream_02,Lower Falls Township,33.3,75.8,downstream,8,1700,4.58,0.72,0.2087,6.5,1.15,5500,250,0.16,0.24
2025-07-17T10:45:00,upstream_storm,downstream_03,Delta Market Village,33.29,75.75,downstream,12,1850,1.16,0.73,0.1865,5.0,0.63,3000,150,0.13,0.21
2025-07-17T10:45:00,upstream_storm,downstream_04,Flood Plain Hamlet,33.28,75.82,downstream,5,1600,1.24,0.75,0.2463,9.2,0.46,2200,100,0.18,0.23
2025-07-17T11:00:00,upstream_storm,upstream_01,Glacier View Station,33.45,75.6,upstream,38,3200,5.63,0.82,0.0646,2.1,0.05,200,50,0.08,0.15
2025-07-17T11:00:00,upstream_storm,upstream_02,Pine Ridge Outpost,33.43,75.63,upstream,35,3050,6.99,0.91,0.1115,3.0,0.09,350,100,0.1,0.18
2025-07-17T11:00:00,upstream_storm,upstream_03,Eagle Cliff Village,33.41,75.58,upstream,42,3400,5.35,0.75,0.0733,4.5,0.03,120,30,0.12,0.2
2025-07-17T11:00:00,upstream_storm,upstream_04,Snowmelt Creek Base,33.44,75.65,upstream,30,2900,10.88,1.0,0.1169,1.8,0.072,280,80,0.09,0.16
2025-07-17T11:00:00,upstream_storm,midvalley_01,Valley Temple Town,33.38,75.68,midvalley,22,2400,3.44,0.68,0.1473,5.2,0.46,1800,500,0.12,0.22
2025-07-17T11:00:00,upstream_storm,midvalley_02,Bridge Market Colony,33.36,75.71,midvalley,18,2200,3.98,0.6,0.216,6.1,0.56,2500,300,0.14,0.2
2025-07-17T11:00:00,upstream_storm,midvalley_03,River Bend Settlement,33.37,75.66,midvalley,25,2300,7.56,0.62,0.1558,7.3,0.22,900,200,0.11,0.19
2025-07-17T11:00:00,upstream_storm,midvalley_04,Pilgrim Rest Camp,33.35,75.73,midvalley,15,2100,2.76,0.66,0.1738,3.8,0.52,600,2000,0.06,0.1
2025-07-17T11:00:00,upstream_storm,downstream_01,Riverside Colony,33.31,75.77,downstream,10,1800,3.24,0.52,0.2125,8.0,0.92,4200,400,0.15,0.25
2025-07-17T11:00:00,upstream_storm,downstream_02,Lower Falls Township,33.3,75.8,downstream,8,1700,2.85,0.54,0.241,6.5,1.15,5500,250,0.16,0.24
2025-07-17T11:00:00,upstream_storm,downstream_03,Delta Market Village,33.29,75.75,downstream,12,1850,5.36,0.59,0.2096,5.0,0.63,3000,150,0.13,0.21
2025-07-17T11:00:00,upstream_storm,downstream_04,Flood Plain Hamlet,33.28,75.82,downstream,5,1600,3.37,0.58,0.2253,9.2,0.46,2200,100,0.18,0.23
2025-07-17T11:15:00,upstream_storm,upstream_01,Glacier View Station,33.45,75.6,upstream,38,3200,7.37,0.89,0.1183,2.1,0.05,200,50,0.08,0.15
2025-07-17T11:15:00,upstream_storm,upstream_02,Pine Ridge Outpost,33.43,75.63,upstream,35,3050,7.08,0.88,0.1157,3.0,0.09,350,100,0.1,0.18
2025-07-17T11:15:00,upstream_storm,upstream_03,Eagle Cliff Village,33.41,75.58,upstream,42,3400,4.92,0.78,0.0341,4.5,0.03,120,30,0.12,0.2
2025-07-17T11:15:00,upstream_storm,upstream_04,Snowmelt Creek Base,33.44,75.65,upstream,30,2900,5.06,0.81,0.157,1.8,0.072,280,80,0.09,0.16
2025-07-17T11:15:00,upstream_storm,midvalley_01,Valley Temple Town,33.38,75.68,midvalley,22,2400,6.83,0.57,0.1536,5.2,0.46,1800,500,0.12,0.22
2025-07-17T11:15:00,upstream_storm,midvalley_02,Bridge Market Colony,33.36,75.71,midvalley,18,2200,2.93,0.7,0.1341,6.1,0.56,2500,300,0.14,0.2
2025-07-17T11:15:00,upstream_storm,midvalley_03,River Bend Settlement,33.37,75.66,midvalley,25,2300,10.01,0.65,0.1435,7.3,0.22,900,200,0.11,0.19
2025-07-17T11:15:00,upstream_storm,midvalley_04,Pilgrim Rest Camp,33.35,75.73,midvalley,15,2100,7.87,0.53,0.2111,3.8,0.52,600,2000,0.06,0.1
2025-07-17T11:15:00,upstream_storm,downstream_01,Riverside Colony,33.31,75.77,downstream,10,1800,1.19,0.5,0.2272,8.0,0.92,4200,400,0.15,0.25
2025-07-17T11:15:00,upstream_storm,downstream_02,Lower Falls Township,33.3,75.8,downstream,8,1700,4.51,0.58,0.2162,6.5,1.15,5500,250,0.16,0.24
2025-07-17T11:15:00,upstream_storm,downstream_03,Delta Market Village,33.29,75.75,downstream,12,1850,5.43,0.62,0.1927,5.0,0.63,3000,150,0.13,0.21
2025-07-17T11:15:00,upstream_storm,downstream_04,Flood Plain Hamlet,33.28,75.82,downstream,5,1600,5.08,0.53,0.2822,9.2,0.46,2200,100,0.18,0.23
2025-07-17T11:30:00,upstream_storm,upstream_01,Glacier View Station,33.45,75.6,upstream,38,3200,6.93,0.79,0.0757,2.1,0.05,200,50,0.08,0.15
2025-07-17T11:30:00,upstream_storm,upstream_02,Pine Ridge Outpost,33.43,75.63,upstream,35,3050,8.58,0.84,0.1075,3.0,0.09,350,100,0.1,0.18
2025-07-17T11:30:00,upstream_storm,upstream_03,Eagle Cliff Village,33.41,75.58,upstream,42,3400,6.95,0.87,0.0949,4.5,0.03,120,30,0.12,0.2
2025-07-17T11:30:00,upstream_storm,upstream_04,Snowmelt Creek Base,33.44,75.65,upstream,30,2900,6.07,0.75,0.1496,1.8,0.072,280,80,0.09,0.16
2025-07-17T11:30:00,upstream_storm,midvalley_01,Valley Temple Town,33.38,75.68,midvalley,22,2400,8.51,0.55,0.185,5.2,0.46,1800,500,0.12,0.22
2025-07-17T11:30:00,upstream_storm,midvalley_02,Bridge Market Colony,33.36,75.71,midvalley,18,2200,3.72,0.51,0.1607,6.1,0.56,2500,300,0.14,0.2
2025-07-17T11:30:00,upstream_storm,midvalley_03,River Bend Settlement,33.37,75.66,midvalley,25,2300,5.58,0.61,0.1242,7.3,0.22,900,200,0.11,0.19
2025-07-17T11:30:00,upstream_storm,midvalley_04,Pilgrim Rest Camp,33.35,75.73,midvalley,15,2100,2.48,0.64,0.2009,3.8,0.52,600,2000,0.06,0.1
2025-07-17T11:30:00,upstream_storm,downstream_01,Riverside Colony,33.31,75.77,downstream,10,1800,2.13,0.6,0.2136,8.0,0.92,4200,400,0.15,0.25
2025-07-17T11:30:00,upstream_storm,downstream_02,Lower Falls Township,33.3,75.8,downstream,8,1700,6.51,0.59,0.2089,6.5,1.15,5500,250,0.16,0.24
2025-07-17T11:30:00,upstream_storm,downstream_03,Delta Market Village,33.29,75.75,downstream,12,1850,2.26,0.63,0.1977,5.0,0.63,3000,150,0.13,0.21
2025-07-17T11:30:00,upstream_storm,downstream_04,Flood Plain Hamlet,33.28,75.82,downstream,5,1600,2.24,0.65,0.2244,9.2,0.46,2200,100,0.18,0.23
2025-07-17T11:45:00,upstream_storm,upstream_01,Glacier View Station,33.45,75.6,upstream,38,3200,10.24,0.97,0.088,2.1,0.05,200,50,0.08,0.15
2025-07-17T11:45:00,upstream_storm,upstream_02,Pine Ridge Outpost,33.43,75.63,upstream,35,3050,10.35,0.89,0.1106,3.0,0.09,350,100,0.1,0.18
2025-07-17T11:45:00,upstream_storm,upstream_03,Eagle Cliff Village,33.41,75.58,upstream,42,3400,10.4,0.93,0.054,4.5,0.03,120,30,0.12,0.2
2025-07-17T11:45:00,upstream_storm,upstream_04,Snowmelt Creek Base,33.44,75.65,upstream,30,2900,5.92,0.75,0.1134,1.8,0.072,280,80,0.09,0.16
2025-07-17T11:45:00,upstream_storm,midvalley_01,Valley Temple Town,33.38,75.68,midvalley,22,2400,3.06,0.58,0.142,5.2,0.46,1800,500,0.12,0.22
2025-07-17T11:45:00,upstream_storm,midvalley_02,Bridge Market Colony,33.36,75.71,midvalley,18,2200,7.41,0.69,0.1697,6.1,0.56,2500,300,0.14,0.2
2025-07-17T11:45:00,upstream_storm,midvalley_03,River Bend Settlement,33.37,75.66,midvalley,25,2300,8.75,0.6,0.1413,7.3,0.22,900,200,0.11,0.19
2025-07-17T11:45:00,upstream_storm,midvalley_04,Pilgrim Rest Camp,33.35,75.73,midvalley,15,2100,10.54,0.53,0.2258,3.8,0.52,600,2000,0.06,0.1
2025-07-17T11:45:00,upstream_storm,downstream_01,Riverside Colony,33.31,75.77,downstream,10,1800,3.45,0.58,0.1947,8.0,0.92,4200,400,0.15,0.25
2025-07-17T11:45:00,upstream_storm,downstream_02,Lower Falls Township,33.3,75.8,downstream,8,1700,4.21,0.64,0.2233,6.5,1.15,5500,250,0.16,0.24
2025-07-17T11:45:00,upstream_storm,downstream_03,Delta Market Village,33.29,75.75,downstream,12,1850,7.21,0.52,0.2051,5.0,0.63,3000,150,0.13,0.21
2025-07-17T11:45:00,upstream_storm,downstream_04,Flood Plain Hamlet,33.28,75.82,downstream,5,1600,3.32,0.54,0.2246,9.2,0.46,2200,100,0.18,0.23
2025-07-17T14:00:00,multi_hazard,upstream_01,Glacier View Station,33.45,75.6,upstream,38,3200,39.12,2.36,0.6397,2.1,0.05,200,50,0.08,0.15
2025-07-17T14:00:00,multi_hazard,upstream_02,Pine Ridge Outpost,33.43,75.63,upstream,35,3050,42.79,2.6,0.6506,3.0,0.09,350,100,0.1,0.18
2025-07-17T14:00:00,multi_hazard,upstream_03,Eagle Cliff Village,33.41,75.58,upstream,42,3400,39.21,2.5,0.5964,4.5,0.03,120,30,0.12,0.2
2025-07-17T14:00:00,multi_hazard,upstream_04,Snowmelt Creek Base,33.44,75.65,upstream,30,2900,41.17,2.36,0.6666,1.8,0.072,280,80,0.09,0.16
2025-07-17T14:00:00,multi_hazard,midvalley_01,Valley Temple Town,33.38,75.68,midvalley,22,2400,33.88,2.06,0.6502,5.2,0.46,1800,500,0.12,0.22
2025-07-17T14:00:00,multi_hazard,midvalley_02,Bridge Market Colony,33.36,75.71,midvalley,18,2200,40.29,2.07,0.7368,6.1,0.56,2500,300,0.14,0.2
2025-07-17T14:00:00,multi_hazard,midvalley_03,River Bend Settlement,33.37,75.66,midvalley,25,2300,32.49,2.03,0.6847,7.3,0.22,900,200,0.11,0.19
2025-07-17T14:00:00,multi_hazard,midvalley_04,Pilgrim Rest Camp,33.35,75.73,midvalley,15,2100,33.99,1.8,0.7421,3.8,0.52,600,2000,0.06,0.1
2025-07-17T14:00:00,multi_hazard,downstream_01,Riverside Colony,33.31,75.77,downstream,10,1800,25.7,1.58,0.7319,8.0,0.92,4200,400,0.15,0.25
2025-07-17T14:00:00,multi_hazard,downstream_02,Lower Falls Township,33.3,75.8,downstream,8,1700,21.33,1.57,0.7264,6.5,1.15,5500,250,0.16,0.24
2025-07-17T14:00:00,multi_hazard,downstream_03,Delta Market Village,33.29,75.75,downstream,12,1850,23.74,1.61,0.6942,5.0,0.63,3000,150,0.13,0.21
2025-07-17T14:00:00,multi_hazard,downstream_04,Flood Plain Hamlet,33.28,75.82,downstream,5,1600,27.84,1.65,0.7671,9.2,0.46,2200,100,0.18,0.23
2025-07-17T14:15:00,multi_hazard,upstream_01,Glacier View Station,33.45,75.6,upstream,38,3200,44.9,2.68,0.6378,2.1,0.05,200,50,0.08,0.15
2025-07-17T14:15:00,multi_hazard,upstream_02,Pine Ridge Outpost,33.43,75.63,upstream,35,3050,42.11,2.64,0.6379,3.0,0.09,350,100,0.1,0.18
2025-07-17T14:15:00,multi_hazard,upstream_03,Eagle Cliff Village,33.41,75.58,upstream,42,3400,45.55,2.81,0.6389,4.5,0.03,120,30,0.12,0.2
2025-07-17T14:15:00,multi_hazard,upstream_04,Snowmelt Creek Base,33.44,75.65,upstream,30,2900,47.53,2.72,0.693,1.8,0.072,280,80,0.09,0.16
2025-07-17T14:15:00,multi_hazard,midvalley_01,Valley Temple Town,33.38,75.68,midvalley,22,2400,36.73,2.23,0.7131,5.2,0.46,1800,500,0.12,0.22
2025-07-17T14:15:00,multi_hazard,midvalley_02,Bridge Market Colony,33.36,75.71,midvalley,18,2200,35.24,2.02,0.7505,6.1,0.56,2500,300,0.14,0.2
2025-07-17T14:15:00,multi_hazard,midvalley_03,River Bend Settlement,33.37,75.66,midvalley,25,2300,34.55,2.21,0.7132,7.3,0.22,900,200,0.11,0.19
2025-07-17T14:15:00,multi_hazard,midvalley_04,Pilgrim Rest Camp,33.35,75.73,midvalley,15,2100,41.71,2.31,0.7602,3.8,0.52,600,2000,0.06,0.1
2025-07-17T14:15:00,multi_hazard,downstream_01,Riverside Colony,33.31,75.77,downstream,10,1800,21.93,1.69,0.6962,8.0,0.92,4200,400,0.15,0.25
2025-07-17T14:15:00,multi_hazard,downstream_02,Lower Falls Township,33.3,75.8,downstream,8,1700,22.16,1.69,0.7312,6.5,1.15,5500,250,0.16,0.24
2025-07-17T14:15:00,multi_hazard,downstream_03,Delta Market Village,33.29,75.75,downstream,12,1850,26.64,1.76,0.7288,5.0,0.63,3000,150,0.13,0.21
2025-07-17T14:15:00,multi_hazard,downstream_04,Flood Plain Hamlet,33.28,75.82,downstream,5,1600,26.05,1.65,0.7734,9.2,0.46,2200,100,0.18,0.23
2025-07-17T14:30:00,multi_hazard,upstream_01,Glacier View Station,33.45,75.6,upstream,38,3200,44.12,2.85,0.6553,2.1,0.05,200,50,0.08,0.15
2025-07-17T14:30:00,multi_hazard,upstream_02,Pine Ridge Outpost,33.43,75.63,upstream,35,3050,42.93,2.79,0.6822,3.0,0.09,350,100,0.1,0.18
2025-07-17T14:30:00,multi_hazard,upstream_03,Eagle Cliff Village,33.41,75.58,upstream,42,3400,39.93,2.74,0.6166,4.5,0.03,120,30,0.12,0.2
2025-07-17T14:30:00,multi_hazard,upstream_04,Snowmelt Creek Base,33.44,75.65,upstream,30,2900,40.15,2.39,0.6519,1.8,0.072,280,80,0.09,0.16
2025-07-17T14:30:00,multi_hazard,midvalley_01,Valley Temple Town,33.38,75.68,midvalley,22,2400,37.36,2.41,0.6884,5.2,0.46,1800,500,0.12,0.22
2025-07-17T14:30:00,multi_hazard,midvalley_02,Bridge Market Colony,33.36,75.71,midvalley,18,2200,36.44,2.27,0.7286,6.1,0.56,2500,300,0.14,0.2
2025-07-17T14:30:00,multi_hazard,midvalley_03,River Bend Settlement,33.37,75.66,midvalley,25,2300,35.82,2.33,0.6778,7.3,0.22,900,200,0.11,0.19
2025-07-17T14:30:00,multi_hazard,midvalley_04,Pilgrim Rest Camp,33.35,75.73,midvalley,15,2100,33.01,2.06,0.7545,3.8,0.52,600,2000,0.06,0.1
2025-07-17T14:30:00,multi_hazard,downstream_01,Riverside Colony,33.31,75.77,downstream,10,1800,24.28,1.82,0.7374,8.0,0.92,4200,400,0.15,0.25
2025-07-17T14:30:00,multi_hazard,downstream_02,Lower Falls Township,33.3,75.8,downstream,8,1700,27.8,1.93,0.756,6.5,1.15,5500,250,0.16,0.24
2025-07-17T14:30:00,multi_hazard,downstream_03,Delta Market Village,33.29,75.75,downstream,12,1850,25.44,1.84,0.7621,5.0,0.63,3000,150,0.13,0.21
2025-07-17T14:30:00,multi_hazard,downstream_04,Flood Plain Hamlet,33.28,75.82,downstream,5,1600,25.87,1.64,0.7688,9.2,0.46,2200,100,0.18,0.23
2025-07-17T14:45:00,multi_hazard,upstream_01,Glacier View Station,33.45,75.6,upstream,38,3200,38.19,2.67,0.661,2.1,0.05,200,50,0.08,0.15
2025-07-17T14:45:00,multi_hazard,upstream_02,Pine Ridge Outpost,33.43,75.63,upstream,35,3050,37.47,2.66,0.6736,3.0,0.09,350,100,0.1,0.18
2025-07-17T14:45:00,multi_hazard,upstream_03,Eagle Cliff Village,33.41,75.58,upstream,42,3400,38.49,2.81,0.6434,4.5,0.03,120,30,0.12,0.2
2025-07-17T14:45:00,multi_hazard,upstream_04,Snowmelt Creek Base,33.44,75.65,upstream,30,2900,36.01,2.55,0.705,1.8,0.072,280,80,0.09,0.16
2025-07-17T14:45:00,multi_hazard,midvalley_01,Valley Temple Town,33.38,75.68,midvalley,22,2400,28.1,2.3,0.7048,5.2,0.46,1800,500,0.12,0.22
2025-07-17T14:45:00,multi_hazard,midvalley_02,Bridge Market Colony,33.36,75.71,midvalley,18,2200,28.93,2.3,0.7098,6.1,0.56,2500,300,0.14,0.2
2025-07-17T14:45:00,multi_hazard,midvalley_03,River Bend Settlement,33.37,75.66,midvalley,25,2300,31.61,2.38,0.6877,7.3,0.22,900,200,0.11,0.19
2025-07-17T14:45:00,multi_hazard,midvalley_04,Pilgrim Rest Camp,33.35,75.73,midvalley,15,2100,29.85,2.11,0.7616,3.8,0.52,600,2000,0.06,0.1
2025-07-17T14:45:00,multi_hazard,downstream_01,Riverside Colony,33.31,75.77,downstream,10,1800,20.98,1.86,0.7699,8.0,0.92,4200,400,0.15,0.25
2025-07-17T14:45:00,multi_hazard,downstream_02,Lower Falls Township,33.3,75.8,downstream,8,1700,24.13,1.83,0.7178,6.5,1.15,5500,250,0.16,0.24
2025-07-17T14:45:00,multi_hazard,downstream_03,Delta Market Village,33.29,75.75,downstream,12,1850,22.63,1.84,0.765,5.0,0.63,3000,150,0.13,0.21
2025-07-17T14:45:00,multi_hazard,downstream_04,Flood Plain Hamlet,33.28,75.82,downstream,5,1600,20.83,1.72,0.7716,9.2,0.46,2200,100,0.18,0.23
2025-07-17T15:00:00,multi_hazard,upstream_01,Glacier View Station,33.45,75.6,upstream,38,3200,41.5,2.92,0.6791,2.1,0.05,200,50,0.08,0.15
2025-07-17T15:00:00,multi_hazard,upstream_02,Pine Ridge Outpost,33.43,75.63,upstream,35,3050,45.96,3.09,0.7107,3.0,0.09,350,100,0.1,0.18
2025-07-17T15:00:00,multi_hazard,upstream_03,Eagle Cliff Village,33.41,75.58,upstream,42,3400,46.84,3.16,0.6847,4.5,0.03,120,30,0.12,0.2
2025-07-17T15:00:00,multi_hazard,upstream_04,Snowmelt Creek Base,33.44,75.65,upstream,30,2900,47.26,3.06,0.7108,1.8,0.072,280,80,0.09,0.16
2025-07-17T15:00:00,multi_hazard,midvalley_01,Valley Temple Town,33.38,75.68,midvalley,22,2400,40.42,2.61,0.7605,5.2,0.46,1800,500,0.12,0.22
2025-07-17T15:00:00,multi_hazard,midvalley_02,Bridge Market Colony,33.36,75.71,midvalley,18,2200,41.3,2.46,0.7655,6.1,0.56,2500,300,0.14,0.2
2025-07-17T15:00:00,multi_hazard,midvalley_03,River Bend Settlement,33.37,75.66,midvalley,25,2300,40.25,2.61,0.7332,7.3,0.22,900,200,0.11,0.19
2025-07-17T15:00:00,multi_hazard,midvalley_04,Pilgrim Rest Camp,33.35,75.73,midvalley,15,2100,34.58,2.41,0.8011,3.8,0.52,600,2000,0.06,0.1
2025-07-17T15:00:00,multi_hazard,downstream_01,Riverside Colony,33.31,75.77,downstream,10,1800,24.09,1.92,0.7388,8.0,0.92,4200,400,0.15,0.25
2025-07-17T15:00:00,multi_hazard,downstream_02,Lower Falls Township,33.3,75.8,downstream,8,1700,25.15,2.1,0.7674,6.5,1.15,5500,250,0.16,0.24
2025-07-17T15:00:00,multi_hazard,downstream_03,Delta Market Village,33.29,75.75,downstream,12,1850,28.15,2.09,0.7639,5.0,0.63,3000,150,0.13,0.21
2025-07-17T15:00:00,multi_hazard,downstream_04,Flood Plain Hamlet,33.28,75.82,downstream,5,1600,25.68,1.97,0.7719,9.2,0.46,2200,100,0.18,0.23
2025-07-17T15:15:00,multi_hazard,upstream_01,Glacier View Station,33.45,75.6,upstream,38,3200,44.2,3.14,0.6793,2.1,0.05,200,50,0.08,0.15
2025-07-17T15:15:00,multi_hazard,upstream_02,Pine Ridge Outpost,33.43,75.63,upstream,35,3050,45.02,3.06,0.6972,3.0,0.09,350,100,0.1,0.18
2025-07-17T15:15:00,multi_hazard,upstream_03,Eagle Cliff Village,33.41,75.58,upstream,42,3400,44.82,3.2,0.6656,4.5,0.03,120,30,0.12,0.2
2025-07-17T15:15:00,multi_hazard,upstream_04,Snowmelt Creek Base,33.44,75.65,upstream,30,2900,43.56,2.94,0.7361,1.8,0.072,280,80,0.09,0.16
2025-07-17T15:15:00,multi_hazard,midvalley_01,Valley Temple Town,33.38,75.68,midvalley,22,2400,34.81,2.62,0.7314,5.2,0.46,1800,500,0.12,0.22
2025-07-17T15:15:00,multi_hazard,midvalley_02,Bridge Market Colony,33.36,75.71,midvalley,18,2200,40.91,2.58,0.7894,6.1,0.56,2500,300,0.14,0.2
2025-07-17T15:15:00,multi_hazard,midvalley_03,River Bend Settlement,33.37,75.66,midvalley,25,2300,37.98,2.66,0.7187,7.3,0.22,900,200,0.11,0.19
2025-07-17T15:15:00,multi_hazard,midvalley_04,Pilgrim Rest Camp,33.35,75.73,midvalley,15,2100,37.12,2.43,0.7874,3.8,0.52,600,2000,0.06,0.1
2025-07-17T15:15:00,multi_hazard,downstream_01,Riverside Colony,33.31,75.77,downstream,10,1800,27.04,2.22,0.7722,8.0,0.92,4200,400,0.15,0.25
2025-07-17T15:15:00,multi_hazard,downstream_02,Lower Falls Township,33.3,75.8,downstream,8,1700,25.93,2.18,0.7757,6.5,1.15,5500,250,0.16,0.24
2025-07-17T15:15:00,multi_hazard,downstream_03,Delta Market Village,33.29,75.75,downstream,12,1850,25.29,2.09,0.7276,5.0,0.63,3000,150,0.13,0.21
2025-07-17T15:15:00,multi_hazard,downstream_04,Flood Plain Hamlet,33.28,75.82,downstream,5,1600,26.47,2.05,0.7889,9.2,0.46,2200,100,0.18,0.23
2025-07-17T15:30:00,multi_hazard,upstream_01,Glacier View Station,33.45,75.6,upstream,38,3200,48.85,3.47,0.6987,2.1,0.05,200,50,0.08,0.15
2025-07-17T15:30:00,multi_hazard,upstream_02,Pine Ridge Outpost,33.43,75.63,upstream,35,3050,51.66,3.5,0.7579,3.0,0.09,350,100,0.1,0.18
2025-07-17T15:30:00,multi_hazard,upstream_03,Eagle Cliff Village,33.41,75.58,upstream,42,3400,48.86,3.56,0.6919,4.5,0.03,120,30,0.12,0.2
2025-07-17T15:30:00,multi_hazard,upstream_04,Snowmelt Creek Base,33.44,75.65,upstream,30,2900,48.5,3.19,0.7512,1.8,0.072,280,80,0.09,0.16
2025-07-17T15:30:00,multi_hazard,midvalley_01,Valley Temple Town,33.38,75.68,midvalley,22,2400,41.02,2.55,0.7748,5.2,0.46,1800,500,0.12,0.22
2025-07-17T15:30:00,multi_hazard,midvalley_02,Bridge Market Colony,33.36,75.71,midvalley,18,2200,40.67,2.45,0.762,6.1,0.56,2500,300,0.14,0.2
2025-07-17T15:30:00,multi_hazard,midvalley_03,River Bend Settlement,33.37,75.66,midvalley,25,2300,41.28,2.52,0.7364,7.3,0.22,900,200,0.11,0.19
2025-07-17T15:30:00,multi_hazard,midvalley_04,Pilgrim Rest Camp,33.35,75.73,midvalley,15,2100,38.64,2.51,0.7738,3.8,0.52,600,2000,0.06,0.1
2025-07-17T15:30:00,multi_hazard,downstream_01,Riverside Colony,33.31,75.77,downstream,10,1800,28.96,2.47,0.7716,8.0,0.92,4200,400,0.15,0.25
2025-07-17T15:30:00,multi_hazard,downstream_02,Lower Falls Township,33.3,75.8,downstream,8,1700,31.23,2.41,0.8246,6.5,1.15,5500,250,0.16,0.24
2025-07-17T15:30:00,multi_hazard,downstream_03,Delta Market Village,33.29,75.75,downstream,12,1850,30.93,2.57,0.7834,5.0,0.63,3000,150,0.13,0.21
2025-07-17T15:30:00,multi_hazard,downstream_04,Flood Plain Hamlet,33.28,75.82,downstream,5,1600,28.28,2.36,0.8357,9.2,0.46,2200,100,0.18,0.23
2025-07-17T15:45:00,multi_hazard,upstream_01,Glacier View Station,33.45,75.6,upstream,38,3200,51.82,3.67,0.6785,2.1,0.05,200,50,0.08,0.15
2025-07-17T15:45:00,multi_hazard,upstream_02,Pine Ridge Outpost,33.43,75.63,upstream,35,3050,48.6,3.54,0.7453,3.0,0.09,350,100,0.1,0.18
2025-07-17T15:45:00,multi_hazard,upstream_03,Eagle Cliff Village,33.41,75.58,upstream,42,3400,50.84,3.73,0.7082,4.5,0.03,120,30,0.12,0.2
2025-07-17T15:45:00,multi_hazard,upstream_04,Snowmelt Creek Base,33.44,75.65,upstream,30,2900,48.7,3.46,0.7612,1.8,0.072,280,80,0.09,0.16
2025-07-17T15:45:00,multi_hazard,midvalley_01,Valley Temple Town,33.38,75.68,midvalley,22,2400,39.49,2.92,0.7613,5.2,0.46,1800,500,0.12,0.22
2025-07-17T15:45:00,multi_hazard,midvalley_02,Bridge Market Colony,33.36,75.71,midvalley,18,2200,43.15,2.9,0.8048,6.1,0.56,2500,300,0.14,0.2
2025-07-17T15:45:00,multi_hazard,midvalley_03,River Bend Settlement,33.37,75.66,midvalley,25,2300,43.22,2.92,0.7774,7.3,0.22,900,200,0.11,0.19
2025-07-17T15:45:00,multi_hazard,midvalley_04,Pilgrim Rest Camp,33.35,75.73,midvalley,15,2100,44.47,2.81,0.8475,3.8,0.52,600,2000,0.06,0.1
2025-07-17T15:45:00,multi_hazard,downstream_01,Riverside Colony,33.31,75.77,downstream,10,1800,26.04,2.67,0.7578,8.0,0.92,4200,400,0.15,0.25
2025-07-17T15:45:00,multi_hazard,downstream_02,Lower Falls Township,33.3,75.8,downstream,8,1700,27.4,2.54,0.7687,6.5,1.15,5500,250,0.16,0.24
2025-07-17T15:45:00,multi_hazard,downstream_03,Delta Market Village,33.29,75.75,downstream,12,1850,27.87,2.76,0.7884,5.0,0.63,3000,150,0.13,0.21
2025-07-17T15:45:00,multi_hazard,downstream_04,Flood Plain Hamlet,33.28,75.82,downstream,5,1600,29.77,2.59,0.8176,9.2,0.46,2200,100,0.18,0.23
2025-07-17T16:00:00,multi_hazard,upstream_01,Glacier View Station,33.45,75.6,upstream,38,3200,55.57,3.97,0.7455,2.1,0.05,200,50,0.08,0.15
2025-07-17T16:00:00,multi_hazard,upstream_02,Pine Ridge Outpost,33.43,75.63,upstream,35,3050,55.74,3.85,0.7634,3.0,0.09,350,100,0.1,0.18
2025-07-17T16:00:00,multi_hazard,upstream_03,Eagle Cliff Village,33.41,75.58,upstream,42,3400,55.93,3.96,0.7131,4.5,0.03,120,30,0.12,0.2
2025-07-17T16:00:00,multi_hazard,upstream_04,Snowmelt Creek Base,33.44,75.65,upstream,30,2900,51.07,3.6,0.7568,1.8,0.072,280,80,0.09,0.16
2025-07-17T16:00:00,multi_hazard,midvalley_01,Valley Temple Town,33.38,75.68,midvalley,22,2400,44.23,2.96,0.7963,5.2,0.46,1800,500,0.12,0.22
2025-07-17T16:00:00,multi_hazard,midvalley_02,Bridge Market Colony,33.36,75.71,midvalley,18,2200,44.1,2.91,0.7914,6.1,0.56,2500,300,0.14,0.2
2025-07-17T16:00:00,multi_hazard,midvalley_03,River Bend Settlement,33.37,75.66,midvalley,25,2300,44.72,3.04,0.787,7.3,0.22,900,200,0.11,0.19
2025-07-17T16:00:00,multi_hazard,midvalley_04,Pilgrim Rest Camp,33.35,75.73,midvalley,15,2100,44.68,2.92,0.7985,3.8,0.52,600,2000,0.06,0.1
2025-07-17T16:00:00,multi_hazard,downstream_01,Riverside Colony,33.31,75.77,downstream,10,1800,31.38,2.8,0.8153,8.0,0.92,4200,400,0.15,0.25
2025-07-17T16:00:00,multi_hazard,downstream_02,Lower Falls Township,33.3,75.8,downstream,8,1700,33.37,2.69,0.8386,6.5,1.15,5500,250,0.16,0.24
2025-07-17T16:00:00,multi_hazard,downstream_03,Delta Market Village,33.29,75.75,downstream,12,1850,31.53,2.78,0.809,5.0,0.63,3000,150,0.13,0.21
2025-07-17T16:00:00,multi_hazard,downstream_04,Flood Plain Hamlet,33.28,75.82,downstream,5,1600,34.98,2.66,0.899,9.2,0.46,2200,100,0.18,0.23
2025-07-17T16:15:00,multi_hazard,upstream_01,Glacier View Station,33.45,75.6,upstream,38,3200,42.54,3.58,0.7521,2.1,0.05,200,50,0.08,0.15
2025-07-17T16:15:00,multi_hazard,upstream_02,Pine Ridge Outpost,33.43,75.63,upstream,35,3050,45.3,3.53,0.7358,3.0,0.09,350,100,0.1,0.18
2025-07-17T16:15:00,multi_hazard,upstream_03,Eagle Cliff Village,33.41,75.58,upstream,42,3400,47.8,3.86,0.6952,4.5,0.03,120,30,0.12,0.2
2025-07-17T16:15:00,multi_hazard,upstream_04,Snowmelt Creek Base,33.44,75.65,upstream,30,2900,41.85,3.42,0.7495,1.8,0.072,280,80,0.09,0.16
2025-07-17T16:15:00,multi_hazard,midvalley_01,Valley Temple Town,33.38,75.68,midvalley,22,2400,36.54,3.2,0.7705,5.2,0.46,1800,500,0.12,0.22
2025-07-17T16:15:00,multi_hazard,midvalley_02,Bridge Market Colony,33.36,75.71,midvalley,18,2200,34.37,3.16,0.7609,6.1,0.56,2500,300,0.14,0.2
2025-07-17T16:15:00,multi_hazard,midvalley_03,River Bend Settlement,33.37,75.66,midvalley,25,2300,36.19,3.31,0.776,7.3,0.22,900,200,0.11,0.19
2025-07-17T16:15:00,multi_hazard,midvalley_04,Pilgrim Rest Camp,33.35,75.73,midvalley,15,2100,39.44,3.03,0.7891,3.8,0.52,600,2000,0.06,0.1
2025-07-17T16:15:00,multi_hazard,downstream_01,Riverside Colony,33.31,75.77,downstream,10,1800,27.0,2.85,0.8203,8.0,0.92,4200,400,0.15,0.25
2025-07-17T16:15:00,multi_hazard,downstream_02,Lower Falls Township,33.3,75.8,downstream,8,1700,24.11,2.72,0.834,6.5,1.15,5500,250,0.16,0.24
2025-07-17T16:15:00,multi_hazard,downstream_03,Delta Market Village,33.29,75.75,downstream,12,1850,22.65,2.77,0.7752,5.0,0.63,3000,150,0.13,0.21
2025-07-17T16:15:00,multi_hazard,downstream_04,Flood Plain Hamlet,33.28,75.82,downstream,5,1600,22.52,2.58,0.7793,9.2,0.46,2200,100,0.18,0.23
2025-07-17T16:30:00,multi_hazard,upstream_01,Glacier View Station,33.45,75.6,upstream,38,3200,57.14,4.17,0.756,2.1,0.05,200,50,0.08,0.15
2025-07-17T16:30:00,multi_hazard,upstream_02,Pine Ridge Outpost,33.43,75.63,upstream,35,3050,55.27,3.96,0.7686,3.0,0.09,350,100,0.1,0.18
2025-07-17T16:30:00,multi_hazard,upstream_03,Eagle Cliff Village,33.41,75.58,upstream,42,3400,60.49,4.31,0.7923,4.5,0.03,120,30,0.12,0.2
2025-07-17T16:30:00,multi_hazard,upstream_04,Snowmelt Creek Base,33.44,75.65,upstream,30,2900,57.18,3.98,0.8004,1.8,0.072,280,80,0.09,0.16
2025-07-17T16:30:00,multi_hazard,midvalley_01,Valley Temple Town,33.38,75.68,midvalley,22,2400,50.43,3.31,0.8189,5.2,0.46,1800,500,0.12,0.22
2025-07-17T16:30:00,multi_hazard,midvalley_02,Bridge Market Colony,33.36,75.71,midvalley,18,2200,54.39,3.33,0.8579,6.1,0.56,2500,300,0.14,0.2
2025-07-17T16:30:00,multi_hazard,midvalley_03,River Bend Settlement,33.37,75.66,midvalley,25,2300,49.43,3.33,0.7992,7.3,0.22,900,200,0.11,0.19
2025-07-17T16:30:00,multi_hazard,midvalley_04,Pilgrim Rest Camp,33.35,75.73,midvalley,15,2100,48.41,3.14,0.8347,3.8,0.52,600,2000,0.06,0.1
2025-07-17T16:30:00,multi_hazard,downstream_01,Riverside Colony,33.31,75.77,downstream,10,1800,33.05,3.13,0.842,8.0,0.92,4200,400,0.15,0.25
2025-07-17T16:30:00,multi_hazard,downstream_02,Lower Falls Township,33.3,75.8,downstream,8,1700,32.93,2.93,0.855,6.5,1.15,5500,250,0.16,0.24
2025-07-17T16:30:00,multi_hazard,downstream_03,Delta Market Village,33.29,75.75,downstream,12,1850,36.02,3.12,0.8006,5.0,0.63,3000,150,0.13,0.21
2025-07-17T16:30:00,multi_hazard,downstream_04,Flood Plain Hamlet,33.28,75.82,downstream,5,1600,33.74,2.94,0.8608,9.2,0.46,2200,100,0.18,0.23
2025-07-17T16:45:00,multi_hazard,upstream_01,Glacier View Station,33.45,75.6,upstream,38,3200,50.21,4.05,0.773,2.1,0.05,200,50,0.08,0.15
2025-07-17T16:45:00,multi_hazard,upstream_02,Pine Ridge Outpost,33.43,75.63,upstream,35,3050,52.1,4.05,0.7858,3.0,0.09,350,100,0.1,0.18
2025-07-17T16:45:00,multi_hazard,upstream_03,Eagle Cliff Village,33.41,75.58,upstream,42,3400,51.12,4.21,0.7882,4.5,0.03,120,30,0.12,0.2
2025-07-17T16:45:00,multi_hazard,upstream_04,Snowmelt Creek Base,33.44,75.65,upstream,30,2900,52.96,4.01,0.7943,1.8,0.072,280,80,0.09,0.16
2025-07-17T16:45:00,multi_hazard,midvalley_01,Valley Temple Town,33.38,75.68,midvalley,22,2400,42.35,3.62,0.7953,5.2,0.46,1800,500,0.12,0.22
2025-07-17T16:45:00,multi_hazard,midvalley_02,Bridge Market Colony,33.36,75.71,midvalley,18,2200,43.99,3.46,0.8223,6.1,0.56,2500,300,0.14,0.2
2025-07-17T16:45:00,multi_hazard,midvalley_03,River Bend Settlement,33.37,75.66,midvalley,25,2300,45.63,3.65,0.82,7.3,0.22,900,200,0.11,0.19
2025-07-17T16:45:00,multi_hazard,midvalley_04,Pilgrim Rest Camp,33.35,75.73,midvalley,15,2100,41.43,3.39,0.8639,3.8,0.52,600,2000,0.06,0.1
2025-07-17T16:45:00,multi_hazard,downstream_01,Riverside Colony,33.31,75.77,downstream,10,1800,30.93,3.14,0.8626,8.0,0.92,4200,400,0.15,0.25
2025-07-17T16:45:00,multi_hazard,downstream_02,Lower Falls Township,33.3,75.8,downstream,8,1700,31.45,3.07,0.8103,6.5,1.15,5500,250,0.16,0.24
2025-07-17T16:45:00,multi_hazard,downstream_03,Delta Market Village,33.29,75.75,downstream,12,1850,29.18,3.19,0.8374,5.0,0.63,3000,150,0.13,0.21
2025-07-17T16:45:00,multi_hazard,downstream_04,Flood Plain Hamlet,33.28,75.82,downstream,5,1600,30.14,3.1,0.8477,9.2,0.46,2200,100,0.18,0.23
2025-07-17T17:00:00,multi_hazard,upstream_01,Glacier View Station,33.45,75.6,upstream,38,3200,55.76,4.33,0.765,2.1,0.05,200,50,0.08,0.15
2025-07-17T17:00:00,multi_hazard,upstream_02,Pine Ridge Outpost,33.43,75.63,upstream,35,3050,56.43,4.2,0.8155,3.0,0.09,350,100,0.1,0.18
2025-07-17T17:00:00,multi_hazard,upstream_03,Eagle Cliff Village,33.41,75.58,upstream,42,3400,56.38,4.5,0.7625,4.5,0.03,120,30,0.12,0.2
2025-07-17T17:00:00,multi_hazard,upstream_04,Snowmelt Creek Base,33.44,75.65,upstream,30,2900,61.53,4.28,0.8698,1.8,0.072,280,80,0.09,0.16
2025-07-17T17:00:00,multi_hazard,midvalley_01,Valley Temple Town,33.38,75.68,midvalley,22,2400,44.64,3.37,0.8288,5.2,0.46,1800,500,0.12,0.22
2025-07-17T17:00:00,multi_hazard,midvalley_02,Bridge Market Colony,33.36,75.71,midvalley,18,2200,46.07,3.35,0.8529,6.1,0.56,2500,300,0.14,0.2
2025-07-17T17:00:00,multi_hazard,midvalley_03,River Bend Settlement,33.37,75.66,midvalley,25,2300,46.78,3.42,0.8072,7.3,0.22,900,200,0.11,0.19
2025-07-17T17:00:00,multi_hazard,midvalley_04,Pilgrim Rest Camp,33.35,75.73,midvalley,15,2100,47.63,3.24,0.8831,3.8,0.52,600,2000,0.06,0.1
2025-07-17T17:00:00,multi_hazard,downstream_01,Riverside Colony,33.31,75.77,downstream,10,1800,32.64,3.3,0.8443,8.0,0.92,4200,400,0.15,0.25
2025-07-17T17:00:00,multi_hazard,downstream_02,Lower Falls Township,33.3,75.8,downstream,8,1700,34.47,3.3,0.9086,6.5,1.15,5500,250,0.16,0.24
2025-07-17T17:00:00,multi_hazard,downstream_03,Delta Market Village,33.29,75.75,downstream,12,1850,35.11,3.29,0.8444,5.0,0.63,3000,150,0.13,0.21
2025-07-17T17:00:00,multi_hazard,downstream_04,Flood Plain Hamlet,33.28,75.82,downstream,5,1600,32.86,3.23,0.8637,9.2,0.46,2200,100,0.18,0.23
2025-07-17T17:15:00,multi_hazard,upstream_01,Glacier View Station,33.45,75.6,upstream,38,3200,56.39,4.53,0.7899,2.1,0.05,200,50,0.08,0.15
2025-07-17T17:15:00,multi_hazard,upstream_02,Pine Ridge Outpost,33.43,75.63,upstream,35,3050,53.76,4.3,0.7813,3.0,0.09,350,100,0.1,0.18
2025-07-17T17:15:00,multi_hazard,upstream_03,Eagle Cliff Village,33.41,75.58,upstream,42,3400,54.34,4.55,0.7822,4.5,0.03,120,30,0.12,0.2
2025-07-17T17:15:00,multi_hazard,upstream_04,Snowmelt Creek Base,33.44,75.65,upstream,30,2900,59.01,4.21,0.8302,1.8,0.072,280,80,0.09,0.16
2025-07-17T17:15:00,multi_hazard,midvalley_01,Valley Temple Town,33.38,75.68,midvalley,22,2400,45.18,3.89,0.8432,5.2,0.46,1800,500,0.12,0.22
2025-07-17T17:15:00,multi_hazard,midvalley_02,Bridge Market Colony,33.36,75.71,midvalley,18,2200,46.61,3.85,0.853,6.1,0.56,2500,300,0.14,0.2
2025-07-17T17:15:00,multi_hazard,midvalley_03,River Bend Settlement,33.37,75.66,midvalley,25,2300,43.94,3.87,0.8144,7.3,0.22,900,200,0.11,0.19
2025-07-17T17:15:00,multi_hazard,midvalley_04,Pilgrim Rest Camp,33.35,75.73,midvalley,15,2100,46.04,3.7,0.908,3.8,0.52,600,2000,0.06,0.1
2025-07-17T17:15:00,multi_hazard,downstream_01,Riverside Colony,33.31,75.77,downstream,10,1800,31.93,3.4,0.8249,8.0,0.92,4200,400,0.15,0.25
2025-07-17T17:15:00,multi_hazard,downstream_02,Lower Falls Township,33.3,75.8,downstream,8,1700,34.5,3.37,0.8715,6.5,1.15,5500,250,0.16,0.24
2025-07-17T17:15:00,multi_hazard,downstream_03,Delta Market Village,33.29,75.75,downstream,12,1850,34.41,3.52,0.85,5.0,0.63,3000,150,0.13,0.21
2025-07-17T17:15:00,multi_hazard,downstream_04,Flood Plain Hamlet,33.28,75.82,downstream,5,1600,29.63,3.41,0.8905,9.2,0.46,2200,100,0.18,0.23
2025-07-17T17:30:00,multi_hazard,upstream_01,Glacier View Station,33.45,75.6,upstream,38,3200,66.32,4.96,0.8179,2.1,0.05,200,50,0.08,0.15
2025-07-17T17:30:00,multi_hazard,upstream_02,Pine Ridge Outpost,33.43,75.63,upstream,35,3050,72.08,5.03,0.8363,3.0,0.09,350,100,0.1,0.18
2025-07-17T17:30:00,multi_hazard,upstream_03,Eagle Cliff Village,33.41,75.58,upstream,42,3400,66.84,5.04,0.7958,4.5,0.03,120,30,0.12,0.2
2025-07-17T17:30:00,multi_hazard,upstream_04,Snowmelt Creek Base,33.44,75.65,upstream,30,2900,73.25,5.0,0.8785,1.8,0.072,280,80,0.09,0.16
2025-07-17T17:30:00,multi_hazard,midvalley_01,Valley Temple Town,33.38,75.68,midvalley,22,2400,58.42,3.8,0.8871,5.2,0.46,1800,500,0.12,0.22
2025-07-17T17:30:00,multi_hazard,midvalley_02,Bridge Market Colony,33.36,75.71,midvalley,18,2200,59.92,3.76,0.9146,6.1,0.56,2500,300,0.14,0.2
2025-07-17T17:30:00,multi_hazard,midvalley_03,River Bend Settlement,33.37,75.66,midvalley,25,2300,57.19,3.92,0.8597,7.3,0.22,900,200,0.11,0.19
2025-07-17T17:30:00,multi_hazard,midvalley_04,Pilgrim Rest Camp,33.35,75.73,midvalley,15,2100,58.84,3.66,0.9257,3.8,0.52,600,2000,0.06,0.1
2025-07-17T17:30:00,multi_hazard,downstream_01,Riverside Colony,33.31,75.77,downstream,10,1800,44.75,3.62,0.8964,8.0,0.92,4200,400,0.15,0.25
2025-07-17T17:30:00,multi_hazard,downstream_02,Lower Falls Township,33.3,75.8,downstream,8,1700,40.49,3.57,0.9423,6.5,1.15,5500,250,0.16,0.24
2025-07-17T17:30:00,multi_hazard,downstream_03,Delta Market Village,33.29,75.75,downstream,12,1850,40.1,3.63,0.8844,5.0,0.63,3000,150,0.13,0.21
2025-07-17T17:30:00,multi_hazard,downstream_04,Flood Plain Hamlet,33.28,75.82,downstream,5,1600,41.09,3.54,0.9674,9.2,0.46,2200,100,0.18,0.23
2025-07-17T17:45:00,multi_hazard,upstream_01,Glacier View Station,33.45,75.6,upstream,38,3200,67.13,5.2,0.876,2.1,0.05,200,50,0.08,0.15
2025-07-17T17:45:00,multi_hazard,upstream_02,Pine Ridge Outpost,33.43,75.63,upstream,35,3050,70.27,5.12,0.8793,3.0,0.09,350,100,0.1,0.18
2025-07-17T17:45:00,multi_hazard,upstream_03,Eagle Cliff Village,33.41,75.58,upstream,42,3400,69.35,5.26,0.8118,4.5,0.03,120,30,0.12,0.2
2025-07-17T17:45:00,multi_hazard,upstream_04,Snowmelt Creek Base,33.44,75.65,upstream,30,2900,65.59,4.75,0.8854,1.8,0.072,280,80,0.09,0.16
2025-07-17T17:45:00,multi_hazard,midvalley_01,Valley Temple Town,33.38,75.68,midvalley,22,2400,56.14,4.12,0.8876,5.2,0.46,1800,500,0.12,0.22
2025-07-17T17:45:00,multi_hazard,midvalley_02,Bridge Market Colony,33.36,75.71,midvalley,18,2200,55.98,4.03,0.9307,6.1,0.56,2500,300,0.14,0.2
2025-07-17T17:45:00,multi_hazard,midvalley_03,River Bend Settlement,33.37,75.66,midvalley,25,2300,55.0,4.12,0.8929,7.3,0.22,900,200,0.11,0.19
2025-07-17T17:45:00,multi_hazard,midvalley_04,Pilgrim Rest Camp,33.35,75.73,midvalley,15,2100,56.14,3.92,0.9183,3.8,0.52,600,2000,0.06,0.1
2025-07-17T17:45:00,multi_hazard,downstream_01,Riverside Colony,33.31,75.77,downstream,10,1800,39.17,3.5,0.8811,8.0,0.92,4200,400,0.15,0.25
2025-07-17T17:45:00,multi_hazard,downstream_02,Lower Falls Township,33.3,75.8,downstream,8,1700,40.28,3.53,0.9081,6.5,1.15,5500,250,0.16,0.24
2025-07-17T17:45:00,multi_hazard,downstream_03,Delta Market Village,33.29,75.75,downstream,12,1850,40.1,3.6,0.8923,5.0,0.63,3000,150,0.13,0.21
2025-07-17T17:45:00,multi_hazard,downstream_04,Flood Plain Hamlet,33.28,75.82,downstream,5,1600,42.84,3.52,0.9631,9.2,0.46,2200,100,0.18,0.23
2025-07-17T18:00:00,multi_hazard,upstream_01,Glacier View Station,33.45,75.6,upstream,38,3200,77.74,5.62,0.8911,2.1,0.05,200,50,0.08,0.15
2025-07-17T18:00:00,multi_hazard,upstream_02,Pine Ridge Outpost,33.43,75.63,upstream,35,3050,78.06,5.5,0.8438,3.0,0.09,350,100,0.1,0.18
2025-07-17T18:00:00,multi_hazard,upstream_03,Eagle Cliff Village,33.41,75.58,upstream,42,3400,76.07,5.81,0.877,4.5,0.03,120,30,0.12,0.2
2025-07-17T18:00:00,multi_hazard,upstream_04,Snowmelt Creek Base,33.44,75.65,upstream,30,2900,73.78,5.18,0.9019,1.8,0.072,280,80,0.09,0.16
2025-07-17T18:00:00,multi_hazard,midvalley_01,Valley Temple Town,33.38,75.68,midvalley,22,2400,61.94,4.19,0.9474,5.2,0.46,1800,500,0.12,0.22
2025-07-17T18:00:00,multi_hazard,midvalley_02,Bridge Market Colony,33.36,75.71,midvalley,18,2200,61.2,4.0,0.9378,6.1,0.56,2500,300,0.14,0.2
2025-07-17T18:00:00,multi_hazard,midvalley_03,River Bend Settlement,33.37,75.66,midvalley,25,2300,60.29,4.25,0.9159,7.3,0.22,900,200,0.11,0.19
2025-07-17T18:00:00,multi_hazard,midvalley_04,Pilgrim Rest Camp,33.35,75.73,midvalley,15,2100,59.91,3.95,0.9487,3.8,0.52,600,2000,0.06,0.1
2025-07-17T18:00:00,multi_hazard,downstream_01,Riverside Colony,33.31,75.77,downstream,10,1800,44.64,3.83,0.9153,8.0,0.92,4200,400,0.15,0.25
2025-07-17T18:00:00,multi_hazard,downstream_02,Lower Falls Township,33.3,75.8,downstream,8,1700,44.92,3.87,0.9278,6.5,1.15,5500,250,0.16,0.24
2025-07-17T18:00:00,multi_hazard,downstream_03,Delta Market Village,33.29,75.75,downstream,12,1850,43.79,3.99,0.9175,5.0,0.63,3000,150,0.13,0.21
2025-07-17T18:00:00,multi_hazard,downstream_04,Flood Plain Hamlet,33.28,75.82,downstream,5,1600,39.66,3.72,0.9442,9.2,0.46,2200,100,0.18,0.23
2025-07-17T18:15:00,multi_hazard,upstream_01,Glacier View Station,33.45,75.6,upstream,38,3200,77.41,5.72,0.8627,2.1,0.05,200,50,0.08,0.15
2025-07-17T18:15:00,multi_hazard,upstream_02,Pine Ridge Outpost,33.43,75.63,upstream,35,3050,77.29,5.63,0.8957,3.0,0.09,350,100,0.1,0.18
2025-07-17T18:15:00,multi_hazard,upstream_03,Eagle Cliff Village,33.41,75.58,upstream,42,3400,69.6,5.54,0.8686,4.5,0.03,120,30,0.12,0.2
2025-07-17T18:15:00,multi_hazard,upstream_04,Snowmelt Creek Base,33.44,75.65,upstream,30,2900,74.66,5.42,0.9415,1.8,0.072,280,80,0.09,0.16
2025-07-17T18:15:00,multi_hazard,midvalley_01,Valley Temple Town,33.38,75.68,midvalley,22,2400,63.61,4.51,0.9608,5.2,0.46,1800,500,0.12,0.22
2025-07-17T18:15:00,multi_hazard,midvalley_02,Bridge Market Colony,33.36,75.71,midvalley,18,2200,63.98,4.44,0.9471,6.1,0.56,2500,300,0.14,0.2
2025-07-17T18:15:00,multi_hazard,midvalley_03,River Bend Settlement,33.37,75.66,midvalley,25,2300,58.79,4.71,0.9114,7.3,0.22,900,200,0.11,0.19
2025-07-17T18:15:00,multi_hazard,midvalley_04,Pilgrim Rest Camp,33.35,75.73,midvalley,15,2100,65.33,4.37,0.9923,3.8,0.52,600,2000,0.06,0.1
2025-07-17T18:15:00,multi_hazard,downstream_01,Riverside Colony,33.31,75.77,downstream,10,1800,46.43,3.91,0.965,8.0,0.92,4200,400,0.15,0.25
2025-07-17T18:15:00,multi_hazard,downstream_02,Lower Falls Township,33.3,75.8,downstream,8,1700,43.91,3.96,0.9209,6.5,1.15,5500,250,0.16,0.24
2025-07-17T18:15:00,multi_hazard,downstream_03,Delta Market Village,33.29,75.75,downstream,12,1850,40.83,3.93,0.921,5.0,0.63,3000,150,0.13,0.21
2025-07-17T18:15:00,multi_hazard,downstream_04,Flood Plain Hamlet,33.28,75.82,downstream,5,1600,41.63,3.81,0.9102,9.2,0.46,2200,100,0.18,0.23
2025-07-17T18:30:00,multi_hazard,upstream_01,Glacier View Station,33.45,75.6,upstream,38,3200,67.61,5.46,0.9047,2.1,0.05,200,50,0.08,0.15
2025-07-17T18:30:00,multi_hazard,upstream_02,Pine Ridge Outpost,33.43,75.63,upstream,35,3050,71.49,5.43,0.8763,3.0,0.09,350,100,0.1,0.18
2025-07-17T18:30:00,multi_hazard,upstream_03,Eagle Cliff Village,33.41,75.58,upstream,42,3400,65.44,5.62,0.8415,4.5,0.03,120,30,0.12,0.2
2025-07-17T18:30:00,multi_hazard,upstream_04,Snowmelt Creek Base,33.44,75.65,upstream,30,2900,64.17,5.06,0.9114,1.8,0.072,280,80,0.09,0.16
2025-07-17T18:30:00,multi_hazard,midvalley_01,Valley Temple Town,33.38,75.68,midvalley,22,2400,55.8,4.7,0.8888,5.2,0.46,1800,500,0.12,0.22
2025-07-17T18:30:00,multi_hazard,midvalley_02,Bridge Market Colony,33.36,75.71,midvalley,18,2200,56.16,4.57,0.9567,6.1,0.56,2500,300,0.14,0.2
2025-07-17T18:30:00,multi_hazard,midvalley_03,River Bend Settlement,33.37,75.66,midvalley,25,2300,52.38,4.63,0.9106,7.3,0.22,900,200,0.11,0.19
2025-07-17T18:30:00,multi_hazard,midvalley_04,Pilgrim Rest Camp,33.35,75.73,midvalley,15,2100,52.51,4.44,0.9207,3.8,0.52,600,2000,0.06,0.1
2025-07-17T18:30:00,multi_hazard,downstream_01,Riverside Colony,33.31,75.77,downstream,10,1800,42.16,4.2,0.9296,8.0,0.92,4200,400,0.15,0.25
2025-07-17T18:30:00,multi_hazard,downstream_02,Lower Falls Township,33.3,75.8,downstream,8,1700,38.24,4.12,0.9376,6.5,1.15,5500,250,0.16,0.24
2025-07-17T18:30:00,multi_hazard,downstream_03,Delta Market Village,33.29,75.75,downstream,12,1850,40.76,4.17,0.9095,5.0,0.63,3000,150,0.13,0.21
2025-07-17T18:30:00,multi_hazard,downstream_04,Flood Plain Hamlet,33.28,75.82,downstream,5,1600,38.78,4.03,0.9148,9.2,0.46,2200,100,0.18,0.23
2025-07-17T18:45:00,multi_hazard,upstream_01,Glacier View Station,33.45,75.6,upstream,38,3200,74.97,5.9,0.902,2.1,0.05,200,50,0.08,0.15
2025-07-17T18:45:00,multi_hazard,upstream_02,Pine Ridge Outpost,33.43,75.63,upstream,35,3050,73.95,5.7,0.9008,3.0,0.09,350,100,0.1,0.18
2025-07-17T18:45:00,multi_hazard,upstream_03,Eagle Cliff Village,33.41,75.58,upstream,42,3400,75.26,5.94,0.8455,4.5,0.03,120,30,0.12,0.2
2025-07-17T18:45:00,multi_hazard,upstream_04,Snowmelt Creek Base,33.44,75.65,upstream,30,2900,72.42,5.51,0.9407,1.8,0.072,280,80,0.09,0.16
2025-07-17T18:45:00,multi_hazard,midvalley_01,Valley Temple Town,33.38,75.68,midvalley,22,2400,61.71,4.81,0.8908,5.2,0.46,1800,500,0.12,0.22
2025-07-17T18:45:00,multi_hazard,midvalley_02,Bridge Market Colony,33.36,75.71,midvalley,18,2200,61.03,4.78,0.9483,6.1,0.56,2500,300,0.14,0.2
2025-07-17T18:45:00,multi_hazard,midvalley_03,River Bend Settlement,33.37,75.66,midvalley,25,2300,60.57,4.86,0.9526,7.3,0.22,900,200,0.11,0.19
2025-07-17T18:45:00,multi_hazard,midvalley_04,Pilgrim Rest Camp,33.35,75.73,midvalley,15,2100,62.11,4.74,0.9931,3.8,0.52,600,2000,0.06,0.1
2025-07-17T18:45:00,multi_hazard,downstream_01,Riverside Colony,33.31,75.77,downstream,10,1800,44.63,4.16,0.9677,8.0,0.92,4200,400,0.15,0.25
2025-07-17T18:45:00,multi_hazard,downstream_02,Lower Falls Township,33.3,75.8,downstream,8,1700,40.85,4.13,0.9071,6.5,1.15,5500,250,0.16,0.24
2025-07-17T18:45:00,multi_hazard,downstream_03,Delta Market Village,33.29,75.75,downstream,12,1850,41.5,4.22,0.953,5.0,0.63,3000,150,0.13,0.21
2025-07-17T18:45:00,multi_hazard,downstream_04,Flood Plain Hamlet,33.28,75.82,downstream,5,1600,41.0,4.19,0.9394,9.2,0.46,2200,100,0.18,0.23
2025-07-17T19:00:00,multi_hazard,upstream_01,Glacier View Station,33.45,75.6,upstream,38,3200,76.07,6.07,0.9146,2.1,0.05,200,50,0.08,0.15
2025-07-17T19:00:00,multi_hazard,upstream_02,Pine Ridge Outpost,33.43,75.63,upstream,35,3050,76.85,5.97,0.9432,3.0,0.09,350,100,0.1,0.18
2025-07-17T19:00:00,multi_hazard,upstream_03,Eagle Cliff Village,33.41,75.58,upstream,42,3400,73.85,6.08,0.8727,4.5,0.03,120,30,0.12,0.2
2025-07-17T19:00:00,multi_hazard,upstream_04,Snowmelt Creek Base,33.44,75.65,upstream,30,2900,76.23,5.68,0.9609,1.8,0.072,280,80,0.09,0.16
2025-07-17T19:00:00,multi_hazard,midvalley_01,Valley Temple Town,33.38,75.68,midvalley,22,2400,63.8,5.07,0.944,5.2,0.46,1800,500,0.12,0.22
2025-07-17T19:00:00,multi_hazard,midvalley_02,Bridge Market Colony,33.36,75.71,midvalley,18,2200,65.1,5.05,0.9812,6.1,0.56,2500,300,0.14,0.2
2025-07-17T19:00:00,multi_hazard,midvalley_03,River Bend Settlement,33.37,75.66,midvalley,25,2300,68.17,5.1,0.9138,7.3,0.22,900,200,0.11,0.19
2025-07-17T19:00:00,multi_hazard,midvalley_04,Pilgrim Rest Camp,33.35,75.73,midvalley,15,2100,69.55,4.95,0.9961,3.8,0.52,600,2000,0.06,0.1
2025-07-17T19:00:00,multi_hazard,downstream_01,Riverside Colony,33.31,75.77,downstream,10,1800,44.43,4.64,0.9525,8.0,0.92,4200,400,0.15,0.25
2025-07-17T19:00:00,multi_hazard,downstream_02,Lower Falls Township,33.3,75.8,downstream,8,1700,45.11,4.63,0.9791,6.5,1.15,5500,250,0.16,0.24
2025-07-17T19:00:00,multi_hazard,downstream_03,Delta Market Village,33.29,75.75,downstream,12,1850,46.8,4.74,0.9572,5.0,0.63,3000,150,0.13,0.21
2025-07-17T19:00:00,multi_hazard,downstream_04,Flood Plain Hamlet,33.28,75.82,downstream,5,1600,47.04,4.57,0.9754,9.2,0.46,2200,100,0.18,0.23
2025-07-17T19:15:00,multi_hazard,upstream_01,Glacier View Station,33.45,75.6,upstream,38,3200,82.48,6.26,0.8996,2.1,0.05,200,50,0.08,0.15
2025-07-17T19:15:00,multi_hazard,upstream_02,Pine Ridge Outpost,33.43,75.63,upstream,35,3050,86.31,6.36,1.0,3.0,0.09,350,100,0.1,0.18
2025-07-17T19:15:00,multi_hazard,upstream_03,Eagle Cliff Village,33.41,75.58,upstream,42,3400,79.37,6.27,0.889,4.5,0.03,120,30,0.12,0.2
2025-07-17T19:15:00,multi_hazard,upstream_04,Snowmelt Creek Base,33.44,75.65,upstream,30,2900,79.59,6.04,1.0,1.8,0.072,280,80,0.09,0.16
2025-07-17T19:15:00,multi_hazard,midvalley_01,Valley Temple Town,33.38,75.68,midvalley,22,2400,66.85,4.89,0.973,5.2,0.46,1800,500,0.12,0.22
2025-07-17T19:15:00,multi_hazard,midvalley_02,Bridge Market Colony,33.36,75.71,midvalley,18,2200,69.06,4.91,1.0,6.1,0.56,2500,300,0.14,0.2
2025-07-17T19:15:00,multi_hazard,midvalley_03,River Bend Settlement,33.37,75.66,midvalley,25,2300,70.71,5.1,0.9659,7.3,0.22,900,200,0.11,0.19
2025-07-17T19:15:00,multi_hazard,midvalley_04,Pilgrim Rest Camp,33.35,75.73,midvalley,15,2100,70.38,4.78,1.0,3.8,0.52,600,2000,0.06,0.1
2025-07-17T19:15:00,multi_hazard,downstream_01,Riverside Colony,33.31,75.77,downstream,10,1800,49.0,4.65,0.9854,8.0,0.92,4200,400,0.15,0.25
2025-07-17T19:15:00,multi_hazard,downstream_02,Lower Falls Township,33.3,75.8,downstream,8,1700,46.81,4.58,0.9631,6.5,1.15,5500,250,0.16,0.24
2025-07-17T19:15:00,multi_hazard,downstream_03,Delta Market Village,33.29,75.75,downstream,12,1850,47.99,4.7,0.9595,5.0,0.63,3000,150,0.13,0.21
2025-07-17T19:15:00,multi_hazard,downstream_04,Flood Plain Hamlet,33.28,75.82,downstream,5,1600,46.97,4.62,1.0,9.2,0.46,2200,100,0.18,0.23
2025-07-17T19:30:00,multi_hazard,upstream_01,Glacier View Station,33.45,75.6,upstream,38,3200,81.71,6.39,0.9277,2.1,0.05,200,50,0.08,0.15
2025-07-17T19:30:00,multi_hazard,upstream_02,Pine Ridge Outpost,33.43,75.63,upstream,35,3050,84.24,6.43,0.9898,3.0,0.09,350,100,0.1,0.18
2025-07-17T19:30:00,multi_hazard,upstream_03,Eagle Cliff Village,33.41,75.58,upstream,42,3400,83.73,6.65,0.9412,4.5,0.03,120,30,0.12,0.2
2025-07-17T19:30:00,multi_hazard,upstream_04,Snowmelt Creek Base,33.44,75.65,upstream,30,2900,82.35,6.14,0.98,1.8,0.072,280,80,0.09,0.16
2025-07-17T19:30:00,multi_hazard,midvalley_01,Valley Temple Town,33.38,75.68,midvalley,22,2400,68.65,5.23,0.9999,5.2,0.46,1800,500,0.12,0.22
2025-07-17T19:30:00,multi_hazard,midvalley_02,Bridge Market Colony,33.36,75.71,midvalley,18,2200,72.43,5.15,0.9944,6.1,0.56,2500,300,0.14,0.2
2025-07-17T19:30:00,multi_hazard,midvalley_03,River Bend Settlement,33.37,75.66,midvalley,25,2300,68.13,5.26,0.9708,7.3,0.22,900,200,0.11,0.19
2025-07-17T19:30:00,multi_hazard,midvalley_04,Pilgrim Rest Camp,33.35,75.73,midvalley,15,2100,70.26,5.07,1.0,3.8,0.52,600,2000,0.06,0.1
2025-07-17T19:30:00,multi_hazard,downstream_01,Riverside Colony,33.31,75.77,downstream,10,1800,48.09,4.89,0.9791,8.0,0.92,4200,400,0.15,0.25
2025-07-17T19:30:00,multi_hazard,downstream_02,Lower Falls Township,33.3,75.8,downstream,8,1700,48.62,4.88,0.957,6.5,1.15,5500,250,0.16,0.24
2025-07-17T19:30:00,multi_hazard,downstream_03,Delta Market Village,33.29,75.75,downstream,12,1850,52.6,4.93,0.9987,5.0,0.63,3000,150,0.13,0.21
2025-07-17T19:30:00,multi_hazard,downstream_04,Flood Plain Hamlet,33.28,75.82,downstream,5,1600,47.43,4.74,1.0,9.2,0.46,2200,100,0.18,0.23
2025-07-17T19:45:00,multi_hazard,upstream_01,Glacier View Station,33.45,75.6,upstream,38,3200,87.82,6.82,1.0,2.1,0.05,200,50,0.08,0.15
2025-07-17T19:45:00,multi_hazard,upstream_02,Pine Ridge Outpost,33.43,75.63,upstream,35,3050,87.51,6.61,0.9859,3.0,0.09,350,100,0.1,0.18
2025-07-17T19:45:00,multi_hazard,upstream_03,Eagle Cliff Village,33.41,75.58,upstream,42,3400,88.15,6.85,0.9355,4.5,0.03,120,30,0.12,0.2
2025-07-17T19:45:00,multi_hazard,upstream_04,Snowmelt Creek Base,33.44,75.65,upstream,30,2900,90.67,6.58,1.0,1.8,0.072,280,80,0.09,0.16
2025-07-17T19:45:00,multi_hazard,midvalley_01,Valley Temple Town,33.38,75.68,midvalley,22,2400,73.34,5.43,1.0,5.2,0.46,1800,500,0.12,0.22
2025-07-17T19:45:00,multi_hazard,midvalley_02,Bridge Market Colony,33.36,75.71,midvalley,18,2200,75.2,5.3,1.0,6.1,0.56,2500,300,0.14,0.2
2025-07-17T19:45:00,multi_hazard,midvalley_03,River Bend Settlement,33.37,75.66,midvalley,25,2300,73.16,5.45,0.9932,7.3,0.22,900,200,0.11,0.19
2025-07-17T19:45:00,multi_hazard,midvalley_04,Pilgrim Rest Camp,33.35,75.73,midvalley,15,2100,74.88,5.19,1.0,3.8,0.52,600,2000,0.06,0.1
2025-07-17T19:45:00,multi_hazard,downstream_01,Riverside Colony,33.31,75.77,downstream,10,1800,49.14,5.06,0.982,8.0,0.92,4200,400,0.15,0.25
2025-07-17T19:45:00,multi_hazard,downstream_02,Lower Falls Township,33.3,75.8,downstream,8,1700,50.24,4.92,1.0,6.5,1.15,5500,250,0.16,0.24
2025-07-17T19:45:00,multi_hazard,downstream_03,Delta Market Village,33.29,75.75,downstream,12,1850,55.39,5.14,1.0,5.0,0.63,3000,150,0.13,0.21
2025-07-17T19:45:00,multi_hazard,downstream_04,Flood Plain Hamlet,33.28,75.82,downstream,5,1600,52.42,4.89,1.0,9.2,0.46,2200,100,0.18,0.23
